Date,total_consumption_ev
2025-05-06 00:00:00,0.005
2025-05-06 01:00:00,0.006
2025-05-06 02:00:00,0.006
2025-05-06 03:00:00,0.006
2025-05-06 04:00:00,0.006
2025-05-06 05:00:00,0.006
2025-05-06 06:00:00,0.006
2025-05-06 07:00:00,3.147
2025-05-06 08:00:00,55.231
2025-05-06 09:00:00,90.526
2025-05-06 10:00:00,62.870000000000005
2025-05-06 11:00:00,42.927
2025-05-06 12:00:00,27.107
2025-05-06 13:00:00,9.234
2025-05-06 14:00:00,4.16
2025-05-06 15:00:00,0.007
2025-05-06 16:00:00,3.0620000000000003
2025-05-06 17:00:00,11.969000000000001
2025-05-06 18:00:00,8.851
2025-05-06 19:00:00,0.006
2025-05-06 20:00:00,0.006
2025-05-06 21:00:00,0.006
2025-05-06 22:00:00,0.006
2025-05-06 23:00:00,0.006
2025-05-07 00:00:00,0.006
2025-05-07 01:00:00,0.006
2025-05-07 02:00:00,0.006
2025-05-07 03:00:00,0.005
2025-05-07 04:00:00,0.006
2025-05-07 05:00:00,0.006
2025-05-07 06:00:00,0.006
2025-05-07 07:00:00,13.856000000000003
2025-05-07 08:00:00,69.41100000000002
2025-05-07 09:00:00,94.59200000000001
2025-05-07 10:00:00,94.057
2025-05-07 11:00:00,81.671
2025-05-07 12:00:00,53.480000000000004
2025-05-07 13:00:00,40.27000000000001
2025-05-07 14:00:00,22.972
2025-05-07 15:00:00,18.838
2025-05-07 16:00:00,12.435
2025-05-07 17:00:00,0.027000000000000003
2025-05-07 18:00:00,0.006
2025-05-07 19:00:00,0.006
2025-05-07 20:00:00,0.006
2025-05-07 21:00:00,0.006
2025-05-07 22:00:00,0.005
2025-05-07 23:00:00,0.006
2025-05-08 00:00:00,0.006
2025-05-08 01:00:00,0.006
2025-05-08 02:00:00,0.006
2025-05-08 03:00:00,0.006
2025-05-08 04:00:00,0.006
2025-05-08 05:00:00,0.006
2025-05-08 06:00:00,0.005
2025-05-08 07:00:00,8.139
2025-05-08 08:00:00,72.43900000000001
2025-05-08 09:00:00,94.51199999999999
2025-05-08 10:00:00,85.96400000000001
2025-05-08 11:00:00,60.25800000000001
2025-05-08 12:00:00,36.755
2025-05-08 13:00:00,23.665000000000003
2025-05-08 14:00:00,11.972000000000001
2025-05-08 15:00:00,23.582
2025-05-08 16:00:00,22.625
2025-05-08 17:00:00,2.2589999999999995
2025-05-08 18:00:00,0.005
2025-05-08 19:00:00,0.008
2025-05-08 20:00:00,0.006
2025-05-08 21:00:00,0.006
2025-05-08 22:00:00,0.006
2025-05-08 23:00:00,0.006
2025-05-09 00:00:00,0.006
2025-05-09 01:00:00,0.006
2025-05-09 02:00:00,0.006
2025-05-09 03:00:00,0.006
2025-05-09 04:00:00,0.006
2025-05-09 05:00:00,0.005
2025-05-09 06:00:00,3.8029999999999995
2025-05-09 07:00:00,24.278
2025-05-09 08:00:00,87.82999999999998
2025-05-09 09:00:00,96.19400000000002
2025-05-09 10:00:00,94.465
2025-05-09 11:00:00,74.71199999999999
2025-05-09 12:00:00,44.580999999999996
2025-05-09 13:00:00,10.479000000000001
2025-05-09 14:00:00,7.5520000000000005
2025-05-09 15:00:00,9.229000000000001
2025-05-09 16:00:00,11.383000000000001
2025-05-09 17:00:00,5.462000000000001
2025-05-09 18:00:00,0.006
2025-05-09 19:00:00,0.006
2025-05-09 20:00:00,0.006
2025-05-09 21:00:00,0.006
2025-05-09 22:00:00,0.006
2025-05-09 23:00:00,0.006
2025-05-10 00:00:00,0.006
2025-05-10 01:00:00,0.006
2025-05-10 02:00:00,0.006
2025-05-10 03:00:00,0.006
2025-05-10 04:00:00,0.005
2025-05-10 05:00:00,0.006
2025-05-10 06:00:00,0.006
2025-05-10 07:00:00,0.006
2025-05-10 08:00:00,0.006
2025-05-10 09:00:00,0.007
2025-05-10 10:00:00,0.006
2025-05-10 11:00:00,0.006
2025-05-10 12:00:00,0.006
2025-05-10 13:00:00,0.006
2025-05-10 14:00:00,0.006
2025-05-10 15:00:00,0.006
2025-05-10 16:00:00,0.006
2025-05-10 17:00:00,0.006
2025-05-10 18:00:00,0.006
2025-05-10 19:00:00,0.006
2025-05-10 20:00:00,0.006
2025-05-10 21:00:00,0.006
2025-05-10 22:00:00,0.006
2025-05-10 23:00:00,0.006
2025-05-11 00:00:00,0.006
2025-05-11 01:00:00,0.006
2025-05-11 02:00:00,0.006
2025-05-11 03:00:00,0.006
2025-05-11 04:00:00,0.006
2025-05-11 05:00:00,0.006
2025-05-11 06:00:00,0.006
2025-05-11 07:00:00,0.006
2025-05-11 08:00:00,0.006
2025-05-11 09:00:00,0.006
2025-05-11 10:00:00,0.006
2025-05-11 11:00:00,0.006
2025-05-11 12:00:00,0.006
2025-05-11 13:00:00,0.006
2025-05-11 14:00:00,0.006
2025-05-11 15:00:00,0.007
2025-05-11 16:00:00,0.006
2025-05-11 17:00:00,0.006
2025-05-11 18:00:00,0.006
2025-05-11 19:00:00,0.006
2025-05-11 20:00:00,0.006
2025-05-11 21:00:00,0.006
2025-05-11 22:00:00,0.006
2025-05-11 23:00:00,0.006
2025-05-12 00:00:00,0.006
2025-05-12 01:00:00,0.006
2025-05-12 02:00:00,0.006
2025-05-12 03:00:00,0.006
2025-05-12 04:00:00,0.006
2025-05-12 05:00:00,0.006
2025-05-12 06:00:00,1.213
2025-05-12 07:00:00,13.644
2025-05-12 08:00:00,58.14099999999999
2025-05-12 09:00:00,94.43
2025-05-12 10:00:00,95.254
2025-05-12 11:00:00,66.329
2025-05-12 12:00:00,40.407
2025-05-12 13:00:00,11.679
2025-05-12 14:00:00,10.364
2025-05-12 15:00:00,7.753
2025-05-12 16:00:00,0.005
2025-05-12 17:00:00,0.006
2025-05-12 18:00:00,0.006
2025-05-12 19:00:00,0.006
2025-05-12 20:00:00,0.006
2025-05-12 21:00:00,0.006
2025-05-12 22:00:00,0.006
2025-05-12 23:00:00,0.006
2025-05-13 00:00:00,0.006
2025-05-13 01:00:00,0.006
2025-05-13 02:00:00,0.006
2025-05-13 03:00:00,0.006
2025-05-13 04:00:00,0.006
2025-05-13 05:00:00,0.006
2025-05-13 06:00:00,0.006
2025-05-13 07:00:00,7.043000000000001
2025-05-13 08:00:00,61.937000000000005
2025-05-13 09:00:00,96.968
2025-05-13 10:00:00,95.03699999999999
2025-05-13 11:00:00,70.501
2025-05-13 12:00:00,39.408
2025-05-13 13:00:00,24.520000000000003
2025-05-13 14:00:00,14.951000000000002
2025-05-13 15:00:00,4.518000000000001
2025-05-13 16:00:00,3.6470000000000002
2025-05-13 17:00:00,5.679
2025-05-13 18:00:00,1.4680000000000002
2025-05-13 19:00:00,0.006
2025-05-13 20:00:00,0.006
2025-05-13 21:00:00,0.006
2025-05-13 22:00:00,0.006
2025-05-13 23:00:00,0.006
2025-05-14 00:00:00,0.006
2025-05-14 01:00:00,0.006
2025-05-14 02:00:00,0.006
2025-05-14 03:00:00,0.005
2025-05-14 04:00:00,0.006
2025-05-14 05:00:00,0.006
2025-05-14 06:00:00,0.006
2025-05-14 07:00:00,16.715
2025-05-14 08:00:00,58.635999999999996
2025-05-14 09:00:00,93.78800000000001
2025-05-14 10:00:00,80.769
2025-05-14 11:00:00,39.622
2025-05-14 12:00:00,32.936
2025-05-14 13:00:00,25.423
2025-05-14 14:00:00,10.030999999999999
2025-05-14 15:00:00,0.006
2025-05-14 16:00:00,0.006
2025-05-14 17:00:00,0.6080000000000001
2025-05-14 18:00:00,0.006
2025-05-14 19:00:00,0.006
2025-05-14 20:00:00,0.006
2025-05-14 21:00:00,0.005
2025-05-14 22:00:00,0.006
2025-05-14 23:00:00,0.006
2025-05-15 00:00:00,0.006
2025-05-15 01:00:00,0.006
2025-05-15 02:00:00,0.005
2025-05-15 03:00:00,0.006
2025-05-15 04:00:00,0.006
2025-05-15 05:00:00,0.006
2025-05-15 06:00:00,0.006
2025-05-15 07:00:00,10.217
2025-05-15 08:00:00,57.066
2025-05-15 09:00:00,63.31100000000001
2025-05-15 10:00:00,40.248
2025-05-15 11:00:00,21.714
2025-05-15 12:00:00,6.3950000000000005
2025-05-15 13:00:00,0.006
2025-05-15 14:00:00,0.09000000000000001
2025-05-15 15:00:00,2.192
2025-05-15 16:00:00,0.5780000000000001
2025-05-15 17:00:00,0.006
2025-05-15 18:00:00,0.006
2025-05-15 19:00:00,0.006
2025-05-15 20:00:00,0.006
2025-05-15 21:00:00,0.006
2025-05-15 22:00:00,0.006
2025-05-15 23:00:00,0.006
2025-05-16 00:00:00,0.005
2025-05-16 01:00:00,0.006
2025-05-16 02:00:00,0.006
2025-05-16 03:00:00,0.006
2025-05-16 04:00:00,0.006
2025-05-16 05:00:00,0.006
2025-05-16 06:00:00,0.006
2025-05-16 07:00:00,8.621
2025-05-16 08:00:00,50.07000000000001
2025-05-16 09:00:00,96.59799999999998
2025-05-16 10:00:00,52.0
2025-05-16 11:00:00,34.715999999999994
2025-05-16 12:00:00,21.347
2025-05-16 13:00:00,11.621
2025-05-16 14:00:00,9.18
2025-05-16 15:00:00,13.716
2025-05-16 16:00:00,8.309000000000001
2025-05-16 17:00:00,0.274
2025-05-16 18:00:00,0.006
2025-05-16 19:00:00,0.006
2025-05-16 20:00:00,0.006
2025-05-16 21:00:00,0.006
2025-05-16 22:00:00,0.006
2025-05-16 23:00:00,0.006
2025-05-17 00:00:00,0.006
2025-05-17 01:00:00,0.006
2025-05-17 02:00:00,0.006
2025-05-17 03:00:00,0.006
2025-05-17 04:00:00,0.006
2025-05-17 05:00:00,0.006
2025-05-17 06:00:00,0.006
2025-05-17 07:00:00,0.006
2025-05-17 08:00:00,0.006
2025-05-17 09:00:00,0.006
2025-05-17 10:00:00,0.006
2025-05-17 11:00:00,0.006
2025-05-17 12:00:00,0.006
2025-05-17 13:00:00,0.006
2025-05-17 14:00:00,0.006
2025-05-17 15:00:00,0.006
2025-05-17 16:00:00,0.006
2025-05-17 17:00:00,0.006
2025-05-17 18:00:00,0.006
2025-05-17 19:00:00,0.006
2025-05-17 20:00:00,0.006
2025-05-17 21:00:00,0.006
2025-05-17 22:00:00,0.006
2025-05-17 23:00:00,0.006
2025-05-18 00:00:00,0.006
2025-05-18 01:00:00,0.006
2025-05-18 02:00:00,0.006
2025-05-18 03:00:00,0.006
2025-05-18 04:00:00,0.006
2025-05-18 05:00:00,0.006
2025-05-18 06:00:00,0.006
2025-05-18 07:00:00,0.006
2025-05-18 08:00:00,0.006
2025-05-18 09:00:00,0.006
2025-05-18 10:00:00,0.006
2025-05-18 11:00:00,0.006
2025-05-18 12:00:00,0.006
2025-05-18 13:00:00,0.006
2025-05-18 14:00:00,0.006
2025-05-18 15:00:00,0.006
2025-05-18 16:00:00,0.006
2025-05-18 17:00:00,0.006
2025-05-18 18:00:00,0.006
2025-05-18 19:00:00,0.006
2025-05-18 20:00:00,0.006
2025-05-18 21:00:00,0.006
2025-05-18 22:00:00,0.006
2025-05-18 23:00:00,0.006
2025-05-19 00:00:00,0.006
2025-05-19 01:00:00,0.006
2025-05-19 02:00:00,0.006
2025-05-19 03:00:00,0.006
2025-05-19 04:00:00,0.006
2025-05-19 05:00:00,0.005
2025-05-19 06:00:00,0.006
2025-05-19 07:00:00,0.006
2025-05-19 08:00:00,63.638000000000005
2025-05-19 09:00:00,88.35499999999999
2025-05-19 10:00:00,78.89399999999999
2025-05-19 11:00:00,77.668
2025-05-19 12:00:00,22.769000000000002
2025-05-19 13:00:00,21.492
2025-05-19 14:00:00,13.175
2025-05-19 15:00:00,9.273
2025-05-19 16:00:00,11.392
2025-05-19 17:00:00,3.2249999999999996
2025-05-19 18:00:00,0.014
2025-05-19 19:00:00,0.006
2025-05-19 20:00:00,0.006
2025-05-19 21:00:00,0.006
2025-05-19 22:00:00,0.006
2025-05-19 23:00:00,0.006
2025-05-20 00:00:00,0.006
2025-05-20 01:00:00,0.006
2025-05-20 02:00:00,0.006
2025-05-20 03:00:00,0.006
2025-05-20 04:00:00,0.006
2025-05-20 05:00:00,0.006
2025-05-20 06:00:00,0.006
2025-05-20 07:00:00,8.734000000000002
2025-05-20 08:00:00,76.971
2025-05-20 09:00:00,135.083
2025-05-20 10:00:00,124.272
2025-05-20 11:00:00,101.096
2025-05-20 12:00:00,75.211
2025-05-20 13:00:00,66.467
2025-05-20 14:00:00,21.416
2025-05-20 15:00:00,2.403
2025-05-20 16:00:00,0.6880000000000001
2025-05-20 17:00:00,0.738
2025-05-20 18:00:00,0.006
2025-05-20 19:00:00,0.006
2025-05-20 20:00:00,0.006
2025-05-20 21:00:00,0.006
2025-05-20 22:00:00,0.006
2025-05-20 23:00:00,0.006
2025-05-21 00:00:00,0.006
2025-05-21 01:00:00,0.006
2025-05-21 02:00:00,0.006
2025-05-21 03:00:00,0.006
2025-05-21 04:00:00,0.005
2025-05-21 05:00:00,0.006
2025-05-21 06:00:00,0.006
2025-05-21 07:00:00,8.317
2025-05-21 08:00:00,48.623999999999995
2025-05-21 09:00:00,74.84800000000001
2025-05-21 10:00:00,85.959
2025-05-21 11:00:00,70.69999999999999
2025-05-21 12:00:00,33.457
2025-05-21 13:00:00,22.829
2025-05-21 14:00:00,5.498
2025-05-21 15:00:00,0.006
2025-05-21 16:00:00,0.006
2025-05-21 17:00:00,0.42600000000000005
2025-05-21 18:00:00,0.006
2025-05-21 19:00:00,0.006
2025-05-21 20:00:00,0.006
2025-05-21 21:00:00,0.006
2025-05-21 22:00:00,0.006
2025-05-21 23:00:00,0.006
2025-05-22 00:00:00,0.006
2025-05-22 01:00:00,0.005
2025-05-22 02:00:00,0.006
2025-05-22 03:00:00,0.006
2025-05-22 04:00:00,0.006
2025-05-22 05:00:00,0.006
2025-05-22 06:00:00,0.006
2025-05-22 07:00:00,7.739000000000001
2025-05-22 08:00:00,23.543
2025-05-22 09:00:00,57.053999999999995
2025-05-22 10:00:00,50.193000000000005
2025-05-22 11:00:00,14.814
2025-05-22 12:00:00,0.036
2025-05-22 13:00:00,0.619
2025-05-22 14:00:00,2.432
2025-05-22 15:00:00,4.117000000000001
2025-05-22 16:00:00,11.152000000000001
2025-05-22 17:00:00,8.752
2025-05-22 18:00:00,0.006
2025-05-22 19:00:00,0.006
2025-05-22 20:00:00,0.006
2025-05-22 21:00:00,0.006
2025-05-22 22:00:00,0.006
2025-05-22 23:00:00,0.006
2025-05-23 00:00:00,0.006
2025-05-23 01:00:00,0.006
2025-05-23 02:00:00,0.006
2025-05-23 03:00:00,0.006
2025-05-23 04:00:00,0.006
2025-05-23 05:00:00,0.006
2025-05-23 06:00:00,6.252000000000001
2025-05-23 07:00:00,42.877
2025-05-23 08:00:00,94.491
2025-05-23 09:00:00,113.59899999999999
2025-05-23 10:00:00,104.27199999999999
2025-05-23 11:00:00,80.32999999999998
2025-05-23 12:00:00,60.149
2025-05-23 13:00:00,30.011000000000003
2025-05-23 14:00:00,18.057000000000002
2025-05-23 15:00:00,12.64
2025-05-23 16:00:00,2.014
2025-05-23 17:00:00,0.74
2025-05-23 18:00:00,0.136
2025-05-23 19:00:00,0.006
2025-05-23 20:00:00,0.006
2025-05-23 21:00:00,0.006
2025-05-23 22:00:00,0.006
2025-05-23 23:00:00,0.006
2025-05-24 00:00:00,0.006
2025-05-24 01:00:00,0.006
2025-05-24 02:00:00,0.006
2025-05-24 03:00:00,0.005
2025-05-24 04:00:00,0.006
2025-05-24 05:00:00,0.006
2025-05-24 06:00:00,0.006
2025-05-24 07:00:00,0.006
2025-05-24 08:00:00,0.005
2025-05-24 09:00:00,0.006
2025-05-24 10:00:00,0.006
2025-05-24 11:00:00,0.006
2025-05-24 12:00:00,0.006
2025-05-24 13:00:00,0.006
2025-05-24 14:00:00,0.006
2025-05-24 15:00:00,0.006
2025-05-24 16:00:00,0.006
2025-05-24 17:00:00,0.006
2025-05-24 18:00:00,0.006
2025-05-24 19:00:00,0.006
2025-05-24 20:00:00,0.006
2025-05-24 21:00:00,0.006
2025-05-24 22:00:00,0.006
2025-05-24 23:00:00,0.006
2025-05-25 00:00:00,0.006
2025-05-25 01:00:00,0.005
2025-05-25 02:00:00,0.006
2025-05-25 03:00:00,0.006
2025-05-25 04:00:00,0.006
2025-05-25 05:00:00,0.005
2025-05-25 06:00:00,0.006
2025-05-25 07:00:00,0.006
2025-05-25 08:00:00,0.006
2025-05-25 09:00:00,0.006
2025-05-25 10:00:00,0.006
2025-05-25 11:00:00,0.006
2025-05-25 12:00:00,0.006
2025-05-25 13:00:00,0.006
2025-05-25 14:00:00,0.006
2025-05-25 15:00:00,0.006
2025-05-25 16:00:00,0.006
2025-05-25 17:00:00,0.006
2025-05-25 18:00:00,0.006
2025-05-25 19:00:00,0.006
2025-05-25 20:00:00,0.006
2025-05-25 21:00:00,0.006
2025-05-25 22:00:00,0.006
2025-05-25 23:00:00,0.006
2025-05-26 00:00:00,0.006
2025-05-26 01:00:00,0.005
2025-05-26 02:00:00,0.006
2025-05-26 03:00:00,0.006
2025-05-26 04:00:00,0.006
2025-05-26 05:00:00,0.005
2025-05-26 06:00:00,1.55
2025-05-26 07:00:00,25.952
2025-05-26 08:00:00,91.03399999999998
2025-05-26 09:00:00,125.693
2025-05-26 10:00:00,126.484
2025-05-26 11:00:00,85.05000000000001
2025-05-26 12:00:00,52.341
2025-05-26 13:00:00,12.167
2025-05-26 14:00:00,4.2010000000000005
2025-05-26 15:00:00,3.6599999999999997
2025-05-26 16:00:00,0.9620000000000001
2025-05-26 17:00:00,0.501
2025-05-26 18:00:00,0.006
2025-05-26 19:00:00,0.006
2025-05-26 20:00:00,0.006
2025-05-26 21:00:00,0.006
2025-05-26 22:00:00,0.006
2025-05-26 23:00:00,0.005
2025-05-27 00:00:00,0.006
2025-05-27 01:00:00,0.006
2025-05-27 02:00:00,0.006
2025-05-27 03:00:00,0.006
2025-05-27 04:00:00,0.006
2025-05-27 05:00:00,0.006
2025-05-27 06:00:00,0.006
2025-05-27 07:00:00,11.596000000000002
2025-05-27 08:00:00,33.401
2025-05-27 09:00:00,34.824000000000005
2025-05-27 10:00:00,60.95200000000001
2025-05-27 11:00:00,36.97
2025-05-27 12:00:00,43.278000000000006
2025-05-27 13:00:00,36.087999999999994
2025-05-27 14:00:00,23.576
2025-05-27 15:00:00,4.279
2025-05-27 16:00:00,0.006
2025-05-27 17:00:00,0.006
2025-05-27 18:00:00,0.006
2025-05-27 19:00:00,0.006
2025-05-27 20:00:00,0.006
2025-05-27 21:00:00,0.006
2025-05-27 22:00:00,0.006
2025-05-27 23:00:00,0.006
2025-05-28 00:00:00,0.006
2025-05-28 01:00:00,0.006
2025-05-28 02:00:00,0.006
2025-05-28 03:00:00,0.006
2025-05-28 04:00:00,0.006
2025-05-28 05:00:00,0.006
2025-05-28 06:00:00,0.006
2025-05-28 07:00:00,5.1
2025-05-28 08:00:00,63.095000000000006
2025-05-28 09:00:00,91.325
2025-05-28 10:00:00,65.512
2025-05-28 11:00:00,57.29700000000001
2025-05-28 12:00:00,47.489000000000004
2025-05-28 13:00:00,39.472
2025-05-28 14:00:00,15.041
2025-05-28 15:00:00,11.394
2025-05-28 16:00:00,9.227
2025-05-28 17:00:00,1.782
2025-05-28 18:00:00,0.008
2025-05-28 19:00:00,0.006
2025-05-28 20:00:00,0.006
2025-05-28 21:00:00,0.006
2025-05-28 22:00:00,0.006
2025-05-28 23:00:00,0.006
2025-05-29 00:00:00,0.006
2025-05-29 01:00:00,0.006
2025-05-29 02:00:00,0.006
2025-05-29 03:00:00,0.006
2025-05-29 04:00:00,0.006
2025-05-29 05:00:00,0.006
2025-05-29 06:00:00,0.006
2025-05-29 07:00:00,0.006
2025-05-29 08:00:00,0.006
2025-05-29 09:00:00,0.006
2025-05-29 10:00:00,0.006
2025-05-29 11:00:00,0.006
2025-05-29 12:00:00,0.006
2025-05-29 13:00:00,0.006
2025-05-29 14:00:00,0.006
2025-05-29 15:00:00,0.006
2025-05-29 16:00:00,0.006
2025-05-29 17:00:00,0.006
2025-05-29 18:00:00,0.006
2025-05-29 19:00:00,0.006
2025-05-29 20:00:00,0.006
2025-05-29 21:00:00,0.006
2025-05-29 22:00:00,0.006
2025-05-29 23:00:00,0.006
2025-05-30 00:00:00,0.006
2025-05-30 01:00:00,0.006
2025-05-30 02:00:00,0.006
2025-05-30 03:00:00,0.006
2025-05-30 04:00:00,0.006
2025-05-30 05:00:00,2.292
2025-05-30 06:00:00,20.214
2025-05-30 07:00:00,32.959999999999994
2025-05-30 08:00:00,47.251999999999995
2025-05-30 09:00:00,59.81600000000001
2025-05-30 10:00:00,42.515
2025-05-30 11:00:00,21.374000000000002
2025-05-30 12:00:00,10.686
2025-05-30 13:00:00,10.668000000000001
2025-05-30 14:00:00,10.595
2025-05-30 15:00:00,2.91
2025-05-30 16:00:00,0.007
2025-05-30 17:00:00,0.03
2025-05-30 18:00:00,0.006
2025-05-30 19:00:00,0.006
2025-05-30 20:00:00,0.006
2025-05-30 21:00:00,0.006
2025-05-30 22:00:00,0.006
2025-05-30 23:00:00,0.006
2025-05-31 00:00:00,0.006
2025-05-31 01:00:00,0.006
2025-05-31 02:00:00,0.006
2025-05-31 03:00:00,0.006
2025-05-31 04:00:00,0.006
2025-05-31 05:00:00,0.006
2025-05-31 06:00:00,0.006
2025-05-31 07:00:00,0.006
2025-05-31 08:00:00,0.006
2025-05-31 09:00:00,0.006
2025-05-31 10:00:00,0.006
2025-05-31 11:00:00,0.006
2025-05-31 12:00:00,0.006
2025-05-31 13:00:00,0.006
2025-05-31 14:00:00,0.008
2025-05-31 15:00:00,0.006
2025-05-31 16:00:00,0.006
2025-05-31 17:00:00,0.006
2025-05-31 18:00:00,0.006
2025-05-31 19:00:00,0.006
2025-05-31 20:00:00,0.006
2025-05-31 21:00:00,0.006
2025-05-31 22:00:00,0.006
2025-05-31 23:00:00,0.006
2025-06-01 00:00:00,0.006
2025-06-01 01:00:00,0.006
2025-06-01 02:00:00,0.006
2025-06-01 03:00:00,0.006
2025-06-01 04:00:00,0.006
2025-06-01 05:00:00,0.006
2025-06-01 06:00:00,0.006
2025-06-01 07:00:00,0.006
2025-06-01 08:00:00,0.006
2025-06-01 09:00:00,0.006
2025-06-01 10:00:00,0.006
2025-06-01 11:00:00,0.006
2025-06-01 12:00:00,0.006
2025-06-01 13:00:00,0.006
2025-06-01 14:00:00,0.006
2025-06-01 15:00:00,0.006
2025-06-01 16:00:00,0.006
2025-06-01 17:00:00,0.006
2025-06-01 18:00:00,0.006
2025-06-01 19:00:00,0.006
2025-06-01 20:00:00,0.006
2025-06-01 21:00:00,0.006
2025-06-01 22:00:00,0.006
2025-06-01 23:00:00,0.006
2025-06-02 00:00:00,0.006
2025-06-02 01:00:00,0.006
2025-06-02 02:00:00,0.006
2025-06-02 03:00:00,0.006
2025-06-02 04:00:00,0.006
2025-06-02 05:00:00,0.006
2025-06-02 06:00:00,0.006
2025-06-02 07:00:00,3.4409999999999994
2025-06-02 08:00:00,41.065
2025-06-02 09:00:00,78.06599999999999
2025-06-02 10:00:00,70.193
2025-06-02 11:00:00,61.431
2025-06-02 12:00:00,55.718
2025-06-02 13:00:00,49.104
2025-06-02 14:00:00,46.172000000000004
2025-06-02 15:00:00,25.497
2025-06-02 16:00:00,15.879999999999999
2025-06-02 17:00:00,14.91
2025-06-02 18:00:00,7.422000000000001
2025-06-02 19:00:00,0.006
2025-06-02 20:00:00,0.006
2025-06-02 21:00:00,0.006
2025-06-02 22:00:00,0.006
2025-06-02 23:00:00,0.006
2025-06-03 00:00:00,0.006
2025-06-03 01:00:00,0.006
2025-06-03 02:00:00,0.006
2025-06-03 03:00:00,0.006
2025-06-03 04:00:00,0.006
2025-06-03 05:00:00,0.006
2025-06-03 06:00:00,0.006
2025-06-03 07:00:00,3.049
2025-06-03 08:00:00,81.189
2025-06-03 09:00:00,122.61800000000001
2025-06-03 10:00:00,106.114
2025-06-03 11:00:00,67.48800000000001
2025-06-03 12:00:00,25.518
2025-06-03 13:00:00,26.17
2025-06-03 14:00:00,1.151
2025-06-03 15:00:00,0.006
2025-06-03 16:00:00,0.007
2025-06-03 17:00:00,0.46099999999999997
2025-06-03 18:00:00,0.006
2025-06-03 19:00:00,0.006
2025-06-03 20:00:00,0.006
2025-06-03 21:00:00,0.006
2025-06-03 22:00:00,0.006
2025-06-03 23:00:00,0.006
2025-06-04 00:00:00,0.006
2025-06-04 01:00:00,0.006
2025-06-04 02:00:00,0.006
2025-06-04 03:00:00,0.006
2025-06-04 04:00:00,0.006
2025-06-04 05:00:00,0.006
2025-06-04 06:00:00,0.137
2025-06-04 07:00:00,18.706
2025-06-04 08:00:00,69.395
2025-06-04 09:00:00,96.50099999999999
2025-06-04 10:00:00,71.61800000000001
2025-06-04 11:00:00,32.215
2025-06-04 12:00:00,4.738
2025-06-04 13:00:00,9.803
2025-06-04 14:00:00,8.641
2025-06-04 15:00:00,9.537
2025-06-04 16:00:00,4.731
2025-06-04 17:00:00,0.862
2025-06-04 18:00:00,0.027000000000000003
2025-06-04 19:00:00,0.006
2025-06-04 20:00:00,0.006
2025-06-04 21:00:00,0.006
2025-06-04 22:00:00,0.006
2025-06-04 23:00:00,0.006
2025-06-05 00:00:00,0.006
2025-06-05 01:00:00,0.006
2025-06-05 02:00:00,0.006
2025-06-05 03:00:00,0.006
2025-06-05 04:00:00,0.006
2025-06-05 05:00:00,0.006
2025-06-05 06:00:00,1.7789999999999997
2025-06-05 07:00:00,18.991
2025-06-05 08:00:00,83.267
2025-06-05 09:00:00,103.03800000000001
2025-06-05 10:00:00,76.0
2025-06-05 11:00:00,64.056
2025-06-05 12:00:00,51.415
2025-06-05 13:00:00,30.881
2025-06-05 14:00:00,3.2420000000000004
2025-06-05 15:00:00,0.006
2025-06-05 16:00:00,0.006
2025-06-05 17:00:00,0.006
2025-06-05 18:00:00,0.006
2025-06-05 19:00:00,0.006
2025-06-05 20:00:00,0.005
2025-06-05 21:00:00,0.006
2025-06-05 22:00:00,0.006
2025-06-05 23:00:00,0.006
2025-06-06 00:00:00,0.006
2025-06-06 01:00:00,0.006
2025-06-06 02:00:00,0.005
2025-06-06 03:00:00,0.006
2025-06-06 04:00:00,0.006
2025-06-06 05:00:00,0.006
2025-06-06 06:00:00,1.7459999999999998
2025-06-06 07:00:00,13.583000000000002
2025-06-06 08:00:00,28.394
2025-06-06 09:00:00,49.187999999999995
2025-06-06 10:00:00,32.542
2025-06-06 11:00:00,12.84
2025-06-06 12:00:00,3.1859999999999995
2025-06-06 13:00:00,0.006
2025-06-06 14:00:00,0.006
2025-06-06 15:00:00,0.006
2025-06-06 16:00:00,0.007
2025-06-06 17:00:00,0.006
2025-06-06 18:00:00,0.006
2025-06-06 19:00:00,0.006
2025-06-06 20:00:00,0.006
2025-06-06 21:00:00,0.006
2025-06-06 22:00:00,0.006
2025-06-06 23:00:00,0.006
2025-06-07 00:00:00,0.006
2025-06-07 01:00:00,0.006
2025-06-07 02:00:00,0.006
2025-06-07 03:00:00,0.006
2025-06-07 04:00:00,0.006
2025-06-07 05:00:00,0.006
2025-06-07 06:00:00,0.006
2025-06-07 07:00:00,0.006
2025-06-07 08:00:00,0.006
2025-06-07 09:00:00,0.006
2025-06-07 10:00:00,0.006
2025-06-07 11:00:00,0.006
2025-06-07 12:00:00,0.006
2025-06-07 13:00:00,0.006
2025-06-07 14:00:00,0.006
2025-06-07 15:00:00,0.006
2025-06-07 16:00:00,0.006
2025-06-07 17:00:00,0.006
2025-06-07 18:00:00,0.006
2025-06-07 19:00:00,0.006
2025-06-07 20:00:00,0.006
2025-06-07 21:00:00,0.006
2025-06-07 22:00:00,0.006
2025-06-07 23:00:00,0.006
2025-06-08 00:00:00,0.006
2025-06-08 01:00:00,0.006
2025-06-08 02:00:00,0.006
2025-06-08 03:00:00,0.006
2025-06-08 04:00:00,0.005
2025-06-08 05:00:00,0.006
2025-06-08 06:00:00,0.006
2025-06-08 07:00:00,0.005
2025-06-08 08:00:00,0.006
2025-06-08 09:00:00,0.006
2025-06-08 10:00:00,0.006
2025-06-08 11:00:00,0.006
2025-06-08 12:00:00,0.006
2025-06-08 13:00:00,0.006
2025-06-08 14:00:00,0.006
2025-06-08 15:00:00,0.006
2025-06-08 16:00:00,0.006
2025-06-08 17:00:00,0.006
2025-06-08 18:00:00,0.006
2025-06-08 19:00:00,0.006
2025-06-08 20:00:00,0.006
2025-06-08 21:00:00,0.006
2025-06-08 22:00:00,0.006
2025-06-08 23:00:00,0.006
2025-06-09 00:00:00,0.006
2025-06-09 01:00:00,0.006
2025-06-09 02:00:00,0.006
2025-06-09 03:00:00,0.006
2025-06-09 04:00:00,0.006
2025-06-09 05:00:00,0.006
2025-06-09 06:00:00,0.006
2025-06-09 07:00:00,0.006
2025-06-09 08:00:00,0.006
2025-06-09 09:00:00,0.006
2025-06-09 10:00:00,0.006
2025-06-09 11:00:00,0.006
2025-06-09 12:00:00,0.006
2025-06-09 13:00:00,0.006
2025-06-09 14:00:00,0.006
2025-06-09 15:00:00,0.006
2025-06-09 16:00:00,0.006
2025-06-09 17:00:00,0.006
2025-06-09 18:00:00,0.006
2025-06-09 19:00:00,0.006
2025-06-09 20:00:00,0.006
2025-06-09 21:00:00,0.006
2025-06-09 22:00:00,0.006
2025-06-09 23:00:00,0.006
2025-06-10 00:00:00,0.006
2025-06-10 01:00:00,0.006
2025-06-10 02:00:00,0.006
2025-06-10 03:00:00,0.006
2025-06-10 04:00:00,0.006
2025-06-10 05:00:00,0.006
2025-06-10 06:00:00,0.335
2025-06-10 07:00:00,11.424
2025-06-10 08:00:00,85.79799999999999
2025-06-10 09:00:00,146.804
2025-06-10 10:00:00,110.921
2025-06-10 11:00:00,83.79599999999999
2025-06-10 12:00:00,86.89099999999999
2025-06-10 13:00:00,74.54100000000001
2025-06-10 14:00:00,48.332
2025-06-10 15:00:00,31.442000000000004
2025-06-10 16:00:00,6.866
2025-06-10 17:00:00,0.785
2025-06-10 18:00:00,0.006
2025-06-10 19:00:00,0.006
2025-06-10 20:00:00,0.006
2025-06-10 21:00:00,0.006
2025-06-10 22:00:00,0.001
2025-06-11 01:00:00,0.0
2025-06-11 02:00:00,0.006
2025-06-11 03:00:00,0.006
2025-06-11 04:00:00,0.006
2025-06-11 05:00:00,0.006
2025-06-11 06:00:00,0.006
2025-06-11 07:00:00,1.074
2025-06-11 08:00:00,37.804
2025-06-11 09:00:00,61.538
2025-06-11 10:00:00,53.24700000000001
2025-06-11 11:00:00,28.765
2025-06-11 12:00:00,34.042
2025-06-11 13:00:00,32.35
2025-06-11 14:00:00,12.364
2025-06-11 15:00:00,11.281
2025-06-11 16:00:00,1.731
2025-06-11 17:00:00,12.764000000000001
2025-06-11 18:00:00,7.835000000000001
2025-06-11 19:00:00,0.006
2025-06-11 20:00:00,6.9399999999999995
2025-06-11 21:00:00,5.221
2025-06-11 22:00:00,0.006
2025-06-11 23:00:00,0.006
2025-06-12 00:00:00,0.006
2025-06-12 01:00:00,0.006
2025-06-12 02:00:00,0.005
2025-06-12 03:00:00,0.006
2025-06-12 04:00:00,0.006
2025-06-12 05:00:00,0.005
2025-06-12 06:00:00,0.006
2025-06-12 07:00:00,7.283000000000001
2025-06-12 08:00:00,55.87400000000001
2025-06-12 09:00:00,94.948
2025-06-12 10:00:00,90.97
2025-06-12 11:00:00,77.792
2025-06-12 12:00:00,54.28
2025-06-12 13:00:00,37.94800000000001
2025-06-12 14:00:00,19.923000000000002
2025-06-12 15:00:00,10.145
2025-06-12 16:00:00,2.082
2025-06-12 17:00:00,1.497
2025-06-12 18:00:00,0.006
2025-06-12 19:00:00,0.006
2025-06-12 20:00:00,0.006
2025-06-12 21:00:00,0.006
2025-06-12 22:00:00,0.006
2025-06-12 23:00:00,0.007
2025-06-13 00:00:00,0.006
2025-06-13 01:00:00,0.006
2025-06-13 02:00:00,0.006
2025-06-13 03:00:00,0.006
2025-06-13 04:00:00,0.006
2025-06-13 05:00:00,0.006
2025-06-13 06:00:00,1.232
2025-06-13 07:00:00,11.347
2025-06-13 08:00:00,30.778000000000006
2025-06-13 09:00:00,50.583000000000006
2025-06-13 10:00:00,43.057
2025-06-13 11:00:00,15.502000000000004
2025-06-13 12:00:00,1.8
2025-06-13 13:00:00,3.9589999999999996
2025-06-13 14:00:00,21.997
2025-06-13 15:00:00,20.889000000000003
2025-06-13 16:00:00,6.535
2025-06-13 17:00:00,0.006
2025-06-13 18:00:00,0.006
2025-06-13 19:00:00,0.006
2025-06-13 20:00:00,0.006
2025-06-13 21:00:00,0.006
2025-06-13 22:00:00,0.006
2025-06-13 23:00:00,0.006
2025-06-14 00:00:00,0.006
2025-06-14 01:00:00,0.006
2025-06-14 02:00:00,0.006
2025-06-14 03:00:00,0.006
2025-06-14 04:00:00,0.006
2025-06-14 05:00:00,0.006
2025-06-14 06:00:00,0.006
2025-06-14 07:00:00,0.006
2025-06-14 08:00:00,0.006
2025-06-14 09:00:00,0.006
2025-06-14 10:00:00,0.006
2025-06-14 11:00:00,0.006
2025-06-14 12:00:00,0.006
2025-06-14 13:00:00,0.007
2025-06-14 14:00:00,0.006
2025-06-14 15:00:00,0.006
2025-06-14 16:00:00,0.006
2025-06-14 17:00:00,0.006
2025-06-14 18:00:00,0.006
2025-06-14 19:00:00,0.006
2025-06-14 20:00:00,0.006
2025-06-14 21:00:00,0.006
2025-06-14 22:00:00,0.006
2025-06-14 23:00:00,0.006
2025-06-15 00:00:00,0.005
2025-06-15 01:00:00,0.006
2025-06-15 02:00:00,0.006
2025-06-15 03:00:00,0.006
2025-06-15 04:00:00,0.006
2025-06-15 05:00:00,0.006
2025-06-15 06:00:00,0.006
2025-06-15 07:00:00,0.006
2025-06-15 08:00:00,0.006
2025-06-15 09:00:00,0.006
2025-06-15 10:00:00,0.006
2025-06-15 11:00:00,0.006
2025-06-15 12:00:00,0.006
2025-06-15 13:00:00,0.007
2025-06-15 14:00:00,0.006
2025-06-15 15:00:00,0.006
2025-06-15 16:00:00,0.006
2025-06-15 17:00:00,0.006
2025-06-15 18:00:00,0.006
2025-06-15 19:00:00,0.006
2025-06-15 20:00:00,0.006
2025-06-15 21:00:00,0.006
2025-06-15 22:00:00,0.006
2025-06-15 23:00:00,0.006
2025-06-16 00:00:00,0.006
2025-06-16 01:00:00,0.006
2025-06-16 02:00:00,0.006
2025-06-16 03:00:00,0.006
2025-06-16 04:00:00,0.006
2025-06-16 05:00:00,0.006
2025-06-16 06:00:00,0.006
2025-06-16 07:00:00,11.933
2025-06-16 08:00:00,89.282
2025-06-16 09:00:00,137.841
2025-06-16 10:00:00,141.39300000000003
2025-06-16 11:00:00,122.74600000000002
2025-06-16 12:00:00,77.021
2025-06-16 13:00:00,73.68200000000002
2025-06-16 14:00:00,55.564
2025-06-16 15:00:00,24.841
2025-06-16 16:00:00,17.079
2025-06-16 17:00:00,11.250000000000002
2025-06-16 18:00:00,0.008
2025-06-16 19:00:00,0.006
2025-06-16 20:00:00,0.006
2025-06-16 21:00:00,0.006
2025-06-16 22:00:00,0.006
2025-06-16 23:00:00,0.006
2025-06-17 00:00:00,0.006
2025-06-17 01:00:00,0.006
2025-06-17 02:00:00,0.006
2025-06-17 03:00:00,0.006
2025-06-17 04:00:00,0.006
2025-06-17 05:00:00,0.006
2025-06-17 06:00:00,0.006
2025-06-17 07:00:00,6.774000000000001
2025-06-17 08:00:00,54.923
2025-06-17 09:00:00,79.726
2025-06-17 10:00:00,79.074
2025-06-17 11:00:00,57.56699999999999
2025-06-17 12:00:00,40.78500000000001
2025-06-17 13:00:00,29.160000000000004
2025-06-17 14:00:00,3.733
2025-06-17 15:00:00,0.22700000000000004
2025-06-17 16:00:00,0.923
2025-06-17 17:00:00,0.22600000000000003
2025-06-17 18:00:00,0.006
2025-06-17 19:00:00,0.006
2025-06-17 20:00:00,0.006
2025-06-17 21:00:00,0.006
2025-06-17 22:00:00,0.006
2025-06-17 23:00:00,0.006
2025-06-18 00:00:00,0.006
2025-06-18 01:00:00,0.006
2025-06-18 02:00:00,0.006
2025-06-18 03:00:00,0.006
2025-06-18 04:00:00,0.006
2025-06-18 05:00:00,0.006
2025-06-18 06:00:00,1.601
2025-06-18 07:00:00,10.008000000000001
2025-06-18 08:00:00,34.513000000000005
2025-06-18 09:00:00,64.11
2025-06-18 10:00:00,67.479
2025-06-18 11:00:00,55.943999999999996
2025-06-18 12:00:00,11.09
2025-06-18 13:00:00,0.7160000000000001
2025-06-18 14:00:00,0.132
2025-06-18 15:00:00,0.006
2025-06-18 16:00:00,0.7190000000000001
2025-06-18 17:00:00,0.006
2025-06-18 18:00:00,0.006
2025-06-18 19:00:00,0.006
2025-06-18 20:00:00,0.006
2025-06-18 21:00:00,0.006
2025-06-18 22:00:00,0.006
2025-06-18 23:00:00,0.006
2025-06-19 00:00:00,0.006
2025-06-19 01:00:00,0.006
2025-06-19 02:00:00,0.006
2025-06-19 03:00:00,0.006
2025-06-19 04:00:00,0.006
2025-06-19 05:00:00,0.006
2025-06-19 06:00:00,0.006
2025-06-19 07:00:00,11.343
2025-06-19 08:00:00,58.995000000000005
2025-06-19 09:00:00,93.76700000000001
2025-06-19 10:00:00,77.20100000000001
2025-06-19 11:00:00,49.066
2025-06-19 12:00:00,40.523
2025-06-19 13:00:00,47.722
2025-06-19 14:00:00,23.816
2025-06-19 15:00:00,11.63
2025-06-19 16:00:00,2.393
2025-06-19 17:00:00,2.456
2025-06-19 18:00:00,1.3840000000000001
2025-06-19 19:00:00,0.006
2025-06-19 20:00:00,0.006
2025-06-19 21:00:00,0.006
2025-06-19 22:00:00,0.006
2025-06-19 23:00:00,0.006
2025-06-20 00:00:00,0.006
2025-06-20 01:00:00,0.006
2025-06-20 02:00:00,0.006
2025-06-20 03:00:00,0.006
2025-06-20 04:00:00,0.006
2025-06-20 05:00:00,0.006
2025-06-20 06:00:00,2.02
2025-06-20 07:00:00,23.968
2025-06-20 08:00:00,92.26700000000002
2025-06-20 09:00:00,118.71400000000001
2025-06-20 10:00:00,96.677
2025-06-20 11:00:00,69.28
2025-06-20 12:00:00,42.222
2025-06-20 13:00:00,14.88
2025-06-20 14:00:00,9.293000000000001
2025-06-20 15:00:00,3.108
2025-06-20 16:00:00,1.868
2025-06-20 17:00:00,1.729
2025-06-20 18:00:00,0.795
2025-06-20 19:00:00,0.042
2025-06-20 20:00:00,0.006
2025-06-20 21:00:00,0.006
2025-06-20 22:00:00,0.006
2025-06-20 23:00:00,0.006
2025-06-21 00:00:00,0.006
2025-06-21 01:00:00,0.006
2025-06-21 02:00:00,0.006
2025-06-21 03:00:00,0.006
2025-06-21 04:00:00,0.006
2025-06-21 05:00:00,0.006
2025-06-21 06:00:00,0.006
2025-06-21 07:00:00,0.006
2025-06-21 08:00:00,0.006
2025-06-21 09:00:00,0.006
2025-06-21 10:00:00,0.006
2025-06-21 11:00:00,0.006
2025-06-21 12:00:00,0.006
2025-06-21 13:00:00,0.007
2025-06-21 14:00:00,0.007
2025-06-21 15:00:00,0.006
2025-06-21 16:00:00,0.006
2025-06-21 17:00:00,0.006
2025-06-21 18:00:00,0.006
2025-06-21 19:00:00,0.006
2025-06-21 20:00:00,0.006
2025-06-21 21:00:00,0.006
2025-06-21 22:00:00,0.006
2025-06-21 23:00:00,0.006
2025-06-22 00:00:00,0.006
2025-06-22 01:00:00,0.006
2025-06-22 02:00:00,0.006
2025-06-22 03:00:00,0.006
2025-06-22 04:00:00,0.006
2025-06-22 05:00:00,0.006
2025-06-22 06:00:00,0.006
2025-06-22 07:00:00,0.006
2025-06-22 08:00:00,0.006
2025-06-22 09:00:00,0.006
2025-06-22 10:00:00,0.006
2025-06-22 11:00:00,0.006
2025-06-22 12:00:00,0.006
2025-06-22 13:00:00,0.006
2025-06-22 14:00:00,0.006
2025-06-22 15:00:00,0.006
2025-06-22 16:00:00,0.006
2025-06-22 17:00:00,0.006
2025-06-22 18:00:00,0.006
2025-06-22 19:00:00,0.006
2025-06-22 20:00:00,0.006
2025-06-22 21:00:00,0.006
2025-06-22 22:00:00,0.006
2025-06-22 23:00:00,0.006
2025-06-23 00:00:00,0.006
2025-06-23 01:00:00,0.006
2025-06-23 02:00:00,0.006
2025-06-23 03:00:00,0.006
2025-06-23 04:00:00,0.006
2025-06-23 05:00:00,0.006
2025-06-23 06:00:00,0.006
2025-06-23 07:00:00,5.91
2025-06-23 08:00:00,62.99099999999999
2025-06-23 09:00:00,78.22999999999999
2025-06-23 10:00:00,56.378
2025-06-23 11:00:00,43.69800000000001
2025-06-23 12:00:00,34.402
2025-06-23 13:00:00,26.596000000000004
2025-06-23 14:00:00,8.728000000000002
2025-06-23 15:00:00,1.955
2025-06-23 16:00:00,8.415000000000001
2025-06-23 17:00:00,0.006
2025-06-23 18:00:00,0.006
2025-06-23 19:00:00,0.006
2025-06-23 20:00:00,0.007
2025-06-23 21:00:00,0.007
2025-06-23 22:00:00,0.006
2025-06-23 23:00:00,0.006
2025-06-24 00:00:00,0.006
2025-06-24 01:00:00,0.006
2025-06-24 02:00:00,0.006
2025-06-24 03:00:00,0.006
2025-06-24 04:00:00,0.006
2025-06-24 05:00:00,0.006
2025-06-24 06:00:00,0.006
2025-06-24 07:00:00,4.5040000000000004
2025-06-24 08:00:00,52.757
2025-06-24 09:00:00,68.866
2025-06-24 10:00:00,53.632000000000005
2025-06-24 11:00:00,12.927
2025-06-24 12:00:00,4.0920000000000005
2025-06-24 13:00:00,0.006
2025-06-24 14:00:00,0.006
2025-06-24 15:00:00,0.006
2025-06-24 16:00:00,0.006
2025-06-24 17:00:00,0.025
2025-06-24 18:00:00,0.007
2025-06-24 19:00:00,0.006
2025-06-24 20:00:00,0.006
2025-06-24 21:00:00,0.006
2025-06-24 22:00:00,0.006
2025-06-24 23:00:00,0.006
2025-06-25 00:00:00,0.006
2025-06-25 01:00:00,0.006
2025-06-25 02:00:00,0.006
2025-06-25 03:00:00,0.007
2025-06-25 04:00:00,0.007
2025-06-25 05:00:00,0.006
2025-06-25 06:00:00,0.006
2025-06-25 07:00:00,2.801
2025-06-25 08:00:00,16.668000000000003
2025-06-25 09:00:00,31.682000000000002
2025-06-25 10:00:00,27.535
2025-06-25 11:00:00,20.021
2025-06-25 12:00:00,21.905
2025-06-25 13:00:00,21.803
2025-06-25 14:00:00,18.521
2025-06-25 15:00:00,10.861
2025-06-25 16:00:00,2.159
2025-06-25 17:00:00,0.006
2025-06-25 18:00:00,0.007
2025-06-25 19:00:00,0.007
2025-06-25 20:00:00,0.006
2025-06-25 21:00:00,0.006
2025-06-25 22:00:00,0.006
2025-06-25 23:00:00,0.006
2025-06-26 00:00:00,0.006
2025-06-26 01:00:00,0.006
2025-06-26 02:00:00,0.006
2025-06-26 03:00:00,0.006
2025-06-26 04:00:00,0.006
2025-06-26 05:00:00,0.006
2025-06-26 06:00:00,1.5510000000000002
2025-06-26 07:00:00,20.238
2025-06-26 08:00:00,47.613
2025-06-26 09:00:00,92.157
2025-06-26 10:00:00,77.304
2025-06-26 11:00:00,51.165
2025-06-26 12:00:00,55.419
2025-06-26 13:00:00,31.551
2025-06-26 14:00:00,6.673
2025-06-26 15:00:00,3.662
2025-06-26 16:00:00,0.879
2025-06-26 17:00:00,0.006
2025-06-26 18:00:00,0.006
2025-06-26 19:00:00,0.006
2025-06-26 20:00:00,0.006
2025-06-26 21:00:00,0.006
2025-06-26 22:00:00,0.006
2025-06-26 23:00:00,0.006
2025-06-27 00:00:00,0.006
2025-06-27 01:00:00,0.006
2025-06-27 02:00:00,0.006
2025-06-27 03:00:00,0.006
2025-06-27 04:00:00,0.006
2025-06-27 05:00:00,0.006
2025-06-27 06:00:00,1.397
2025-06-27 07:00:00,10.721
2025-06-27 08:00:00,29.478000000000005
2025-06-27 09:00:00,58.55899999999999
2025-06-27 10:00:00,56.681000000000004
2025-06-27 11:00:00,40.846000000000004
2025-06-27 12:00:00,24.983
2025-06-27 13:00:00,28.826
2025-06-27 14:00:00,23.061999999999998
2025-06-27 15:00:00,9.144
2025-06-27 16:00:00,3.2339999999999995
2025-06-27 17:00:00,0.542
2025-06-27 18:00:00,0.006
2025-06-27 19:00:00,0.006
2025-06-27 20:00:00,0.006
2025-06-27 21:00:00,0.006
2025-06-27 22:00:00,0.006
2025-06-27 23:00:00,0.006
2025-06-28 00:00:00,0.006
2025-06-28 01:00:00,0.006
2025-06-28 02:00:00,0.006
2025-06-28 03:00:00,0.006
2025-06-28 04:00:00,0.006
2025-06-28 05:00:00,0.006
2025-06-28 06:00:00,0.006
2025-06-28 07:00:00,0.006
2025-06-28 08:00:00,0.007
2025-06-28 09:00:00,0.007
2025-06-28 10:00:00,0.006
2025-06-28 11:00:00,0.006
2025-06-28 12:00:00,0.006
2025-06-28 13:00:00,0.006
2025-06-28 14:00:00,0.006
2025-06-28 15:00:00,0.006
2025-06-28 16:00:00,0.007
2025-06-28 17:00:00,0.007
2025-06-28 18:00:00,0.006
2025-06-28 19:00:00,0.006
2025-06-28 20:00:00,0.006
2025-06-28 21:00:00,0.006
2025-06-28 22:00:00,0.006
2025-06-28 23:00:00,0.006
2025-06-29 00:00:00,0.006
2025-06-29 01:00:00,0.006
2025-06-29 02:00:00,0.006
2025-06-29 03:00:00,0.008
2025-06-29 04:00:00,0.006
2025-06-29 05:00:00,0.006
2025-06-29 06:00:00,0.006
2025-06-29 07:00:00,0.006
2025-06-29 08:00:00,0.006
2025-06-29 09:00:00,0.006
2025-06-29 10:00:00,0.007
2025-06-29 11:00:00,0.007
2025-06-29 12:00:00,0.006
2025-06-29 13:00:00,0.006
2025-06-29 14:00:00,0.006
2025-06-29 15:00:00,0.006
2025-06-29 16:00:00,0.006
2025-06-29 17:00:00,0.007
2025-06-29 18:00:00,0.007
2025-06-29 19:00:00,0.006
2025-06-29 20:00:00,0.006
2025-06-29 21:00:00,0.006
2025-06-29 22:00:00,0.006
2025-06-29 23:00:00,0.006
2025-06-30 00:00:00,0.006
2025-06-30 01:00:00,0.008
2025-06-30 02:00:00,0.006
2025-06-30 03:00:00,0.006
2025-06-30 04:00:00,0.006
2025-06-30 05:00:00,0.006
2025-06-30 06:00:00,0.006
2025-06-30 07:00:00,0.392
2025-06-30 08:00:00,60.689
2025-06-30 09:00:00,117.34
2025-06-30 10:00:00,104.38100000000001
2025-06-30 11:00:00,78.476
2025-06-30 12:00:00,82.02900000000001
2025-06-30 13:00:00,83.771
2025-06-30 14:00:00,51.370999999999995
2025-06-30 15:00:00,51.467999999999996
2025-06-30 16:00:00,35.083
2025-06-30 17:00:00,6.921
2025-06-30 18:00:00,0.21300000000000002
2025-06-30 19:00:00,0.006
2025-06-30 20:00:00,0.006
2025-06-30 21:00:00,0.006
2025-06-30 22:00:00,0.007
2025-06-30 23:00:00,0.006
2025-07-01 00:00:00,0.006
2025-07-01 01:00:00,0.006
2025-07-01 02:00:00,0.006
2025-07-01 03:00:00,0.006
2025-07-01 04:00:00,0.006
2025-07-01 05:00:00,0.006
2025-07-01 06:00:00,0.63
2025-07-01 07:00:00,14.231000000000002
2025-07-01 08:00:00,64.92999999999999
2025-07-01 09:00:00,121.132
2025-07-01 10:00:00,124.415
2025-07-01 11:00:00,84.985
2025-07-01 12:00:00,56.0
2025-07-01 13:00:00,28.546999999999997
2025-07-01 14:00:00,8.379999999999999
2025-07-01 15:00:00,4.198
2025-07-01 16:00:00,2.828
2025-07-01 17:00:00,3.4019999999999992
2025-07-01 18:00:00,0.929
2025-07-01 19:00:00,0.006
2025-07-01 20:00:00,0.006
2025-07-01 21:00:00,0.006
2025-07-01 22:00:00,0.006
2025-07-01 23:00:00,0.006
2025-07-02 00:00:00,0.006
2025-07-02 01:00:00,0.006
2025-07-02 02:00:00,0.006
2025-07-02 03:00:00,0.006
2025-07-02 04:00:00,0.006
2025-07-02 05:00:00,0.006
2025-07-02 06:00:00,0.006
2025-07-02 07:00:00,0.006
2025-07-02 08:00:00,11.983
2025-07-02 09:00:00,22.982999999999997
2025-07-02 10:00:00,24.631999999999998
2025-07-02 11:00:00,23.012
2025-07-02 12:00:00,11.638
2025-07-02 13:00:00,13.038
2025-07-02 14:00:00,15.832
2025-07-02 15:00:00,7.058
2025-07-02 16:00:00,0.807
2025-07-02 17:00:00,0.006
2025-07-02 18:00:00,0.006
2025-07-02 19:00:00,0.006
2025-07-02 20:00:00,0.006
2025-07-02 21:00:00,0.006
2025-07-02 22:00:00,0.006
2025-07-02 23:00:00,0.006
2025-07-03 00:00:00,0.006
2025-07-03 01:00:00,0.006
2025-07-03 02:00:00,0.006
2025-07-03 03:00:00,0.006
2025-07-03 04:00:00,0.006
2025-07-03 05:00:00,0.006
2025-07-03 06:00:00,0.006
2025-07-03 07:00:00,0.8620000000000001
2025-07-03 08:00:00,32.452
2025-07-03 09:00:00,60.968999999999994
2025-07-03 10:00:00,49.498999999999995
2025-07-03 11:00:00,37.510999999999996
2025-07-03 12:00:00,20.416000000000004
2025-07-03 13:00:00,17.389000000000003
2025-07-03 14:00:00,0.006
2025-07-03 15:00:00,0.006
2025-07-03 16:00:00,0.006
2025-07-03 17:00:00,0.05
2025-07-03 18:00:00,0.006
2025-07-03 19:00:00,0.006
2025-07-03 20:00:00,0.007
2025-07-03 21:00:00,0.006
2025-07-03 22:00:00,0.006
2025-07-03 23:00:00,0.007
2025-07-04 00:00:00,0.006
2025-07-04 01:00:00,0.006
2025-07-04 02:00:00,0.006
2025-07-04 03:00:00,0.006
2025-07-04 04:00:00,0.006
2025-07-04 05:00:00,0.006
2025-07-04 06:00:00,3.6069999999999998
2025-07-04 07:00:00,36.698
2025-07-04 08:00:00,122.34500000000001
2025-07-04 09:00:00,154.85900000000004
2025-07-04 10:00:00,122.247
2025-07-04 11:00:00,92.95499999999998
2025-07-04 12:00:00,57.661
2025-07-04 13:00:00,16.435000000000002
2025-07-04 14:00:00,12.581
2025-07-04 15:00:00,7.465
2025-07-04 16:00:00,5.093000000000001
2025-07-04 17:00:00,3.345
2025-07-04 18:00:00,1.951
2025-07-04 19:00:00,0.006
2025-07-04 20:00:00,0.006
2025-07-04 21:00:00,0.006
2025-07-04 22:00:00,0.006
2025-07-04 23:00:00,0.006
2025-07-05 00:00:00,0.006
2025-07-05 01:00:00,0.006
2025-07-05 02:00:00,0.006
2025-07-05 03:00:00,0.006
2025-07-05 04:00:00,0.006
2025-07-05 05:00:00,0.006
2025-07-05 06:00:00,0.006
2025-07-05 07:00:00,0.006
2025-07-05 08:00:00,0.006
2025-07-05 09:00:00,0.006
2025-07-05 10:00:00,0.006
2025-07-05 11:00:00,0.006
2025-07-05 12:00:00,0.006
2025-07-05 13:00:00,0.006
2025-07-05 14:00:00,0.006
2025-07-05 15:00:00,0.006
2025-07-05 16:00:00,0.006
2025-07-05 17:00:00,0.006
2025-07-05 18:00:00,0.006
2025-07-05 19:00:00,0.006
2025-07-05 20:00:00,0.006
2025-07-05 21:00:00,0.006
2025-07-05 22:00:00,0.006
2025-07-05 23:00:00,0.006
2025-07-06 00:00:00,0.006
2025-07-06 01:00:00,0.006
2025-07-06 02:00:00,0.006
2025-07-06 03:00:00,0.006
2025-07-06 04:00:00,0.006
2025-07-06 05:00:00,0.006
2025-07-06 06:00:00,0.006
2025-07-06 07:00:00,0.006
2025-07-06 08:00:00,0.006
2025-07-06 09:00:00,0.006
2025-07-06 10:00:00,0.006
2025-07-06 11:00:00,0.006
2025-07-06 12:00:00,0.006
2025-07-06 13:00:00,0.006
2025-07-06 14:00:00,0.006
2025-07-06 15:00:00,0.006
2025-07-06 16:00:00,0.006
2025-07-06 17:00:00,0.006
2025-07-06 18:00:00,0.006
2025-07-06 19:00:00,0.006
2025-07-06 20:00:00,0.006
2025-07-06 21:00:00,0.006
2025-07-06 22:00:00,0.007
2025-07-06 23:00:00,0.005
2025-07-07 00:00:00,0.006
2025-07-07 01:00:00,0.006
2025-07-07 02:00:00,0.006
2025-07-07 03:00:00,0.006
2025-07-07 04:00:00,0.006
2025-07-07 05:00:00,0.006
2025-07-07 06:00:00,0.006
2025-07-07 07:00:00,4.607
2025-07-07 08:00:00,35.359
2025-07-07 09:00:00,61.163000000000004
2025-07-07 10:00:00,37.952
2025-07-07 11:00:00,19.877000000000002
2025-07-07 12:00:00,3.5079999999999996
2025-07-07 13:00:00,0.006
2025-07-07 14:00:00,0.006
2025-07-07 15:00:00,0.006
2025-07-07 16:00:00,0.34900000000000003
2025-07-07 17:00:00,0.6869999999999999
2025-07-07 18:00:00,0.052
2025-07-07 19:00:00,0.006
2025-07-07 20:00:00,0.006
2025-07-07 21:00:00,0.006
2025-07-07 22:00:00,0.006
2025-07-07 23:00:00,0.006
2025-07-08 00:00:00,0.006
2025-07-08 01:00:00,0.006
2025-07-08 02:00:00,0.006
2025-07-08 03:00:00,0.006
2025-07-08 04:00:00,0.006
2025-07-08 05:00:00,0.006
2025-07-08 06:00:00,1.368
2025-07-08 07:00:00,19.571
2025-07-08 08:00:00,79.10999999999999
2025-07-08 09:00:00,113.26900000000002
2025-07-08 10:00:00,102.082
2025-07-08 11:00:00,63.123
2025-07-08 12:00:00,38.329
2025-07-08 13:00:00,23.074
2025-07-08 14:00:00,21.868000000000002
2025-07-08 15:00:00,15.617
2025-07-08 16:00:00,0.048
2025-07-08 17:00:00,1.2240000000000002
2025-07-08 18:00:00,0.044000000000000004
2025-07-08 19:00:00,0.006
2025-07-08 20:00:00,0.006
2025-07-08 21:00:00,0.006
2025-07-08 22:00:00,0.006
2025-07-08 23:00:00,0.006
2025-07-09 00:00:00,0.006
2025-07-09 01:00:00,0.006
2025-07-09 02:00:00,0.006
2025-07-09 03:00:00,0.006
2025-07-09 04:00:00,0.006
2025-07-09 05:00:00,0.005
2025-07-09 06:00:00,0.006
2025-07-09 07:00:00,11.628
2025-07-09 08:00:00,35.956999999999994
2025-07-09 09:00:00,56.096000000000004
2025-07-09 10:00:00,59.285
2025-07-09 11:00:00,15.508999999999999
2025-07-09 12:00:00,13.058
2025-07-09 13:00:00,0.866
2025-07-09 14:00:00,0.6080000000000001
2025-07-09 15:00:00,7.164000000000001
2025-07-09 16:00:00,11.725999999999999
2025-07-09 17:00:00,6.242
2025-07-09 18:00:00,8.233
2025-07-09 19:00:00,1.192
2025-07-09 20:00:00,0.006
2025-07-09 21:00:00,0.006
2025-07-09 22:00:00,0.006
2025-07-09 23:00:00,0.006
2025-07-10 00:00:00,0.006
2025-07-10 01:00:00,0.006
2025-07-10 02:00:00,0.006
2025-07-10 03:00:00,0.006
2025-07-10 04:00:00,0.006
2025-07-10 05:00:00,0.006
2025-07-10 06:00:00,0.006
2025-07-10 07:00:00,7.428
2025-07-10 08:00:00,55.472
2025-07-10 09:00:00,75.811
2025-07-10 10:00:00,73.108
2025-07-10 11:00:00,71.33800000000001
2025-07-10 12:00:00,39.681
2025-07-10 13:00:00,0.006
2025-07-10 14:00:00,0.006
2025-07-10 15:00:00,0.321
2025-07-10 16:00:00,2.2239999999999998
2025-07-10 17:00:00,0.488
2025-07-10 18:00:00,0.006
2025-07-10 19:00:00,0.006
2025-07-10 20:00:00,0.006
2025-07-10 21:00:00,0.006
2025-07-10 22:00:00,0.006
2025-07-10 23:00:00,0.006
2025-07-11 00:00:00,0.006
2025-07-11 01:00:00,0.006
2025-07-11 02:00:00,0.006
2025-07-11 03:00:00,0.006
2025-07-11 04:00:00,0.006
2025-07-11 05:00:00,0.006
2025-07-11 06:00:00,1.407
2025-07-11 07:00:00,13.521
2025-07-11 08:00:00,28.064
2025-07-11 09:00:00,45.93000000000001
2025-07-11 10:00:00,46.7
2025-07-11 11:00:00,24.272
2025-07-11 12:00:00,13.148000000000001
2025-07-11 13:00:00,8.213999999999999
2025-07-11 14:00:00,1.664
2025-07-11 15:00:00,0.9879999999999999
2025-07-11 16:00:00,0.8
2025-07-11 17:00:00,0.8460000000000001
2025-07-11 18:00:00,0.208
2025-07-11 19:00:00,0.006
2025-07-11 20:00:00,0.006
2025-07-11 21:00:00,0.006
2025-07-11 22:00:00,0.006
2025-07-11 23:00:00,0.006
2025-07-12 00:00:00,0.006
2025-07-12 01:00:00,0.006
2025-07-12 02:00:00,0.006
2025-07-12 03:00:00,0.006
2025-07-12 04:00:00,0.006
2025-07-12 05:00:00,0.006
2025-07-12 06:00:00,0.006
2025-07-12 07:00:00,0.007
2025-07-12 08:00:00,0.006
2025-07-12 09:00:00,0.006
2025-07-12 10:00:00,0.006
2025-07-12 11:00:00,0.006
2025-07-12 12:00:00,0.006
2025-07-12 13:00:00,0.006
2025-07-12 14:00:00,0.006
2025-07-12 15:00:00,0.006
2025-07-12 16:00:00,0.006
2025-07-12 17:00:00,0.007
2025-07-12 18:00:00,0.006
2025-07-12 19:00:00,0.006
2025-07-12 20:00:00,0.006
2025-07-12 21:00:00,0.006
2025-07-12 22:00:00,0.006
2025-07-12 23:00:00,0.006
2025-07-13 00:00:00,0.006
2025-07-13 01:00:00,0.007
2025-07-13 02:00:00,0.006
2025-07-13 03:00:00,0.006
2025-07-13 04:00:00,0.006
2025-07-13 05:00:00,0.006
2025-07-13 06:00:00,0.006
2025-07-13 07:00:00,0.006
2025-07-13 08:00:00,0.007
2025-07-13 09:00:00,0.006
2025-07-13 10:00:00,0.006
2025-07-13 11:00:00,0.006
2025-07-13 12:00:00,0.007
2025-07-13 13:00:00,0.006
2025-07-13 14:00:00,0.006
2025-07-13 15:00:00,0.006
2025-07-13 16:00:00,0.006
2025-07-13 17:00:00,0.007
2025-07-13 18:00:00,0.006
2025-07-13 19:00:00,0.006
2025-07-13 20:00:00,0.006
2025-07-13 21:00:00,0.006
2025-07-13 22:00:00,0.006
2025-07-13 23:00:00,0.007
2025-07-14 00:00:00,0.006
2025-07-14 01:00:00,0.006
2025-07-14 02:00:00,0.006
2025-07-14 03:00:00,0.006
2025-07-14 04:00:00,0.006
2025-07-14 05:00:00,0.006
2025-07-14 06:00:00,1.5720000000000003
2025-07-14 07:00:00,14.673
2025-07-14 08:00:00,56.968
2025-07-14 09:00:00,91.772
2025-07-14 10:00:00,73.36900000000001
2025-07-14 11:00:00,68.47800000000001
2025-07-14 12:00:00,62.55
2025-07-14 13:00:00,36.768
2025-07-14 14:00:00,24.679000000000002
2025-07-14 15:00:00,19.982
2025-07-14 16:00:00,0.618
2025-07-14 17:00:00,0.5369999999999999
2025-07-14 18:00:00,0.09300000000000001
2025-07-14 19:00:00,0.006
2025-07-14 20:00:00,0.006
2025-07-14 21:00:00,0.006
2025-07-14 22:00:00,0.006
2025-07-14 23:00:00,0.006
2025-07-15 00:00:00,0.006
2025-07-15 01:00:00,0.006
2025-07-15 02:00:00,0.006
2025-07-15 03:00:00,0.006
2025-07-15 04:00:00,0.005
2025-07-15 05:00:00,0.006
2025-07-15 06:00:00,0.006
2025-07-15 07:00:00,7.082
2025-07-15 08:00:00,40.019
2025-07-15 09:00:00,68.43700000000001
2025-07-15 10:00:00,49.705999999999996
2025-07-15 11:00:00,35.312999999999995
2025-07-15 12:00:00,28.493000000000002
2025-07-15 13:00:00,28.184
2025-07-15 14:00:00,7.174
2025-07-15 15:00:00,0.006
2025-07-15 16:00:00,0.29100000000000004
2025-07-15 17:00:00,0.155
2025-07-15 18:00:00,0.006
2025-07-15 19:00:00,0.006
2025-07-15 20:00:00,0.006
2025-07-15 21:00:00,0.006
2025-07-15 22:00:00,0.005
2025-07-15 23:00:00,0.006
2025-07-16 00:00:00,0.006
2025-07-16 01:00:00,0.006
2025-07-16 02:00:00,0.006
2025-07-16 03:00:00,0.006
2025-07-16 04:00:00,0.006
2025-07-16 05:00:00,0.006
2025-07-16 06:00:00,0.006
2025-07-16 07:00:00,0.006
2025-07-16 08:00:00,3.91
2025-07-16 09:00:00,42.473000000000006
2025-07-16 10:00:00,38.455
2025-07-16 11:00:00,29.694
2025-07-16 12:00:00,29.341
2025-07-16 13:00:00,33.81
2025-07-16 14:00:00,28.398000000000003
2025-07-16 15:00:00,24.023000000000003
2025-07-16 16:00:00,19.025000000000002
2025-07-16 17:00:00,6.424
2025-07-16 18:00:00,0.006
2025-07-16 19:00:00,0.006
2025-07-16 20:00:00,0.006
2025-07-16 21:00:00,0.006
2025-07-16 22:00:00,0.006
2025-07-16 23:00:00,0.006
2025-07-17 00:00:00,0.006
2025-07-17 01:00:00,0.006
2025-07-17 02:00:00,0.006
2025-07-17 03:00:00,0.006
2025-07-17 04:00:00,0.006
2025-07-17 05:00:00,0.006
2025-07-17 06:00:00,0.006
2025-07-17 07:00:00,11.968
2025-07-17 08:00:00,58.515
2025-07-17 09:00:00,76.17899999999999
2025-07-17 10:00:00,37.051
2025-07-17 11:00:00,12.94
2025-07-17 12:00:00,12.055
2025-07-17 13:00:00,6.673
2025-07-17 14:00:00,0.366
2025-07-17 15:00:00,0.006
2025-07-17 16:00:00,0.006
2025-07-17 17:00:00,0.006
2025-07-17 18:00:00,0.006
2025-07-17 19:00:00,0.006
2025-07-17 20:00:00,0.006
2025-07-17 21:00:00,0.007
2025-07-17 22:00:00,0.006
2025-07-17 23:00:00,0.006
2025-07-18 00:00:00,0.006
2025-07-18 01:00:00,0.006
2025-07-18 02:00:00,0.006
2025-07-18 03:00:00,0.006
2025-07-18 04:00:00,0.006
2025-07-18 05:00:00,0.006
2025-07-18 06:00:00,3.1740000000000004
2025-07-18 07:00:00,26.442999999999998
2025-07-18 08:00:00,52.784000000000006
2025-07-18 09:00:00,70.548
2025-07-18 10:00:00,58.93000000000001
2025-07-18 11:00:00,28.813000000000002
2025-07-18 12:00:00,1.49
2025-07-18 13:00:00,19.672
2025-07-18 14:00:00,18.482
2025-07-18 15:00:00,2.675
2025-07-18 16:00:00,2.1729999999999996
2025-07-18 17:00:00,0.22900000000000004
2025-07-18 18:00:00,0.006
2025-07-18 19:00:00,0.006
2025-07-18 20:00:00,0.006
2025-07-18 21:00:00,0.006
2025-07-18 22:00:00,0.006
2025-07-18 23:00:00,0.007
2025-07-19 00:00:00,0.006
2025-07-19 01:00:00,0.006
2025-07-19 02:00:00,0.006
2025-07-19 03:00:00,0.006
2025-07-19 04:00:00,0.006
2025-07-19 05:00:00,0.006
2025-07-19 06:00:00,0.006
2025-07-19 07:00:00,0.006
2025-07-19 08:00:00,0.006
2025-07-19 09:00:00,0.006
2025-07-19 10:00:00,0.006
2025-07-19 11:00:00,0.006
2025-07-19 12:00:00,0.006
2025-07-19 13:00:00,0.007
2025-07-19 14:00:00,0.006
2025-07-19 15:00:00,0.006
2025-07-19 16:00:00,0.006
2025-07-19 17:00:00,0.006
2025-07-19 18:00:00,0.006
2025-07-19 19:00:00,0.006
2025-07-19 20:00:00,0.006
2025-07-19 21:00:00,0.006
2025-07-19 22:00:00,0.006
2025-07-19 23:00:00,0.006
2025-07-20 00:00:00,0.006
2025-07-20 01:00:00,0.006
2025-07-20 02:00:00,0.006
2025-07-20 03:00:00,0.007
2025-07-20 04:00:00,0.006
2025-07-20 05:00:00,0.006
2025-07-20 06:00:00,0.006
2025-07-20 07:00:00,0.006
2025-07-20 08:00:00,0.006
2025-07-20 09:00:00,0.006
2025-07-20 10:00:00,0.006
2025-07-20 11:00:00,0.006
2025-07-20 12:00:00,0.006
2025-07-20 13:00:00,0.006
2025-07-20 14:00:00,0.007
2025-07-20 15:00:00,0.006
2025-07-20 16:00:00,0.006
2025-07-20 17:00:00,0.006
2025-07-20 18:00:00,0.006
2025-07-20 19:00:00,0.006
2025-07-20 20:00:00,0.006
2025-07-20 21:00:00,0.006
2025-07-20 22:00:00,0.006
2025-07-20 23:00:00,0.006
2025-07-21 00:00:00,0.006
2025-07-21 01:00:00,0.006
2025-07-21 02:00:00,0.006
2025-07-21 03:00:00,0.006
2025-07-21 04:00:00,0.006
2025-07-21 05:00:00,0.006
2025-07-21 06:00:00,0.006
2025-07-21 07:00:00,0.006
2025-07-21 08:00:00,0.006
2025-07-21 09:00:00,0.006
2025-07-21 10:00:00,0.006
2025-07-21 11:00:00,0.006
2025-07-21 12:00:00,0.006
2025-07-21 13:00:00,0.006
2025-07-21 14:00:00,0.006
2025-07-21 15:00:00,0.007
2025-07-21 16:00:00,0.006
2025-07-21 17:00:00,0.006
2025-07-21 18:00:00,0.006
2025-07-21 19:00:00,0.006
2025-07-21 20:00:00,0.006
2025-07-21 21:00:00,0.006
2025-07-21 22:00:00,0.006
2025-07-21 23:00:00,0.006
2025-07-22 00:00:00,0.006
2025-07-22 01:00:00,0.006
2025-07-22 02:00:00,0.006
2025-07-22 03:00:00,0.006
2025-07-22 04:00:00,0.006
2025-07-22 05:00:00,0.006
2025-07-22 06:00:00,0.006
2025-07-22 07:00:00,14.251000000000001
2025-07-22 08:00:00,97.80700000000002
2025-07-22 09:00:00,133.118
2025-07-22 10:00:00,107.672
2025-07-22 11:00:00,60.275999999999996
2025-07-22 12:00:00,46.581
2025-07-22 13:00:00,41.1
2025-07-22 14:00:00,28.952999999999996
2025-07-22 15:00:00,5.728999999999999
2025-07-22 16:00:00,8.083
2025-07-22 17:00:00,5.452000000000001
2025-07-22 18:00:00,2.481
2025-07-22 19:00:00,0.006
2025-07-22 20:00:00,0.006
2025-07-22 21:00:00,0.006
2025-07-22 22:00:00,0.006
2025-07-22 23:00:00,0.006
2025-07-23 00:00:00,0.006
2025-07-23 01:00:00,0.006
2025-07-23 02:00:00,0.006
2025-07-23 03:00:00,0.006
2025-07-23 04:00:00,0.006
2025-07-23 05:00:00,0.006
2025-07-23 06:00:00,0.006
2025-07-23 07:00:00,8.303
2025-07-23 08:00:00,49.151
2025-07-23 09:00:00,81.831
2025-07-23 10:00:00,60.932
2025-07-23 11:00:00,21.775
2025-07-23 12:00:00,17.136000000000003
2025-07-23 13:00:00,0.7150000000000001
2025-07-23 14:00:00,0.006
2025-07-23 15:00:00,0.005
2025-07-23 16:00:00,0.006
2025-07-23 17:00:00,1.611
2025-07-23 18:00:00,0.006
2025-07-23 19:00:00,0.006
2025-07-23 20:00:00,0.006
2025-07-23 21:00:00,0.006
2025-07-23 22:00:00,0.006
2025-07-23 23:00:00,0.006
2025-07-24 00:00:00,0.007
2025-07-24 01:00:00,0.006
2025-07-24 02:00:00,0.006
2025-07-24 03:00:00,0.006
2025-07-24 04:00:00,0.006
2025-07-24 05:00:00,0.006
2025-07-24 06:00:00,0.051
2025-07-24 07:00:00,22.519
2025-07-24 08:00:00,48.037000000000006
2025-07-24 09:00:00,89.044
2025-07-24 10:00:00,73.431
2025-07-24 11:00:00,41.737
2025-07-24 12:00:00,18.972
2025-07-24 13:00:00,2.8859999999999997
2025-07-24 14:00:00,2.8649999999999998
2025-07-24 15:00:00,2.871
2025-07-24 16:00:00,1.695
2025-07-24 17:00:00,0.29200000000000004
2025-07-24 18:00:00,0.008
2025-07-24 19:00:00,0.006
2025-07-24 20:00:00,0.006
2025-07-24 21:00:00,0.006
2025-07-24 22:00:00,0.006
2025-07-24 23:00:00,0.006
2025-07-25 00:00:00,0.006
2025-07-25 01:00:00,0.006
2025-07-25 02:00:00,0.006
2025-07-25 03:00:00,0.006
2025-07-25 04:00:00,0.006
2025-07-25 05:00:00,0.006
2025-07-25 06:00:00,4.111000000000001
2025-07-25 07:00:00,30.259
2025-07-25 08:00:00,70.78999999999999
2025-07-25 09:00:00,80.09100000000001
2025-07-25 10:00:00,62.903
2025-07-25 11:00:00,49.964
2025-07-25 12:00:00,30.942
2025-07-25 13:00:00,24.043
2025-07-25 14:00:00,4.26
2025-07-25 15:00:00,0.006
2025-07-25 16:00:00,0.728
2025-07-25 17:00:00,5.212
2025-07-25 18:00:00,1.1330000000000002
2025-07-25 19:00:00,0.006
2025-07-25 20:00:00,0.006
2025-07-25 21:00:00,0.006
2025-07-25 22:00:00,0.006
2025-07-25 23:00:00,0.006
2025-07-26 00:00:00,0.006
2025-07-26 01:00:00,0.006
2025-07-26 02:00:00,0.006
2025-07-26 03:00:00,0.006
2025-07-26 04:00:00,0.006
2025-07-26 05:00:00,0.006
2025-07-26 06:00:00,0.006
2025-07-26 07:00:00,0.006
2025-07-26 08:00:00,0.006
2025-07-26 09:00:00,0.006
2025-07-26 10:00:00,0.006
2025-07-26 11:00:00,0.006
2025-07-26 12:00:00,0.008
2025-07-26 13:00:00,0.006
2025-07-26 14:00:00,0.006
2025-07-26 15:00:00,0.006
2025-07-26 16:00:00,0.006
2025-07-26 17:00:00,0.006
2025-07-26 18:00:00,0.006
2025-07-26 19:00:00,0.006
2025-07-26 20:00:00,0.006
2025-07-26 21:00:00,0.006
2025-07-26 22:00:00,0.006
2025-07-26 23:00:00,0.006
2025-07-27 00:00:00,0.006
2025-07-27 01:00:00,0.006
2025-07-27 02:00:00,0.006
2025-07-27 03:00:00,0.006
2025-07-27 04:00:00,0.006
2025-07-27 05:00:00,0.006
2025-07-27 06:00:00,0.006
2025-07-27 07:00:00,0.006
2025-07-27 08:00:00,0.006
2025-07-27 09:00:00,0.006
2025-07-27 10:00:00,0.006
2025-07-27 11:00:00,0.008
2025-07-27 12:00:00,0.006
2025-07-27 13:00:00,0.006
2025-07-27 14:00:00,0.006
2025-07-27 15:00:00,0.006
2025-07-27 16:00:00,0.006
2025-07-27 17:00:00,0.006
2025-07-27 18:00:00,0.006
2025-07-27 19:00:00,0.006
2025-07-27 20:00:00,0.006
2025-07-27 21:00:00,0.006
2025-07-27 22:00:00,0.006
2025-07-27 23:00:00,0.006
2025-07-28 00:00:00,0.006
2025-07-28 01:00:00,0.006
2025-07-28 02:00:00,0.006
2025-07-28 03:00:00,0.006
2025-07-28 04:00:00,0.006
2025-07-28 05:00:00,0.006
2025-07-28 06:00:00,0.006
2025-07-28 07:00:00,5.361
2025-07-28 08:00:00,66.10199999999999
2025-07-28 09:00:00,103.132
2025-07-28 10:00:00,85.80399999999999
2025-07-28 11:00:00,63.33800000000001
2025-07-28 12:00:00,49.975
2025-07-28 13:00:00,34.225
2025-07-28 14:00:00,10.503
2025-07-28 15:00:00,9.607000000000001
2025-07-28 16:00:00,6.263
2025-07-28 17:00:00,0.48300000000000004
2025-07-28 18:00:00,0.007
2025-07-28 19:00:00,0.006
2025-07-28 20:00:00,0.006
2025-07-28 21:00:00,0.006
2025-07-28 22:00:00,0.006
2025-07-28 23:00:00,0.006
2025-07-29 00:00:00,0.006
2025-07-29 01:00:00,0.006
2025-07-29 02:00:00,0.007
2025-07-29 03:00:00,0.006
2025-07-29 04:00:00,0.006
2025-07-29 05:00:00,0.006
2025-07-29 06:00:00,0.006
2025-07-29 07:00:00,7.592
2025-07-29 08:00:00,40.701
2025-07-29 09:00:00,75.67200000000001
2025-07-29 10:00:00,54.108999999999995
2025-07-29 11:00:00,34.278999999999996
2025-07-29 12:00:00,19.882
2025-07-29 13:00:00,4.7330000000000005
2025-07-29 14:00:00,0.006
2025-07-29 15:00:00,0.006
2025-07-29 16:00:00,0.006
2025-07-29 17:00:00,0.76
2025-07-29 18:00:00,0.006
2025-07-29 19:00:00,0.006
2025-07-29 20:00:00,0.006
2025-07-29 21:00:00,0.006
2025-07-29 22:00:00,0.006
2025-07-29 23:00:00,0.006
2025-07-30 00:00:00,0.006
2025-07-30 01:00:00,0.006
2025-07-30 02:00:00,0.006
2025-07-30 03:00:00,0.006
2025-07-30 04:00:00,0.006
2025-07-30 05:00:00,0.006
2025-07-30 06:00:00,0.006
2025-07-30 07:00:00,0.006
2025-07-30 08:00:00,48.028
2025-07-30 09:00:00,88.372
2025-07-30 10:00:00,68.61200000000001
2025-07-30 11:00:00,49.465999999999994
2025-07-30 12:00:00,27.480000000000004
2025-07-30 13:00:00,2.602
2025-07-30 14:00:00,0.005
2025-07-30 15:00:00,0.044
2025-07-30 16:00:00,0.006
2025-07-30 17:00:00,1.7830000000000001
2025-07-30 18:00:00,0.006
2025-07-30 19:00:00,0.006
2025-07-30 20:00:00,0.006
2025-07-30 21:00:00,0.006
2025-07-30 22:00:00,0.006
2025-07-30 23:00:00,0.006
2025-07-31 00:00:00,0.006
2025-07-31 01:00:00,0.006
2025-07-31 02:00:00,0.006
2025-07-31 03:00:00,0.006
2025-07-31 04:00:00,0.006
2025-07-31 05:00:00,0.006
2025-07-31 06:00:00,0.007
2025-07-31 07:00:00,14.551
2025-07-31 08:00:00,30.555999999999997
2025-07-31 09:00:00,73.594
2025-07-31 10:00:00,58.67599999999999
2025-07-31 11:00:00,27.596000000000004
2025-07-31 12:00:00,24.904000000000003
2025-07-31 13:00:00,24.858000000000004
2025-07-31 14:00:00,18.182000000000002
2025-07-31 15:00:00,10.459999999999999
2025-07-31 16:00:00,0.006
2025-07-31 17:00:00,0.507
2025-07-31 18:00:00,0.006
2025-07-31 19:00:00,0.006
2025-07-31 20:00:00,0.006
2025-07-31 21:00:00,0.006
2025-07-31 22:00:00,0.006
2025-07-31 23:00:00,0.006
2025-08-01 00:00:00,0.006
2025-08-01 01:00:00,0.006
2025-08-01 02:00:00,0.006
2025-08-01 03:00:00,0.006
2025-08-01 04:00:00,0.006
2025-08-01 05:00:00,0.006
2025-08-01 06:00:00,0.006
2025-08-01 07:00:00,0.006
2025-08-01 08:00:00,4.507000000000001
2025-08-01 09:00:00,17.892
2025-08-01 10:00:00,17.501
2025-08-01 11:00:00,4.611
2025-08-01 12:00:00,2.991
2025-08-01 13:00:00,11.495999999999999
2025-08-01 14:00:00,9.555
2025-08-01 15:00:00,8.207
2025-08-01 16:00:00,2.215
2025-08-01 17:00:00,0.006
2025-08-01 18:00:00,0.006
2025-08-01 19:00:00,0.006
2025-08-01 20:00:00,0.006
2025-08-01 21:00:00,0.005
2025-08-01 22:00:00,0.006
2025-08-01 23:00:00,0.006
2025-08-02 00:00:00,0.006
2025-08-02 01:00:00,0.006
2025-08-02 02:00:00,0.006
2025-08-02 03:00:00,0.006
2025-08-02 04:00:00,0.006
2025-08-02 05:00:00,0.006
2025-08-02 06:00:00,0.006
2025-08-02 07:00:00,0.006
2025-08-02 08:00:00,0.006
2025-08-02 09:00:00,0.006
2025-08-02 10:00:00,0.006
2025-08-02 11:00:00,0.006
2025-08-02 12:00:00,0.006
2025-08-02 13:00:00,0.006
2025-08-02 14:00:00,0.006
2025-08-02 15:00:00,0.006
2025-08-02 16:00:00,0.006
2025-08-02 17:00:00,0.006
2025-08-02 18:00:00,0.006
2025-08-02 19:00:00,0.006
2025-08-02 20:00:00,0.007
2025-08-02 21:00:00,0.006
2025-08-02 22:00:00,0.006
2025-08-02 23:00:00,0.007
2025-08-03 00:00:00,0.006
2025-08-03 01:00:00,0.006
2025-08-03 02:00:00,0.006
2025-08-03 03:00:00,0.006
2025-08-03 04:00:00,0.006
2025-08-03 05:00:00,0.006
2025-08-03 06:00:00,0.006
2025-08-03 07:00:00,0.006
2025-08-03 08:00:00,0.006
2025-08-03 09:00:00,0.006
2025-08-03 10:00:00,0.006
2025-08-03 11:00:00,0.006
2025-08-03 12:00:00,0.006
2025-08-03 13:00:00,0.006
2025-08-03 14:00:00,0.006
2025-08-03 15:00:00,0.006
2025-08-03 16:00:00,0.006
2025-08-03 17:00:00,0.006
2025-08-03 18:00:00,0.006
2025-08-03 19:00:00,0.006
2025-08-03 20:00:00,0.006
2025-08-03 21:00:00,0.006
2025-08-03 22:00:00,0.006
2025-08-03 23:00:00,0.007
2025-08-04 00:00:00,0.006
2025-08-04 01:00:00,0.006
2025-08-04 02:00:00,0.006
2025-08-04 03:00:00,0.007
2025-08-04 04:00:00,0.006
2025-08-04 05:00:00,0.006
2025-08-04 06:00:00,0.006
2025-08-04 07:00:00,4.033
2025-08-04 08:00:00,40.86
2025-08-04 09:00:00,58.804
2025-08-04 10:00:00,65.68900000000001
2025-08-04 11:00:00,59.02199999999999
2025-08-04 12:00:00,30.701
2025-08-04 13:00:00,6.536
2025-08-04 14:00:00,6.182
2025-08-04 15:00:00,2.9809999999999994
2025-08-04 16:00:00,2.821
2025-08-04 17:00:00,1.103
2025-08-04 18:00:00,0.025
2025-08-04 19:00:00,0.006
2025-08-04 20:00:00,0.006
2025-08-04 21:00:00,0.006
2025-08-04 22:00:00,0.006
2025-08-04 23:00:00,0.006
2025-08-05 00:00:00,0.006
2025-08-05 01:00:00,0.006
2025-08-05 02:00:00,0.006
2025-08-05 03:00:00,0.006
2025-08-05 04:00:00,0.006
2025-08-05 05:00:00,0.006
2025-08-05 06:00:00,1.764
2025-08-05 07:00:00,11.81
2025-08-05 08:00:00,55.882000000000005
2025-08-05 09:00:00,80.93100000000001
2025-08-05 10:00:00,62.86400000000001
2025-08-05 11:00:00,37.903999999999996
2025-08-05 12:00:00,27.76
2025-08-05 13:00:00,13.581
2025-08-05 14:00:00,11.124
2025-08-05 15:00:00,10.693999999999999
2025-08-05 16:00:00,9.926
2025-08-05 17:00:00,3.022
2025-08-05 18:00:00,0.502
2025-08-05 19:00:00,0.006
2025-08-05 20:00:00,0.006
2025-08-05 21:00:00,0.006
2025-08-05 22:00:00,0.006
2025-08-05 23:00:00,0.006
2025-08-06 00:00:00,0.006
2025-08-06 01:00:00,0.006
2025-08-06 02:00:00,0.006
2025-08-06 03:00:00,0.006
2025-08-06 04:00:00,0.006
2025-08-06 05:00:00,0.006
2025-08-06 06:00:00,0.006
2025-08-06 07:00:00,2.1379999999999995
2025-08-06 08:00:00,30.814
2025-08-06 09:00:00,43.762
2025-08-06 10:00:00,45.768
2025-08-06 11:00:00,42.476
2025-08-06 12:00:00,30.499000000000002
2025-08-06 13:00:00,14.155000000000001
2025-08-06 14:00:00,11.474
2025-08-06 15:00:00,5.865000000000001
2025-08-06 16:00:00,0.747
2025-08-06 17:00:00,0.006
2025-08-06 18:00:00,0.006
2025-08-06 19:00:00,0.006
2025-08-06 20:00:00,0.007
2025-08-06 21:00:00,0.006
2025-08-06 22:00:00,0.006
2025-08-06 23:00:00,0.006
2025-08-07 00:00:00,0.006
2025-08-07 01:00:00,0.006
2025-08-07 02:00:00,0.006
2025-08-07 03:00:00,0.006
2025-08-07 04:00:00,0.006
2025-08-07 05:00:00,0.006
2025-08-07 06:00:00,0.007
2025-08-07 07:00:00,0.758
2025-08-07 08:00:00,62.23500000000001
2025-08-07 09:00:00,88.692
2025-08-07 10:00:00,66.438
2025-08-07 11:00:00,29.643
2025-08-07 12:00:00,10.375
2025-08-07 13:00:00,0.007
2025-08-07 14:00:00,10.161
2025-08-07 15:00:00,11.179
2025-08-07 16:00:00,11.226
2025-08-07 17:00:00,2.262
2025-08-07 18:00:00,0.006
2025-08-07 19:00:00,0.006
2025-08-07 20:00:00,0.006
2025-08-07 21:00:00,0.006
2025-08-07 22:00:00,0.006
2025-08-07 23:00:00,0.006
2025-08-08 00:00:00,0.006
2025-08-08 01:00:00,0.006
2025-08-08 02:00:00,0.006
2025-08-08 03:00:00,0.006
2025-08-08 04:00:00,0.006
2025-08-08 05:00:00,0.006
2025-08-08 06:00:00,1.038
2025-08-08 07:00:00,14.084000000000001
2025-08-08 08:00:00,59.450999999999986
2025-08-08 09:00:00,61.71
2025-08-08 10:00:00,28.576000000000004
2025-08-08 11:00:00,16.384
2025-08-08 12:00:00,8.58
2025-08-08 13:00:00,7.359999999999999
2025-08-08 14:00:00,6.257000000000001
2025-08-08 15:00:00,5.739
2025-08-08 16:00:00,2.5090000000000003
2025-08-08 17:00:00,1.686
2025-08-08 18:00:00,0.006
2025-08-08 19:00:00,0.006
2025-08-08 20:00:00,0.006
2025-08-08 21:00:00,0.006
2025-08-08 22:00:00,0.006
2025-08-08 23:00:00,0.006
2025-08-09 00:00:00,0.007
2025-08-09 01:00:00,0.006
2025-08-09 02:00:00,0.006
2025-08-09 03:00:00,0.006
2025-08-09 04:00:00,0.006
2025-08-09 05:00:00,0.006
2025-08-09 06:00:00,0.006
2025-08-09 07:00:00,0.006
2025-08-09 08:00:00,0.006
2025-08-09 09:00:00,0.007
2025-08-09 10:00:00,0.006
2025-08-09 11:00:00,0.006
2025-08-09 12:00:00,0.006
2025-08-09 13:00:00,0.006
2025-08-09 14:00:00,0.006
2025-08-09 15:00:00,0.006
2025-08-09 16:00:00,0.006
2025-08-09 17:00:00,0.006
2025-08-09 18:00:00,0.006
2025-08-09 19:00:00,0.006
2025-08-09 20:00:00,0.007
2025-08-09 21:00:00,0.006
2025-08-09 22:00:00,0.006
2025-08-09 23:00:00,0.006
2025-08-10 00:00:00,0.006
2025-08-10 01:00:00,0.006
2025-08-10 02:00:00,0.006
2025-08-10 03:00:00,0.007
2025-08-10 04:00:00,0.006
2025-08-10 05:00:00,0.006
2025-08-10 06:00:00,0.006
2025-08-10 07:00:00,0.006
2025-08-10 08:00:00,0.006
2025-08-10 09:00:00,0.006
2025-08-10 10:00:00,0.006
2025-08-10 11:00:00,0.006
2025-08-10 12:00:00,0.006
2025-08-10 13:00:00,0.006
2025-08-10 14:00:00,0.007
2025-08-10 15:00:00,0.006
2025-08-10 16:00:00,0.006
2025-08-10 17:00:00,0.007
2025-08-10 18:00:00,0.006
2025-08-10 19:00:00,0.006
2025-08-10 20:00:00,0.006
2025-08-10 21:00:00,0.006
2025-08-10 22:00:00,0.006
2025-08-10 23:00:00,0.006
2025-08-11 00:00:00,0.006
2025-08-11 01:00:00,0.006
2025-08-11 02:00:00,0.006
2025-08-11 03:00:00,0.006
2025-08-11 04:00:00,0.006
2025-08-11 05:00:00,0.006
2025-08-11 06:00:00,0.006
2025-08-11 07:00:00,4.4270000000000005
2025-08-11 08:00:00,40.632999999999996
2025-08-11 09:00:00,89.224
2025-08-11 10:00:00,75.94
2025-08-11 11:00:00,62.59100000000001
2025-08-11 12:00:00,28.851999999999997
2025-08-11 13:00:00,15.111
2025-08-11 14:00:00,26.371000000000002
2025-08-11 15:00:00,21.224000000000004
2025-08-11 16:00:00,1.7
2025-08-11 17:00:00,0.27599999999999997
2025-08-11 18:00:00,0.006
2025-08-11 19:00:00,0.006
2025-08-11 20:00:00,0.006
2025-08-11 21:00:00,0.006
2025-08-11 22:00:00,0.006
2025-08-11 23:00:00,0.006
2025-08-12 00:00:00,0.006
2025-08-12 01:00:00,0.007
2025-08-12 02:00:00,0.006
2025-08-12 03:00:00,0.006
2025-08-12 04:00:00,0.006
2025-08-12 05:00:00,0.006
2025-08-12 06:00:00,0.006
2025-08-12 07:00:00,1.7189999999999999
2025-08-12 08:00:00,38.741
2025-08-12 09:00:00,83.463
2025-08-12 10:00:00,52.066
2025-08-12 11:00:00,32.552
2025-08-12 12:00:00,19.874
2025-08-12 13:00:00,31.456000000000003
2025-08-12 14:00:00,22.426
2025-08-12 15:00:00,15.758000000000001
2025-08-12 16:00:00,11.480999999999998
2025-08-12 17:00:00,4.618
2025-08-12 18:00:00,4.264
2025-08-12 19:00:00,1.1920000000000002
2025-08-12 20:00:00,0.006
2025-08-12 21:00:00,0.006
2025-08-12 22:00:00,0.006
2025-08-12 23:00:00,0.006
2025-08-13 00:00:00,0.007
2025-08-13 01:00:00,0.006
2025-08-13 02:00:00,0.006
2025-08-13 03:00:00,0.006
2025-08-13 04:00:00,0.006
2025-08-13 05:00:00,0.006
2025-08-13 06:00:00,0.006
2025-08-13 07:00:00,19.107
2025-08-13 08:00:00,42.719
2025-08-13 09:00:00,48.096
2025-08-13 10:00:00,30.945000000000004
2025-08-13 11:00:00,12.923
2025-08-13 12:00:00,0.55
2025-08-13 13:00:00,0.6100000000000001
2025-08-13 14:00:00,0.6240000000000001
2025-08-13 15:00:00,0.781
2025-08-13 16:00:00,0.551
2025-08-13 17:00:00,0.6120000000000001
2025-08-13 18:00:00,0.22700000000000004
2025-08-13 19:00:00,0.006
2025-08-13 20:00:00,0.006
2025-08-13 21:00:00,0.006
2025-08-13 22:00:00,0.007
2025-08-13 23:00:00,0.006
2025-08-14 00:00:00,0.006
2025-08-14 01:00:00,0.006
2025-08-14 02:00:00,0.006
2025-08-14 03:00:00,0.006
2025-08-14 04:00:00,0.006
2025-08-14 05:00:00,0.006
2025-08-14 06:00:00,3.182
2025-08-14 07:00:00,24.316
2025-08-14 08:00:00,79.92999999999999
2025-08-14 09:00:00,98.68600000000002
2025-08-14 10:00:00,71.66
2025-08-14 11:00:00,43.865
2025-08-14 12:00:00,30.361000000000004
2025-08-14 13:00:00,23.226
2025-08-14 14:00:00,12.730000000000002
2025-08-14 15:00:00,14.945999999999998
2025-08-14 16:00:00,9.168000000000001
2025-08-14 17:00:00,0.006
2025-08-14 18:00:00,0.007
2025-08-14 19:00:00,0.006
2025-08-14 20:00:00,0.006
2025-08-14 21:00:00,0.006
2025-08-14 22:00:00,0.006
2025-08-14 23:00:00,0.006
2025-08-15 00:00:00,0.006
2025-08-15 01:00:00,0.006
2025-08-15 02:00:00,0.006
2025-08-15 03:00:00,0.006
2025-08-15 04:00:00,0.006
2025-08-15 05:00:00,0.007
2025-08-15 06:00:00,0.006
2025-08-15 07:00:00,0.006
2025-08-15 08:00:00,0.006
2025-08-15 09:00:00,0.006
2025-08-15 10:00:00,0.006
2025-08-15 11:00:00,0.007
2025-08-15 12:00:00,0.006
2025-08-15 13:00:00,0.006
2025-08-15 14:00:00,0.006
2025-08-15 15:00:00,0.006
2025-08-15 16:00:00,0.007
2025-08-15 17:00:00,0.006
2025-08-15 18:00:00,0.006
2025-08-15 19:00:00,0.006
2025-08-15 20:00:00,0.006
2025-08-15 21:00:00,0.006
2025-08-15 22:00:00,0.006
2025-08-15 23:00:00,0.006
2025-08-16 00:00:00,0.006
2025-08-16 01:00:00,0.007
2025-08-16 02:00:00,0.006
2025-08-16 03:00:00,0.006
2025-08-16 04:00:00,0.006
2025-08-16 05:00:00,0.006
2025-08-16 06:00:00,0.006
2025-08-16 07:00:00,0.006
2025-08-16 08:00:00,0.006
2025-08-16 09:00:00,0.006
2025-08-16 10:00:00,0.006
2025-08-16 11:00:00,0.006
2025-08-16 12:00:00,0.006
2025-08-16 13:00:00,0.006
2025-08-16 14:00:00,0.007
2025-08-16 15:00:00,0.006
2025-08-16 16:00:00,0.006
2025-08-16 17:00:00,0.006
2025-08-16 18:00:00,0.006
2025-08-16 19:00:00,0.006
2025-08-16 20:00:00,0.006
2025-08-16 21:00:00,0.006
2025-08-16 22:00:00,0.006
2025-08-16 23:00:00,0.006
2025-08-17 00:00:00,0.006
2025-08-17 01:00:00,0.006
2025-08-17 02:00:00,0.006
2025-08-17 03:00:00,0.006
2025-08-17 04:00:00,0.006
2025-08-17 05:00:00,0.007
2025-08-17 06:00:00,0.006
2025-08-17 07:00:00,0.006
2025-08-17 08:00:00,0.006
2025-08-17 09:00:00,0.006
2025-08-17 10:00:00,0.006
2025-08-17 11:00:00,0.006
2025-08-17 12:00:00,0.006
2025-08-17 13:00:00,0.007
2025-08-17 14:00:00,0.006
2025-08-17 15:00:00,0.006
2025-08-17 16:00:00,0.006
2025-08-17 17:00:00,0.006
2025-08-17 18:00:00,0.006
2025-08-17 19:00:00,0.006
2025-08-17 20:00:00,0.006
2025-08-17 21:00:00,0.006
2025-08-17 22:00:00,0.007
2025-08-17 23:00:00,0.006
2025-08-18 00:00:00,0.006
2025-08-18 01:00:00,0.006
2025-08-18 02:00:00,0.006
2025-08-18 03:00:00,0.006
2025-08-18 04:00:00,0.006
2025-08-18 05:00:00,0.006
2025-08-18 06:00:00,0.006
2025-08-18 07:00:00,7.555000000000001
2025-08-18 08:00:00,67.556
2025-08-18 09:00:00,105.73500000000001
2025-08-18 10:00:00,98.98700000000001
2025-08-18 11:00:00,64.91
2025-08-18 12:00:00,42.19
2025-08-18 13:00:00,25.118
2025-08-18 14:00:00,11.568
2025-08-18 15:00:00,2.8899999999999997
2025-08-18 16:00:00,1.314
2025-08-18 17:00:00,0.006
2025-08-18 18:00:00,0.006
2025-08-18 19:00:00,0.006
2025-08-18 20:00:00,0.006
2025-08-18 21:00:00,0.007
2025-08-18 22:00:00,0.006
2025-08-18 23:00:00,0.006
2025-08-19 00:00:00,0.006
2025-08-19 01:00:00,0.006
2025-08-19 02:00:00,0.006
2025-08-19 03:00:00,0.006
2025-08-19 04:00:00,0.006
2025-08-19 05:00:00,0.006
2025-08-19 06:00:00,0.006
2025-08-19 07:00:00,2.9659999999999997
2025-08-19 08:00:00,65.77100000000002
2025-08-19 09:00:00,100.63300000000002
2025-08-19 10:00:00,65.983
2025-08-19 11:00:00,63.962
2025-08-19 12:00:00,44.126
2025-08-19 13:00:00,28.999000000000002
2025-08-19 14:00:00,4.243
2025-08-19 15:00:00,0.006
2025-08-19 16:00:00,0.8370000000000001
2025-08-19 17:00:00,0.019
2025-08-19 18:00:00,5.5120000000000005
2025-08-19 19:00:00,0.006
2025-08-19 20:00:00,0.006
2025-08-19 21:00:00,0.006
2025-08-19 22:00:00,0.006
2025-08-19 23:00:00,0.006
2025-08-20 00:00:00,0.006
2025-08-20 01:00:00,0.006
2025-08-20 02:00:00,0.006
2025-08-20 03:00:00,0.006
2025-08-20 04:00:00,0.006
2025-08-20 05:00:00,0.006
2025-08-20 06:00:00,0.006
2025-08-20 07:00:00,2.174
2025-08-20 08:00:00,28.881999999999998
2025-08-20 09:00:00,57.946000000000005
2025-08-20 10:00:00,52.078
2025-08-20 11:00:00,17.737000000000002
2025-08-20 12:00:00,10.376000000000001
2025-08-20 13:00:00,0.006
2025-08-20 14:00:00,0.006
2025-08-20 15:00:00,0.007
2025-08-20 16:00:00,0.008
2025-08-20 17:00:00,0.006
2025-08-20 18:00:00,0.006
2025-08-20 19:00:00,0.006
2025-08-20 20:00:00,0.006
2025-08-20 21:00:00,0.006
2025-08-20 22:00:00,0.006
2025-08-20 23:00:00,0.006
2025-08-21 00:00:00,0.006
2025-08-21 01:00:00,0.006
2025-08-21 02:00:00,0.006
2025-08-21 03:00:00,0.006
2025-08-21 04:00:00,0.006
2025-08-21 05:00:00,0.006
2025-08-21 06:00:00,1.0930000000000002
2025-08-21 07:00:00,5.515000000000001
2025-08-21 08:00:00,50.358000000000004
2025-08-21 09:00:00,52.88700000000001
2025-08-21 10:00:00,37.754999999999995
2025-08-21 11:00:00,21.23
2025-08-21 12:00:00,21.93
2025-08-21 13:00:00,17.043
2025-08-21 14:00:00,8.998
2025-08-21 15:00:00,0.17600000000000002
2025-08-21 16:00:00,0.067
2025-08-21 17:00:00,0.006
2025-08-21 18:00:00,0.006
2025-08-21 19:00:00,0.006
2025-08-21 20:00:00,0.007
2025-08-21 21:00:00,0.006
2025-08-21 22:00:00,0.006
2025-08-21 23:00:00,0.006
2025-08-22 00:00:00,0.006
2025-08-22 01:00:00,0.006
2025-08-22 02:00:00,0.006
2025-08-22 03:00:00,0.006
2025-08-22 04:00:00,0.006
2025-08-22 05:00:00,1.0550000000000002
2025-08-22 06:00:00,5.96
2025-08-22 07:00:00,15.684000000000001
2025-08-22 08:00:00,52.706
2025-08-22 09:00:00,53.812000000000005
2025-08-22 10:00:00,28.766000000000002
2025-08-22 11:00:00,27.941000000000003
2025-08-22 12:00:00,33.387
2025-08-22 13:00:00,25.075
2025-08-22 14:00:00,23.022000000000002
2025-08-22 15:00:00,18.892000000000003
2025-08-22 16:00:00,4.84
2025-08-22 17:00:00,0.006
2025-08-22 18:00:00,0.006
2025-08-22 19:00:00,0.006
2025-08-22 20:00:00,0.006
2025-08-22 21:00:00,0.006
2025-08-22 22:00:00,0.006
2025-08-22 23:00:00,0.007
2025-08-23 00:00:00,0.006
2025-08-23 01:00:00,0.006
2025-08-23 02:00:00,0.006
2025-08-23 03:00:00,0.006
2025-08-23 04:00:00,0.006
2025-08-23 05:00:00,0.006
2025-08-23 06:00:00,0.006
2025-08-23 07:00:00,0.006
2025-08-23 08:00:00,0.006
2025-08-23 09:00:00,0.006
2025-08-23 10:00:00,0.006
2025-08-23 11:00:00,0.006
2025-08-23 12:00:00,0.006
2025-08-23 13:00:00,0.007
2025-08-23 14:00:00,0.006
2025-08-23 15:00:00,0.006
2025-08-23 16:00:00,0.006
2025-08-23 17:00:00,0.006
2025-08-23 18:00:00,0.006
2025-08-23 19:00:00,0.006
2025-08-23 20:00:00,0.006
2025-08-23 21:00:00,0.006
2025-08-23 22:00:00,0.006
2025-08-23 23:00:00,0.006
2025-08-24 00:00:00,0.006
2025-08-24 01:00:00,0.007
2025-08-24 02:00:00,0.006
2025-08-24 03:00:00,0.006
2025-08-24 04:00:00,0.006
2025-08-24 05:00:00,0.006
2025-08-24 06:00:00,0.006
2025-08-24 07:00:00,0.006
2025-08-24 08:00:00,0.006
2025-08-24 09:00:00,0.007
2025-08-24 10:00:00,0.006
2025-08-24 11:00:00,0.006
2025-08-24 12:00:00,0.006
2025-08-24 13:00:00,0.006
2025-08-24 14:00:00,0.006
2025-08-24 15:00:00,0.006
2025-08-24 16:00:00,0.006
2025-08-24 17:00:00,0.006
2025-08-24 18:00:00,0.007
2025-08-24 19:00:00,0.006
2025-08-24 20:00:00,0.006
2025-08-24 21:00:00,0.006
2025-08-24 22:00:00,0.006
2025-08-24 23:00:00,0.006
2025-08-25 00:00:00,0.006
2025-08-25 01:00:00,0.007
2025-08-25 02:00:00,0.006
2025-08-25 03:00:00,0.006
2025-08-25 04:00:00,0.006
2025-08-25 05:00:00,0.006
2025-08-25 06:00:00,1.504
2025-08-25 07:00:00,13.947
2025-08-25 08:00:00,45.006
2025-08-25 09:00:00,41.915000000000006
2025-08-25 10:00:00,45.04600000000001
2025-08-25 11:00:00,36.56
2025-08-25 12:00:00,28.387999999999998
2025-08-25 13:00:00,24.582
2025-08-25 14:00:00,20.279
2025-08-25 15:00:00,15.777999999999999
2025-08-25 16:00:00,8.305
2025-08-25 17:00:00,0.006
2025-08-25 18:00:00,0.005
2025-08-25 19:00:00,0.007
2025-08-25 20:00:00,0.006
2025-08-25 21:00:00,0.006
2025-08-25 22:00:00,0.006
2025-08-25 23:00:00,0.006
2025-08-26 00:00:00,0.006
2025-08-26 01:00:00,0.006
2025-08-26 02:00:00,0.006
2025-08-26 03:00:00,0.006
2025-08-26 04:00:00,0.006
2025-08-26 05:00:00,0.224
2025-08-26 06:00:00,3.464
2025-08-26 07:00:00,5.861000000000001
2025-08-26 08:00:00,50.54800000000001
2025-08-26 09:00:00,107.74300000000001
2025-08-26 10:00:00,82.82499999999999
2025-08-26 11:00:00,53.789
2025-08-26 12:00:00,44.271
2025-08-26 13:00:00,23.384
2025-08-26 14:00:00,4.985
2025-08-26 15:00:00,21.888
2025-08-26 16:00:00,22.297
2025-08-26 17:00:00,35.753
2025-08-26 18:00:00,19.826999999999998
2025-08-26 19:00:00,11.208
2025-08-26 20:00:00,6.9030000000000005
2025-08-26 21:00:00,0.006
2025-08-26 22:00:00,0.006
2025-08-26 23:00:00,0.006
2025-08-27 00:00:00,0.006
2025-08-27 01:00:00,0.006
2025-08-27 02:00:00,0.006
2025-08-27 03:00:00,0.006
2025-08-27 04:00:00,0.006
2025-08-27 05:00:00,0.006
2025-08-27 06:00:00,1.608
2025-08-27 07:00:00,16.238999999999997
2025-08-27 08:00:00,51.358000000000004
2025-08-27 09:00:00,71.855
2025-08-27 10:00:00,54.537000000000006
2025-08-27 11:00:00,43.389
2025-08-27 12:00:00,25.652
2025-08-27 13:00:00,15.992
2025-08-27 14:00:00,8.715
2025-08-27 15:00:00,10.368
2025-08-27 16:00:00,5.9559999999999995
2025-08-27 17:00:00,1.346
2025-08-27 18:00:00,0.006
2025-08-27 19:00:00,0.006
2025-08-27 20:00:00,0.006
2025-08-27 21:00:00,0.006
2025-08-27 22:00:00,0.006
2025-08-27 23:00:00,0.006
2025-08-28 00:00:00,0.006
2025-08-28 01:00:00,0.006
2025-08-28 02:00:00,0.006
2025-08-28 03:00:00,0.006
2025-08-28 04:00:00,0.006
2025-08-28 05:00:00,0.006
2025-08-28 06:00:00,1.024
2025-08-28 07:00:00,7.434
2025-08-28 08:00:00,15.565000000000001
2025-08-28 09:00:00,36.223000000000006
2025-08-28 10:00:00,47.42300000000001
2025-08-28 11:00:00,31.419
2025-08-28 12:00:00,23.442000000000004
2025-08-28 13:00:00,12.683000000000002
2025-08-28 14:00:00,19.268
2025-08-28 15:00:00,14.963000000000001
2025-08-28 16:00:00,8.097
2025-08-28 17:00:00,0.971
2025-08-28 18:00:00,0.006
2025-08-28 19:00:00,0.006
2025-08-28 20:00:00,0.006
2025-08-28 21:00:00,0.006
2025-08-28 22:00:00,0.006
2025-08-28 23:00:00,0.006
2025-08-29 00:00:00,0.006
2025-08-29 01:00:00,0.006
2025-08-29 02:00:00,0.006
2025-08-29 03:00:00,0.006
2025-08-29 04:00:00,0.006
2025-08-29 05:00:00,0.006
2025-08-29 06:00:00,1.039
2025-08-29 07:00:00,17.442
2025-08-29 08:00:00,54.333999999999996
2025-08-29 09:00:00,70.92500000000001
2025-08-29 10:00:00,70.797
2025-08-29 11:00:00,68.35399999999998
2025-08-29 12:00:00,56.91499999999999
2025-08-29 13:00:00,50.335
2025-08-29 14:00:00,14.179000000000002
2025-08-29 15:00:00,0.043000000000000003
2025-08-29 16:00:00,0.005
2025-08-29 17:00:00,0.52
2025-08-29 18:00:00,0.006
2025-08-29 19:00:00,0.006
2025-08-29 20:00:00,0.006
2025-08-29 21:00:00,0.006
2025-08-29 22:00:00,0.007
2025-08-29 23:00:00,0.006
2025-08-30 00:00:00,0.006
2025-08-30 01:00:00,0.006
2025-08-30 02:00:00,0.006
2025-08-30 03:00:00,0.006
2025-08-30 04:00:00,0.006
2025-08-30 05:00:00,0.006
2025-08-30 06:00:00,0.006
2025-08-30 07:00:00,0.006
2025-08-30 08:00:00,0.006
2025-08-30 09:00:00,0.007
2025-08-30 10:00:00,0.006
2025-08-30 11:00:00,0.006
2025-08-30 12:00:00,0.006
2025-08-30 13:00:00,0.006
2025-08-30 14:00:00,0.006
2025-08-30 15:00:00,0.006
2025-08-30 16:00:00,0.006
2025-08-30 17:00:00,0.006
2025-08-30 18:00:00,0.006
2025-08-30 19:00:00,0.006
2025-08-30 20:00:00,0.006
2025-08-30 21:00:00,0.006
2025-08-30 22:00:00,0.006
2025-08-30 23:00:00,0.006
2025-08-31 00:00:00,0.006
2025-08-31 01:00:00,0.006
2025-08-31 02:00:00,0.006
2025-08-31 03:00:00,0.006
2025-08-31 04:00:00,0.006
2025-08-31 05:00:00,0.006
2025-08-31 06:00:00,0.006
2025-08-31 07:00:00,0.006
2025-08-31 08:00:00,0.006
2025-08-31 09:00:00,0.006
2025-08-31 10:00:00,0.006
2025-08-31 11:00:00,0.006
2025-08-31 12:00:00,0.006
2025-08-31 13:00:00,0.006
2025-08-31 14:00:00,0.006
2025-08-31 15:00:00,0.006
2025-08-31 16:00:00,0.006
2025-08-31 17:00:00,0.007
2025-08-31 18:00:00,0.006
2025-08-31 19:00:00,0.006
2025-08-31 20:00:00,0.006
2025-08-31 21:00:00,0.006
2025-08-31 22:00:00,0.006
2025-08-31 23:00:00,0.006
2025-09-01 00:00:00,0.007
2025-09-01 01:00:00,0.006
2025-09-01 02:00:00,0.006
2025-09-01 03:00:00,0.006
2025-09-01 04:00:00,0.006
2025-09-01 05:00:00,0.006
2025-09-01 06:00:00,0.006
2025-09-01 07:00:00,0.78
2025-09-01 08:00:00,41.784
2025-09-01 09:00:00,88.53099999999999
2025-09-01 10:00:00,72.611
2025-09-01 11:00:00,52.67700000000001
2025-09-01 12:00:00,40.141000000000005
2025-09-01 13:00:00,14.179000000000002
2025-09-01 14:00:00,12.015
2025-09-01 15:00:00,11.450000000000001
2025-09-01 16:00:00,11.440000000000001
2025-09-01 17:00:00,11.17
2025-09-01 18:00:00,0.006
2025-09-01 19:00:00,0.006
2025-09-01 20:00:00,0.006
2025-09-01 21:00:00,0.006
2025-09-01 22:00:00,0.006
2025-09-01 23:00:00,0.006
2025-09-02 00:00:00,0.006
2025-09-02 01:00:00,0.006
2025-09-02 02:00:00,0.006
2025-09-02 03:00:00,0.006
2025-09-02 04:00:00,0.006
2025-09-02 05:00:00,0.006
2025-09-02 06:00:00,0.006
2025-09-02 07:00:00,8.925
2025-09-02 08:00:00,71.89999999999999
2025-09-02 09:00:00,115.01200000000001
2025-09-02 10:00:00,71.111
2025-09-02 11:00:00,31.568
2025-09-02 12:00:00,26.584000000000003
2025-09-02 13:00:00,16.049
2025-09-02 14:00:00,2.453
2025-09-02 15:00:00,1.7160000000000004
2025-09-02 16:00:00,0.913
2025-09-02 17:00:00,3.9269999999999996
2025-09-02 18:00:00,0.14200000000000002
2025-09-02 19:00:00,0.006
2025-09-02 20:00:00,0.006
2025-09-02 21:00:00,0.006
2025-09-02 22:00:00,0.006
2025-09-02 23:00:00,0.006
2025-09-03 00:00:00,0.006
2025-09-03 01:00:00,0.006
2025-09-03 02:00:00,0.006
2025-09-03 03:00:00,0.006
2025-09-03 04:00:00,0.005
2025-09-03 05:00:00,0.006
2025-09-03 06:00:00,0.006
2025-09-03 07:00:00,20.831000000000003
2025-09-03 08:00:00,38.271
2025-09-03 09:00:00,63.318999999999996
2025-09-03 10:00:00,39.835
2025-09-03 11:00:00,29.694000000000003
2025-09-03 12:00:00,5.48
2025-09-03 13:00:00,0.006
2025-09-03 14:00:00,0.006
2025-09-03 15:00:00,0.006
2025-09-03 16:00:00,0.006
2025-09-03 17:00:00,0.498
2025-09-03 18:00:00,7.939000000000001
2025-09-03 19:00:00,0.006
2025-09-03 20:00:00,0.006
2025-09-03 21:00:00,0.006
2025-09-03 22:00:00,0.006
2025-09-03 23:00:00,0.006
2025-09-04 00:00:00,0.006
2025-09-04 01:00:00,0.006
2025-09-04 02:00:00,0.006
2025-09-04 03:00:00,0.006
2025-09-04 04:00:00,0.006
2025-09-04 05:00:00,0.006
2025-09-04 06:00:00,0.006
2025-09-04 07:00:00,5.575
2025-09-04 08:00:00,61.661
2025-09-04 09:00:00,113.215
2025-09-04 10:00:00,77.401
2025-09-04 11:00:00,65.299
2025-09-04 12:00:00,56.026
2025-09-04 13:00:00,31.952
2025-09-04 14:00:00,23.834000000000003
2025-09-04 15:00:00,6.322
2025-09-04 16:00:00,0.006
2025-09-04 17:00:00,0.538
2025-09-04 18:00:00,0.006
2025-09-04 19:00:00,0.006
2025-09-04 20:00:00,0.006
2025-09-04 21:00:00,0.006
2025-09-04 22:00:00,0.006
2025-09-04 23:00:00,0.006
2025-09-05 00:00:00,0.006
2025-09-05 01:00:00,0.006
2025-09-05 02:00:00,0.006
2025-09-05 03:00:00,0.006
2025-09-05 04:00:00,0.006
2025-09-05 05:00:00,0.006
2025-09-05 06:00:00,1.887
2025-09-05 07:00:00,32.426
2025-09-05 08:00:00,97.53999999999999
2025-09-05 09:00:00,130.126
2025-09-05 10:00:00,85.61600000000001
2025-09-05 11:00:00,53.816
2025-09-05 12:00:00,35.336999999999996
2025-09-05 13:00:00,21.641000000000002
2025-09-05 14:00:00,15.576
2025-09-05 15:00:00,6.996
2025-09-05 16:00:00,3.0300000000000002
2025-09-05 17:00:00,0.279
2025-09-05 18:00:00,0.014
2025-09-05 19:00:00,0.006
2025-09-05 20:00:00,0.006
2025-09-05 21:00:00,0.006
2025-09-05 22:00:00,0.006
2025-09-05 23:00:00,0.006
2025-09-06 00:00:00,0.006
2025-09-06 01:00:00,0.006
2025-09-06 02:00:00,0.006
2025-09-06 03:00:00,0.006
2025-09-06 04:00:00,0.006
2025-09-06 05:00:00,0.006
2025-09-06 06:00:00,0.006
2025-09-06 07:00:00,0.006
2025-09-06 08:00:00,0.006
2025-09-06 09:00:00,0.006
2025-09-06 10:00:00,0.006
2025-09-06 11:00:00,0.006
2025-09-06 12:00:00,0.006
2025-09-06 13:00:00,0.006
2025-09-06 14:00:00,0.006
2025-09-06 15:00:00,0.006
2025-09-06 16:00:00,0.007
2025-09-06 17:00:00,0.006
2025-09-06 18:00:00,0.007
2025-09-06 19:00:00,0.006
2025-09-06 20:00:00,0.006
2025-09-06 21:00:00,0.006
2025-09-06 22:00:00,0.006
2025-09-06 23:00:00,0.006
2025-09-07 00:00:00,0.006
2025-09-07 01:00:00,0.006
2025-09-07 02:00:00,0.006
2025-09-07 03:00:00,0.006
2025-09-07 04:00:00,0.006
2025-09-07 05:00:00,0.006
2025-09-07 06:00:00,0.006
2025-09-07 07:00:00,0.006
2025-09-07 08:00:00,0.006
2025-09-07 09:00:00,0.006
2025-09-07 10:00:00,0.006
2025-09-07 11:00:00,0.006
2025-09-07 12:00:00,0.006
2025-09-07 13:00:00,0.006
2025-09-07 14:00:00,0.006
2025-09-07 15:00:00,0.006
2025-09-07 16:00:00,0.006
2025-09-07 17:00:00,0.006
2025-09-07 18:00:00,0.007
2025-09-07 19:00:00,0.006
2025-09-07 20:00:00,0.007
2025-09-07 21:00:00,0.006
2025-09-07 22:00:00,0.006
2025-09-07 23:00:00,0.006
2025-09-08 00:00:00,0.006
2025-09-08 01:00:00,0.006
2025-09-08 02:00:00,0.006
2025-09-08 03:00:00,0.006
2025-09-08 04:00:00,0.006
2025-09-08 05:00:00,0.006
2025-09-08 06:00:00,0.006
2025-09-08 07:00:00,10.25
2025-09-08 08:00:00,42.353
2025-09-08 09:00:00,80.26700000000002
2025-09-08 10:00:00,69.78299999999999
2025-09-08 11:00:00,49.202999999999996
2025-09-08 12:00:00,34.328
2025-09-08 13:00:00,26.467000000000002
2025-09-08 14:00:00,40.097
2025-09-08 15:00:00,23.235
2025-09-08 16:00:00,6.6419999999999995
2025-09-08 17:00:00,0.8350000000000001
2025-09-08 18:00:00,0.006
2025-09-08 19:00:00,0.017
2025-09-08 20:00:00,0.007
2025-09-08 21:00:00,0.006
2025-09-08 22:00:00,0.006
2025-09-08 23:00:00,0.006
2025-09-09 00:00:00,0.006
2025-09-09 01:00:00,0.006
2025-09-09 02:00:00,0.006
2025-09-09 03:00:00,0.006
2025-09-09 04:00:00,0.006
2025-09-09 05:00:00,0.006
2025-09-09 06:00:00,0.006
2025-09-09 07:00:00,9.13
2025-09-09 08:00:00,88.33200000000001
2025-09-09 09:00:00,149.64199999999997
2025-09-09 10:00:00,123.137
2025-09-09 11:00:00,58.544
2025-09-09 12:00:00,37.322
2025-09-09 13:00:00,21.256
2025-09-09 14:00:00,17.066
2025-09-09 15:00:00,4.527
2025-09-09 16:00:00,0.006
2025-09-09 17:00:00,1.306
2025-09-09 18:00:00,0.923
2025-09-09 19:00:00,0.006
2025-09-09 20:00:00,0.008
2025-09-09 21:00:00,0.006
2025-09-09 22:00:00,0.006
2025-09-09 23:00:00,0.006
2025-09-10 00:00:00,0.004
2025-09-10 01:00:00,0.006
2025-09-10 02:00:00,0.006
2025-09-10 03:00:00,0.006
2025-09-10 04:00:00,0.006
2025-09-10 05:00:00,0.006
2025-09-10 06:00:00,0.006
2025-09-10 07:00:00,14.035
2025-09-10 08:00:00,99.6
2025-09-10 09:00:00,140.479
2025-09-10 10:00:00,111.691
2025-09-10 11:00:00,62.300000000000004
2025-09-10 12:00:00,33.653999999999996
2025-09-10 13:00:00,15.654000000000002
2025-09-10 14:00:00,0.005
2025-09-10 15:00:00,0.006
2025-09-10 16:00:00,0.017
2025-09-10 17:00:00,0.46199999999999997
2025-09-10 18:00:00,0.09100000000000001
2025-09-10 19:00:00,0.006
2025-09-10 20:00:00,0.006
2025-09-10 21:00:00,0.006
2025-09-10 22:00:00,0.006
2025-09-10 23:00:00,0.006
2025-09-11 00:00:00,0.006
2025-09-11 01:00:00,0.006
2025-09-11 02:00:00,0.006
2025-09-11 03:00:00,0.006
2025-09-11 04:00:00,0.006
2025-09-11 05:00:00,0.006
2025-09-11 06:00:00,0.006
2025-09-11 07:00:00,2.695
2025-09-11 08:00:00,80.51200000000001
2025-09-11 09:00:00,141.84300000000002
2025-09-11 10:00:00,121.50099999999998
2025-09-11 11:00:00,72.06800000000001
2025-09-11 12:00:00,55.70100000000001
2025-09-11 13:00:00,31.490000000000002
2025-09-11 14:00:00,24.075
2025-09-11 15:00:00,14.704
2025-09-11 16:00:00,22.487000000000002
2025-09-11 17:00:00,22.399
2025-09-11 18:00:00,5.546
2025-09-11 19:00:00,11.289
2025-09-11 20:00:00,11.285
2025-09-11 21:00:00,5.922000000000001
2025-09-11 22:00:00,0.04
2025-09-11 23:00:00,0.006
2025-09-12 00:00:00,0.006
2025-09-12 01:00:00,0.006
2025-09-12 02:00:00,0.006
2025-09-12 03:00:00,0.006
2025-09-12 04:00:00,0.006
2025-09-12 05:00:00,0.006
2025-09-12 06:00:00,2.6279999999999997
2025-09-12 07:00:00,21.194000000000003
2025-09-12 08:00:00,58.46600000000001
2025-09-12 09:00:00,96.56799999999998
2025-09-12 10:00:00,94.70700000000001
2025-09-12 11:00:00,54.054
2025-09-12 12:00:00,31.598000000000003
2025-09-12 13:00:00,10.798
2025-09-12 14:00:00,0.46499999999999997
2025-09-12 15:00:00,0.006
2025-09-12 16:00:00,0.005
2025-09-12 17:00:00,0.005
2025-09-12 18:00:00,0.006
2025-09-12 19:00:00,0.006
2025-09-12 20:00:00,0.006
2025-09-12 21:00:00,0.006
2025-09-12 22:00:00,0.006
2025-09-12 23:00:00,0.006
2025-09-13 00:00:00,0.006
2025-09-13 01:00:00,0.006
2025-09-13 02:00:00,0.006
2025-09-13 03:00:00,0.006
2025-09-13 04:00:00,0.006
2025-09-13 05:00:00,0.006
2025-09-13 06:00:00,0.006
2025-09-13 07:00:00,0.006
2025-09-13 08:00:00,0.006
2025-09-13 09:00:00,0.006
2025-09-13 10:00:00,0.006
2025-09-13 11:00:00,0.006
2025-09-13 12:00:00,0.006
2025-09-13 13:00:00,0.006
2025-09-13 14:00:00,0.006
2025-09-13 15:00:00,0.006
2025-09-13 16:00:00,0.006
2025-09-13 17:00:00,0.006
2025-09-13 18:00:00,0.006
2025-09-13 19:00:00,0.006
2025-09-13 20:00:00,0.006
2025-09-13 21:00:00,0.006
2025-09-13 22:00:00,0.006
2025-09-13 23:00:00,0.006
2025-09-14 00:00:00,0.006
2025-09-14 01:00:00,0.006
2025-09-14 02:00:00,0.006
2025-09-14 03:00:00,0.006
2025-09-14 04:00:00,0.006
2025-09-14 05:00:00,0.006
2025-09-14 06:00:00,0.006
2025-09-14 07:00:00,0.006
2025-09-14 08:00:00,0.006
2025-09-14 09:00:00,0.006
2025-09-14 10:00:00,0.006
2025-09-14 11:00:00,0.006
2025-09-14 12:00:00,0.006
2025-09-14 13:00:00,0.006
2025-09-14 14:00:00,0.006
2025-09-14 15:00:00,0.006
2025-09-14 16:00:00,0.006
2025-09-14 17:00:00,0.006
2025-09-14 18:00:00,0.006
2025-09-14 19:00:00,0.006
2025-09-14 20:00:00,0.006
2025-09-14 21:00:00,0.006
2025-09-14 22:00:00,0.006
2025-09-14 23:00:00,0.006
2025-09-15 00:00:00,0.006
2025-09-15 01:00:00,0.006
2025-09-15 02:00:00,0.006
2025-09-15 03:00:00,0.006
2025-09-15 04:00:00,0.006
2025-09-15 05:00:00,0.006
2025-09-15 06:00:00,0.006
2025-09-15 07:00:00,8.766000000000002
2025-09-15 08:00:00,72.91499999999999
2025-09-15 09:00:00,92.63999999999999
2025-09-15 10:00:00,86.25600000000001
2025-09-15 11:00:00,61.126999999999995
2025-09-15 12:00:00,39.341
2025-09-15 13:00:00,32.084
2025-09-15 14:00:00,4.259
2025-09-15 15:00:00,0.006
2025-09-15 16:00:00,0.006
2025-09-15 17:00:00,0.006
2025-09-15 18:00:00,0.006
2025-09-15 19:00:00,0.006
2025-09-15 20:00:00,0.006
2025-09-15 21:00:00,0.006
2025-09-15 22:00:00,0.006
2025-09-15 23:00:00,0.006
2025-09-16 00:00:00,0.006
2025-09-16 01:00:00,0.006
2025-09-16 02:00:00,0.006
2025-09-16 03:00:00,0.006
2025-09-16 04:00:00,0.006
2025-09-16 05:00:00,0.006
2025-09-16 06:00:00,0.006
2025-09-16 07:00:00,0.464
2025-09-16 08:00:00,82.906
2025-09-16 09:00:00,131.46200000000002
2025-09-16 10:00:00,119.203
2025-09-16 11:00:00,90.214
2025-09-16 12:00:00,67.19800000000001
2025-09-16 13:00:00,42.94200000000001
2025-09-16 14:00:00,25.815
2025-09-16 15:00:00,2.82
2025-09-16 16:00:00,0.026000000000000002
2025-09-16 17:00:00,0.007
2025-09-16 18:00:00,0.006
2025-09-16 19:00:00,0.006
2025-09-16 20:00:00,0.006
2025-09-16 21:00:00,0.006
2025-09-16 22:00:00,0.006
2025-09-16 23:00:00,0.006
2025-09-17 00:00:00,0.006
2025-09-17 01:00:00,0.006
2025-09-17 02:00:00,0.006
2025-09-17 03:00:00,0.006
2025-09-17 04:00:00,0.006
2025-09-17 05:00:00,0.006
2025-09-17 06:00:00,0.006
2025-09-17 07:00:00,2.271
2025-09-17 08:00:00,23.012
2025-09-17 09:00:00,60.181
2025-09-17 10:00:00,45.547000000000004
2025-09-17 11:00:00,33.689
2025-09-17 12:00:00,12.280999999999999
2025-09-17 13:00:00,11.09
2025-09-17 14:00:00,10.371
2025-09-17 15:00:00,1.7340000000000002
2025-09-17 16:00:00,0.024
2025-09-17 17:00:00,0.006
2025-09-17 18:00:00,0.027000000000000003
2025-09-17 19:00:00,0.006
2025-09-17 20:00:00,0.006
2025-09-17 21:00:00,0.006
2025-09-17 22:00:00,0.006
2025-09-17 23:00:00,0.006
2025-09-18 00:00:00,0.006
2025-09-18 01:00:00,0.006
2025-09-18 02:00:00,0.006
2025-09-18 03:00:00,0.006
2025-09-18 04:00:00,0.006
2025-09-18 05:00:00,0.006
2025-09-18 06:00:00,1.403
2025-09-18 07:00:00,11.951
2025-09-18 08:00:00,46.602999999999994
2025-09-18 09:00:00,84.988
2025-09-18 10:00:00,68.148
2025-09-18 11:00:00,47.019
2025-09-18 12:00:00,23.395
2025-09-18 13:00:00,13.843
2025-09-18 14:00:00,11.222000000000001
2025-09-18 15:00:00,3.1950000000000003
2025-09-18 16:00:00,0.046000000000000006
2025-09-18 17:00:00,0.006
2025-09-18 18:00:00,0.006
2025-09-18 19:00:00,0.006
2025-09-18 20:00:00,0.006
2025-09-18 21:00:00,0.006
2025-09-18 22:00:00,0.006
2025-09-18 23:00:00,0.006
2025-09-19 00:00:00,0.006
2025-09-19 01:00:00,0.006
2025-09-19 02:00:00,0.006
2025-09-19 03:00:00,0.006
2025-09-19 04:00:00,0.006
2025-09-19 05:00:00,0.006
2025-09-19 06:00:00,2.875
2025-09-19 07:00:00,29.166999999999998
2025-09-19 08:00:00,74.24
2025-09-19 09:00:00,93.24800000000002
2025-09-19 10:00:00,76.87299999999999
2025-09-19 11:00:00,51.474
2025-09-19 12:00:00,35.955
2025-09-19 13:00:00,9.14
2025-09-19 14:00:00,0.30500000000000005
2025-09-19 15:00:00,0.006
2025-09-19 16:00:00,0.006
2025-09-19 17:00:00,0.486
2025-09-19 18:00:00,0.006
2025-09-19 19:00:00,0.006
2025-09-19 20:00:00,0.006
2025-09-19 21:00:00,0.006
2025-09-19 22:00:00,0.006
2025-09-19 23:00:00,0.006
2025-09-20 00:00:00,0.006
2025-09-20 01:00:00,0.006
2025-09-20 02:00:00,0.006
2025-09-20 03:00:00,0.006
2025-09-20 04:00:00,0.006
2025-09-20 05:00:00,0.006
2025-09-20 06:00:00,0.006
2025-09-20 07:00:00,0.006
2025-09-20 08:00:00,0.006
2025-09-20 09:00:00,0.007
2025-09-20 10:00:00,0.006
2025-09-20 11:00:00,0.006
2025-09-20 12:00:00,0.006
2025-09-20 13:00:00,0.007
2025-09-20 14:00:00,0.006
2025-09-20 15:00:00,0.006
2025-09-20 16:00:00,0.006
2025-09-20 17:00:00,0.006
2025-09-20 18:00:00,0.006
2025-09-20 19:00:00,0.006
2025-09-20 20:00:00,0.006
2025-09-20 21:00:00,0.006
2025-09-20 22:00:00,0.006
2025-09-20 23:00:00,0.006
2025-09-21 00:00:00,0.006
2025-09-21 01:00:00,0.006
2025-09-21 02:00:00,0.006
2025-09-21 03:00:00,0.006
2025-09-21 04:00:00,0.006
2025-09-21 05:00:00,0.006
2025-09-21 06:00:00,0.006
2025-09-21 07:00:00,0.006
2025-09-21 08:00:00,0.006
2025-09-21 09:00:00,0.006
2025-09-21 10:00:00,0.006
2025-09-21 11:00:00,0.006
2025-09-21 12:00:00,0.006
2025-09-21 13:00:00,0.006
2025-09-21 14:00:00,0.006
2025-09-21 15:00:00,0.006
2025-09-21 16:00:00,0.006
2025-09-21 17:00:00,0.006
2025-09-21 18:00:00,0.006
2025-09-21 19:00:00,0.006
2025-09-21 20:00:00,0.006
2025-09-21 21:00:00,0.006
2025-09-21 22:00:00,0.006
2025-09-21 23:00:00,0.006
2025-09-22 00:00:00,0.006
2025-09-22 01:00:00,0.006
2025-09-22 02:00:00,0.006
2025-09-22 03:00:00,0.006
2025-09-22 04:00:00,0.006
2025-09-22 05:00:00,0.006
2025-09-22 06:00:00,0.006
2025-09-22 07:00:00,2.8669999999999995
2025-09-22 08:00:00,40.24699999999999
2025-09-22 09:00:00,68.95400000000001
2025-09-22 10:00:00,63.608999999999995
2025-09-22 11:00:00,59.66199999999999
2025-09-22 12:00:00,23.124000000000002
2025-09-22 13:00:00,11.793000000000001
2025-09-22 14:00:00,8.279
2025-09-22 15:00:00,8.484
2025-09-22 16:00:00,0.005
2025-09-22 17:00:00,0.006
2025-09-22 18:00:00,0.006
2025-09-22 19:00:00,0.006
2025-09-22 20:00:00,0.006
2025-09-22 21:00:00,0.006
2025-09-22 22:00:00,0.006
2025-09-22 23:00:00,0.006
2025-09-23 00:00:00,0.006
2025-09-23 01:00:00,0.006
2025-09-23 02:00:00,0.006
2025-09-23 03:00:00,0.005
2025-09-23 04:00:00,0.006
2025-09-23 05:00:00,0.006
2025-09-23 06:00:00,0.006
2025-09-23 07:00:00,0.006
2025-09-23 08:00:00,57.535999999999994
2025-09-23 09:00:00,104.12400000000001
2025-09-23 10:00:00,104.96000000000002
2025-09-23 11:00:00,102.19
2025-09-23 12:00:00,81.03899999999999
2025-09-23 13:00:00,59.599999999999994
2025-09-23 14:00:00,41.778000000000006
2025-09-23 15:00:00,30.238
2025-09-23 16:00:00,7.5680000000000005
2025-09-23 17:00:00,0.478
2025-09-23 18:00:00,0.022
2025-09-23 19:00:00,0.006
2025-09-23 20:00:00,0.006
2025-09-23 21:00:00,0.006
2025-09-23 22:00:00,0.006
2025-09-23 23:00:00,0.006
2025-09-24 00:00:00,0.006
2025-09-24 01:00:00,0.006
2025-09-24 02:00:00,0.006
2025-09-24 03:00:00,0.006
2025-09-24 04:00:00,0.006
2025-09-24 05:00:00,0.006
2025-09-24 06:00:00,0.006
2025-09-24 07:00:00,5.239
2025-09-24 08:00:00,38.058
2025-09-24 09:00:00,62.473
2025-09-24 10:00:00,55.951
2025-09-24 11:00:00,22.441999999999997
2025-09-24 12:00:00,0.532
2025-09-24 13:00:00,0.006
2025-09-24 14:00:00,0.006
2025-09-24 15:00:00,0.34800000000000003
2025-09-24 16:00:00,0.009000000000000001
2025-09-24 17:00:00,0.006
2025-09-24 18:00:00,0.006
2025-09-24 19:00:00,0.006
2025-09-24 20:00:00,0.006
2025-09-24 21:00:00,0.006
2025-09-24 22:00:00,0.006
2025-09-24 23:00:00,0.006
2025-09-25 00:00:00,0.006
2025-09-25 01:00:00,0.006
2025-09-25 02:00:00,0.006
2025-09-25 03:00:00,0.006
2025-09-25 04:00:00,0.005
2025-09-25 05:00:00,0.006
2025-09-25 06:00:00,0.006
2025-09-25 07:00:00,9.285
2025-09-25 08:00:00,75.421
2025-09-25 09:00:00,162.053
2025-09-25 10:00:00,123.012
2025-09-25 11:00:00,99.658
2025-09-25 12:00:00,57.534000000000006
2025-09-25 13:00:00,18.980000000000004
2025-09-25 14:00:00,7.563
2025-09-25 15:00:00,9.889
2025-09-25 16:00:00,13.311000000000002
2025-09-25 17:00:00,2.0540000000000003
2025-09-25 18:00:00,0.0
2025-09-25 19:00:00,0.0
2025-09-25 20:00:00,0.0
2025-09-25 21:00:00,0.0
2025-09-25 22:00:00,0.0
2025-09-25 23:00:00,0.0
2025-09-26 00:00:00,0.0
2025-09-26 01:00:00,0.0
2025-09-26 02:00:00,0.0
2025-09-26 03:00:00,0.0
2025-09-26 04:00:00,0.0
2025-09-26 05:00:00,0.0
2025-09-26 06:00:00,2.211
2025-09-26 07:00:00,19.188000000000002
2025-09-26 08:00:00,67.17100000000002
2025-09-26 09:00:00,77.73700000000001
2025-09-26 10:00:00,79.83500000000001
2025-09-26 11:00:00,61.053
2025-09-26 12:00:00,31.340000000000003
2025-09-26 13:00:00,19.891
2025-09-26 14:00:00,13.567999999999998
2025-09-26 15:00:00,8.192
2025-09-26 16:00:00,3.1159999999999997
2025-09-26 17:00:00,0.0
2025-09-26 18:00:00,0.001
2025-09-26 19:00:00,0.0
2025-09-26 20:00:00,0.0
2025-09-26 21:00:00,0.0
2025-09-26 22:00:00,0.0
2025-09-26 23:00:00,0.0
2025-09-27 00:00:00,0.0
2025-09-27 01:00:00,0.0
2025-09-27 02:00:00,0.0
2025-09-27 03:00:00,0.0
2025-09-27 04:00:00,0.0
2025-09-27 05:00:00,0.0
2025-09-27 06:00:00,0.0
2025-09-27 07:00:00,0.0
2025-09-27 08:00:00,0.0
2025-09-27 09:00:00,0.0
2025-09-27 10:00:00,0.0
2025-09-27 11:00:00,0.001
2025-09-27 12:00:00,0.0
2025-09-27 13:00:00,0.0
2025-09-27 14:00:00,0.0
2025-09-27 15:00:00,0.0
2025-09-27 16:00:00,0.0
2025-09-27 17:00:00,0.0
2025-09-27 18:00:00,0.0
2025-09-27 19:00:00,0.0
2025-09-27 20:00:00,0.0
2025-09-27 21:00:00,0.0
2025-09-27 22:00:00,0.0
2025-09-27 23:00:00,0.0
2025-09-28 00:00:00,0.0
2025-09-28 01:00:00,0.0
2025-09-28 02:00:00,0.0
2025-09-28 03:00:00,0.0
2025-09-28 04:00:00,0.0
2025-09-28 05:00:00,0.0
2025-09-28 06:00:00,0.0
2025-09-28 07:00:00,0.0
2025-09-28 08:00:00,0.0
2025-09-28 09:00:00,0.0
2025-09-28 10:00:00,0.0
2025-09-28 11:00:00,0.0
2025-09-28 12:00:00,0.0
2025-09-28 13:00:00,0.0
2025-09-28 14:00:00,0.0
2025-09-28 15:00:00,0.001
2025-09-28 16:00:00,0.0
2025-09-28 17:00:00,0.0
2025-09-28 18:00:00,0.0
2025-09-28 19:00:00,0.0
2025-09-28 20:00:00,0.0
2025-09-28 21:00:00,0.0
2025-09-28 22:00:00,0.0
2025-09-28 23:00:00,0.0
2025-09-29 00:00:00,0.0
2025-09-29 01:00:00,0.0
2025-09-29 02:00:00,0.0
2025-09-29 03:00:00,0.0
2025-09-29 04:00:00,0.0
2025-09-29 05:00:00,0.0
2025-09-29 06:00:00,1.123
2025-09-29 07:00:00,13.429
2025-09-29 08:00:00,101.67
2025-09-29 09:00:00,167.308
2025-09-29 10:00:00,167.11699999999996
2025-09-29 11:00:00,99.122
2025-09-29 12:00:00,68.691
2025-09-29 13:00:00,36.899
2025-09-29 14:00:00,14.977999999999998
2025-09-29 15:00:00,22.193
2025-09-29 16:00:00,9.476
2025-09-29 17:00:00,1.69
2025-09-29 18:00:00,0.0
2025-09-29 19:00:00,0.0
2025-09-29 20:00:00,0.0
2025-09-29 21:00:00,0.0
2025-09-29 22:00:00,0.0
2025-09-29 23:00:00,0.0
2025-09-30 00:00:00,0.0
2025-09-30 01:00:00,0.0
2025-09-30 02:00:00,0.0
2025-09-30 03:00:00,0.0
2025-09-30 04:00:00,0.0
2025-09-30 05:00:00,0.0
2025-09-30 06:00:00,0.0
2025-09-30 07:00:00,6.33
2025-09-30 08:00:00,80.955
2025-09-30 09:00:00,113.10100000000001
2025-09-30 10:00:00,98.713
2025-09-30 11:00:00,73.864
2025-09-30 12:00:00,56.547000000000004
2025-09-30 13:00:00,34.099000000000004
2025-09-30 14:00:00,37.528000000000006
2025-09-30 15:00:00,9.302
2025-09-30 16:00:00,3.652
2025-09-30 17:00:00,4.166
2025-09-30 18:00:00,3.966
2025-09-30 19:00:00,3.065
2025-09-30 20:00:00,0.0
2025-09-30 21:00:00,0.0
2025-09-30 22:00:00,0.0
2025-09-30 23:00:00,0.0
2025-10-01 00:00:00,0.0
2025-10-01 01:00:00,0.001
2025-10-01 02:00:00,0.0
2025-10-01 03:00:00,0.0
2025-10-01 04:00:00,0.0
2025-10-01 05:00:00,0.0
2025-10-01 06:00:00,0.8150000000000001
2025-10-01 07:00:00,12.203
2025-10-01 08:00:00,58.78999999999999
2025-10-01 09:00:00,79.398
2025-10-01 10:00:00,69.271
2025-10-01 11:00:00,49.775999999999996
2025-10-01 12:00:00,36.373000000000005
2025-10-01 13:00:00,13.299
2025-10-01 14:00:00,10.737
2025-10-01 15:00:00,1.4100000000000001
2025-10-01 16:00:00,0.0
2025-10-01 17:00:00,0.294
2025-10-01 18:00:00,0.0
2025-10-01 19:00:00,0.0
2025-10-01 20:00:00,0.0
2025-10-01 21:00:00,0.0
2025-10-01 22:00:00,0.0
2025-10-01 23:00:00,0.0
2025-10-02 00:00:00,0.0
2025-10-02 01:00:00,0.0
2025-10-02 02:00:00,0.0
2025-10-02 03:00:00,0.0
2025-10-02 04:00:00,0.0
2025-10-02 05:00:00,0.0
2025-10-02 06:00:00,0.0
2025-10-02 07:00:00,3.29
2025-10-02 08:00:00,33.463
2025-10-02 09:00:00,62.32799999999999
2025-10-02 10:00:00,71.132
2025-10-02 11:00:00,56.903999999999996
2025-10-02 12:00:00,46.422000000000004
2025-10-02 13:00:00,51.39800000000001
2025-10-02 14:00:00,33.516000000000005
2025-10-02 15:00:00,13.312
2025-10-02 16:00:00,14.627
2025-10-02 17:00:00,9.787
2025-10-02 18:00:00,0.0
2025-10-02 19:00:00,0.0
2025-10-02 20:00:00,0.0
2025-10-02 21:00:00,0.0
2025-10-02 22:00:00,0.0
2025-10-02 23:00:00,0.0
2025-10-03 00:00:00,0.0
2025-10-03 01:00:00,0.0
2025-10-03 02:00:00,0.0
2025-10-03 03:00:00,0.0
2025-10-03 04:00:00,0.0
2025-10-03 05:00:00,1.357
2025-10-03 06:00:00,12.741000000000001
2025-10-03 07:00:00,23.173000000000002
2025-10-03 08:00:00,58.51200000000001
2025-10-03 09:00:00,78.775
2025-10-03 10:00:00,77.864
2025-10-03 11:00:00,54.983000000000004
2025-10-03 12:00:00,40.168
2025-10-03 13:00:00,30.746
2025-10-03 14:00:00,11.652
2025-10-03 15:00:00,3.327
2025-10-03 16:00:00,6.7459999999999996
2025-10-03 17:00:00,4.3580000000000005
2025-10-03 18:00:00,0.0
2025-10-03 19:00:00,0.0
2025-10-03 20:00:00,0.0
2025-10-03 21:00:00,0.0
2025-10-03 22:00:00,0.0
2025-10-03 23:00:00,0.0
2025-10-04 00:00:00,0.0
2025-10-04 01:00:00,0.0
2025-10-04 02:00:00,0.0
2025-10-04 03:00:00,0.0
2025-10-04 04:00:00,0.0
2025-10-04 05:00:00,0.0
2025-10-04 06:00:00,0.0
2025-10-04 07:00:00,0.0
2025-10-04 08:00:00,0.0
2025-10-04 09:00:00,0.0
2025-10-04 10:00:00,0.0
2025-10-04 11:00:00,0.0
2025-10-04 12:00:00,3.364
2025-10-04 13:00:00,0.0
2025-10-04 14:00:00,0.0
2025-10-04 15:00:00,0.0
2025-10-04 16:00:00,0.0
2025-10-04 17:00:00,0.0
2025-10-04 18:00:00,0.0
2025-10-04 19:00:00,0.0
2025-10-04 20:00:00,0.0
2025-10-04 21:00:00,0.0
2025-10-04 22:00:00,0.0
2025-10-04 23:00:00,0.0
2025-10-05 00:00:00,0.0
2025-10-05 01:00:00,0.0
2025-10-05 02:00:00,0.0
2025-10-05 03:00:00,0.0
2025-10-05 04:00:00,0.0
2025-10-05 05:00:00,0.0
2025-10-05 06:00:00,0.0
2025-10-05 07:00:00,0.0
2025-10-05 08:00:00,0.0
2025-10-05 09:00:00,0.0
2025-10-05 10:00:00,0.0
2025-10-05 11:00:00,0.0
2025-10-05 12:00:00,0.0
2025-10-05 13:00:00,0.0
2025-10-05 14:00:00,0.0
2025-10-05 15:00:00,0.0
2025-10-05 16:00:00,0.0
2025-10-05 17:00:00,0.0
2025-10-05 18:00:00,0.0
2025-10-05 19:00:00,0.0
2025-10-05 20:00:00,0.0
2025-10-05 21:00:00,0.0
2025-10-05 22:00:00,0.0
2025-10-05 23:00:00,0.0
2025-10-06 00:00:00,0.0
2025-10-06 01:00:00,0.0
2025-10-06 02:00:00,0.0
2025-10-06 03:00:00,0.0
2025-10-06 04:00:00,0.0
2025-10-06 05:00:00,0.0
2025-10-06 06:00:00,0.0
2025-10-06 07:00:00,11.513
2025-10-06 08:00:00,75.931
2025-10-06 09:00:00,96.08200000000001
2025-10-06 10:00:00,95.199
2025-10-06 11:00:00,81.153
2025-10-06 12:00:00,49.27799999999999
2025-10-06 13:00:00,37.107
2025-10-06 14:00:00,20.404000000000003
2025-10-06 15:00:00,0.5519999999999999
2025-10-06 16:00:00,0.20600000000000002
2025-10-06 17:00:00,3.663
2025-10-06 18:00:00,2.906
2025-10-06 19:00:00,0.0
2025-10-06 20:00:00,0.0
2025-10-06 21:00:00,0.0
2025-10-06 22:00:00,0.001
2025-10-06 23:00:00,0.0
2025-10-07 00:00:00,0.0
2025-10-07 01:00:00,0.0
2025-10-07 02:00:00,0.0
2025-10-07 03:00:00,0.0
2025-10-07 04:00:00,0.0
2025-10-07 05:00:00,0.0
2025-10-07 06:00:00,0.0
2025-10-07 07:00:00,0.051000000000000004
2025-10-07 08:00:00,22.194000000000003
2025-10-07 09:00:00,53.946
2025-10-07 10:00:00,40.025000000000006
2025-10-07 11:00:00,21.029
2025-10-07 12:00:00,11.492999999999999
2025-10-07 13:00:00,6.9270000000000005
2025-10-07 14:00:00,5.037
2025-10-07 15:00:00,3.54
2025-10-07 16:00:00,1.1320000000000001
2025-10-07 17:00:00,0.0
2025-10-07 18:00:00,0.0
2025-10-07 19:00:00,0.001
2025-10-07 20:00:00,0.0
2025-10-07 21:00:00,0.0
2025-10-07 22:00:00,0.001
2025-10-07 23:00:00,0.0
2025-10-08 00:00:00,0.0
2025-10-08 01:00:00,0.0
2025-10-08 02:00:00,0.0
2025-10-08 03:00:00,0.0
2025-10-08 04:00:00,0.0
2025-10-08 05:00:00,0.0
2025-10-08 06:00:00,0.0
2025-10-08 07:00:00,0.0
2025-10-08 08:00:00,0.0
2025-10-08 09:00:00,8.196
2025-10-08 10:00:00,11.363
2025-10-08 11:00:00,16.936
2025-10-08 12:00:00,0.0
2025-10-08 13:00:00,0.0
2025-10-08 14:00:00,0.0
2025-10-08 15:00:00,0.0
2025-10-08 16:00:00,0.0
2025-10-08 17:00:00,0.0
2025-10-08 18:00:00,0.0
2025-10-08 19:00:00,0.001
2025-10-08 20:00:00,0.0
2025-10-08 21:00:00,0.0
2025-10-08 22:00:00,0.001
2025-10-08 23:00:00,0.0
2025-10-09 00:00:00,0.0
2025-10-09 01:00:00,0.0
2025-10-09 02:00:00,0.0
2025-10-09 03:00:00,0.0
2025-10-09 04:00:00,0.0
2025-10-09 05:00:00,0.0
2025-10-09 06:00:00,0.751
2025-10-09 07:00:00,14.347999999999999
2025-10-09 08:00:00,73.86399999999999
2025-10-09 09:00:00,144.02300000000002
2025-10-09 10:00:00,150.452
2025-10-09 11:00:00,103.19599999999998
2025-10-09 12:00:00,67.785
2025-10-09 13:00:00,60.931
2025-10-09 14:00:00,53.032
2025-10-09 15:00:00,29.711
2025-10-09 16:00:00,16.83
2025-10-09 17:00:00,12.034000000000002
2025-10-09 18:00:00,2.912
2025-10-09 19:00:00,0.0
2025-10-09 20:00:00,0.0
2025-10-09 21:00:00,0.0
2025-10-09 22:00:00,0.0
2025-10-09 23:00:00,0.0
2025-10-10 00:00:00,0.0
2025-10-10 01:00:00,0.0
2025-10-10 02:00:00,0.0
2025-10-10 03:00:00,0.0
2025-10-10 04:00:00,0.0
2025-10-10 05:00:00,1.3880000000000001
2025-10-10 06:00:00,11.221
2025-10-10 07:00:00,22.043000000000003
2025-10-10 08:00:00,87.07900000000002
2025-10-10 09:00:00,104.418
2025-10-10 10:00:00,64.275
2025-10-10 11:00:00,44.486999999999995
2025-10-10 12:00:00,17.839000000000002
2025-10-10 13:00:00,13.022000000000002
2025-10-10 14:00:00,5.516
2025-10-10 15:00:00,4.124
2025-10-10 16:00:00,0.061
2025-10-10 17:00:00,0.0
2025-10-10 18:00:00,0.0
2025-10-10 19:00:00,0.0
2025-10-10 20:00:00,0.0
2025-10-10 21:00:00,0.0
2025-10-10 22:00:00,0.0
2025-10-10 23:00:00,0.0
2025-10-11 00:00:00,0.0
2025-10-11 01:00:00,0.0
2025-10-11 02:00:00,0.0
2025-10-11 03:00:00,0.0
2025-10-11 04:00:00,0.0
2025-10-11 05:00:00,0.0
2025-10-11 06:00:00,0.0
2025-10-11 07:00:00,0.0
2025-10-11 08:00:00,0.0
2025-10-11 09:00:00,0.0
2025-10-11 10:00:00,0.0
2025-10-11 11:00:00,0.002
2025-10-11 12:00:00,0.0
2025-10-11 13:00:00,0.0
2025-10-11 14:00:00,0.0
2025-10-11 15:00:00,0.0
2025-10-11 16:00:00,0.0
2025-10-11 17:00:00,0.0
2025-10-11 18:00:00,0.002
2025-10-11 19:00:00,0.0
2025-10-11 20:00:00,0.0
2025-10-11 21:00:00,0.0
2025-10-11 22:00:00,0.0
2025-10-11 23:00:00,0.0
2025-10-12 00:00:00,0.001
2025-10-12 01:00:00,0.001
2025-10-12 02:00:00,0.0
2025-10-12 03:00:00,0.0
2025-10-12 04:00:00,0.0
2025-10-12 05:00:00,0.0
2025-10-12 06:00:00,0.0
2025-10-12 07:00:00,0.002
2025-10-12 08:00:00,0.0
2025-10-12 09:00:00,0.0
2025-10-12 10:00:00,0.0
2025-10-12 11:00:00,0.0
2025-10-12 12:00:00,0.001
2025-10-12 13:00:00,0.001
2025-10-12 14:00:00,0.0
2025-10-12 15:00:00,0.0
2025-10-12 16:00:00,0.0
2025-10-12 17:00:00,0.0
2025-10-12 18:00:00,0.002
2025-10-12 19:00:00,0.0
2025-10-12 20:00:00,0.0
2025-10-12 21:00:00,0.0
2025-10-12 22:00:00,0.0
2025-10-12 23:00:00,0.0
2025-10-13 00:00:00,0.001
2025-10-13 01:00:00,0.001
2025-10-13 02:00:00,0.0
2025-10-13 03:00:00,0.0
2025-10-13 04:00:00,0.0
2025-10-13 05:00:00,0.0
2025-10-13 06:00:00,0.0
2025-10-13 07:00:00,8.618
2025-10-13 08:00:00,39.213
2025-10-13 09:00:00,67.04599999999999
2025-10-13 10:00:00,58.98999999999999
2025-10-13 11:00:00,34.234
2025-10-13 12:00:00,15.301
2025-10-13 13:00:00,17.164
2025-10-13 14:00:00,21.930999999999997
2025-10-13 15:00:00,21.894
2025-10-13 16:00:00,21.936
2025-10-13 17:00:00,12.292000000000002
2025-10-13 18:00:00,0.009000000000000001
2025-10-13 19:00:00,0.0
2025-10-13 20:00:00,0.0
2025-10-13 21:00:00,0.0
2025-10-13 22:00:00,0.0
2025-10-13 23:00:00,0.0
2025-10-14 00:00:00,0.0
2025-10-14 01:00:00,0.0
2025-10-14 02:00:00,0.0
2025-10-14 03:00:00,0.0
2025-10-14 04:00:00,0.0
2025-10-14 05:00:00,0.0
2025-10-14 06:00:00,0.0
2025-10-14 07:00:00,0.0
2025-10-14 08:00:00,31.570000000000004
2025-10-14 09:00:00,66.548
2025-10-14 10:00:00,51.59400000000001
2025-10-14 11:00:00,34.682
2025-10-14 12:00:00,14.102000000000002
2025-10-14 13:00:00,0.0
2025-10-14 14:00:00,0.0
2025-10-14 15:00:00,0.0
2025-10-14 16:00:00,0.02
2025-10-14 17:00:00,0.44299999999999995
2025-10-14 18:00:00,0.003
2025-10-14 19:00:00,0.0
2025-10-14 20:00:00,0.0
2025-10-14 21:00:00,0.0
2025-10-14 22:00:00,0.0
2025-10-14 23:00:00,0.0
2025-10-15 00:00:00,0.0
2025-10-15 01:00:00,0.0
2025-10-15 02:00:00,0.0
2025-10-15 03:00:00,0.0
2025-10-15 04:00:00,0.0
2025-10-15 05:00:00,0.0
2025-10-15 06:00:00,0.0
2025-10-15 07:00:00,12.027000000000001
2025-10-15 08:00:00,71.954
2025-10-15 09:00:00,112.06499999999998
2025-10-15 10:00:00,104.5
2025-10-15 11:00:00,96.79200000000002
2025-10-15 12:00:00,82.513
2025-10-15 13:00:00,31.905
2025-10-15 14:00:00,4.2219999999999995
2025-10-15 15:00:00,1.6019999999999999
2025-10-15 16:00:00,0.003
2025-10-15 17:00:00,0.185
2025-10-15 18:00:00,0.0
2025-10-15 19:00:00,0.0
2025-10-15 20:00:00,0.0
2025-10-15 21:00:00,0.0
2025-10-15 22:00:00,0.0
2025-10-15 23:00:00,0.0
2025-10-16 00:00:00,0.0
2025-10-16 01:00:00,0.0
2025-10-16 02:00:00,0.0
2025-10-16 03:00:00,0.0
2025-10-16 04:00:00,0.0
2025-10-16 05:00:00,0.0
2025-10-16 06:00:00,1.263
2025-10-16 07:00:00,14.286999999999999
2025-10-16 08:00:00,43.19199999999999
2025-10-16 09:00:00,69.52199999999999
2025-10-16 10:00:00,70.929
2025-10-16 11:00:00,45.43900000000001
2025-10-16 12:00:00,35.179
2025-10-16 13:00:00,27.491000000000003
2025-10-16 14:00:00,30.191000000000003
2025-10-16 15:00:00,27.242000000000004
2025-10-16 16:00:00,18.637999999999998
2025-10-16 17:00:00,6.992999999999999
2025-10-16 18:00:00,0.0
2025-10-16 19:00:00,0.001
2025-10-16 20:00:00,0.0
2025-10-16 21:00:00,0.0
2025-10-16 22:00:00,0.0
2025-10-16 23:00:00,0.0
2025-10-17 00:00:00,0.0
2025-10-17 01:00:00,0.0
2025-10-17 02:00:00,0.0
2025-10-17 03:00:00,0.0
2025-10-17 04:00:00,0.0
2025-10-17 05:00:00,0.0
2025-10-17 06:00:00,1.0179999999999998
2025-10-17 07:00:00,16.041
2025-10-17 08:00:00,60.230000000000004
2025-10-17 09:00:00,91.40899999999999
2025-10-17 10:00:00,80.44800000000001
2025-10-17 11:00:00,54.69199999999999
2025-10-17 12:00:00,30.000000000000004
2025-10-17 13:00:00,15.434000000000001
2025-10-17 14:00:00,14.146
2025-10-17 15:00:00,10.731000000000002
2025-10-17 16:00:00,21.654
2025-10-17 17:00:00,6.9190000000000005
2025-10-17 18:00:00,0.001
2025-10-17 19:00:00,0.0
2025-10-17 20:00:00,0.0
2025-10-17 21:00:00,0.0
2025-10-17 22:00:00,0.0
2025-10-17 23:00:00,0.0
2025-10-18 00:00:00,0.0
2025-10-18 01:00:00,0.0
2025-10-18 02:00:00,0.0
2025-10-18 03:00:00,0.0
2025-10-18 04:00:00,0.0
2025-10-18 05:00:00,0.0
2025-10-18 06:00:00,0.0
2025-10-18 07:00:00,0.0
2025-10-18 08:00:00,0.0
2025-10-18 09:00:00,0.0
2025-10-18 10:00:00,0.0
2025-10-18 11:00:00,0.0
2025-10-18 12:00:00,0.0
2025-10-18 13:00:00,0.0
2025-10-18 14:00:00,0.0
2025-10-18 15:00:00,0.0
2025-10-18 16:00:00,0.0
2025-10-18 17:00:00,0.0
2025-10-18 18:00:00,0.0
2025-10-18 19:00:00,0.0
2025-10-18 20:00:00,0.0
2025-10-18 21:00:00,0.0
2025-10-18 22:00:00,0.0
2025-10-18 23:00:00,0.0
2025-10-19 00:00:00,0.0
2025-10-19 01:00:00,0.0
2025-10-19 02:00:00,0.0
2025-10-19 03:00:00,0.0
2025-10-19 04:00:00,0.0
2025-10-19 05:00:00,0.0
2025-10-19 06:00:00,0.001
2025-10-19 07:00:00,0.0
2025-10-19 08:00:00,0.0
2025-10-19 09:00:00,0.0
2025-10-19 10:00:00,0.0
2025-10-19 11:00:00,0.0
2025-10-19 12:00:00,0.0
2025-10-19 13:00:00,0.0
2025-10-19 14:00:00,0.0
2025-10-19 15:00:00,0.0
2025-10-19 16:00:00,0.0
2025-10-19 17:00:00,0.0
2025-10-19 18:00:00,0.0
2025-10-19 19:00:00,0.0
2025-10-19 20:00:00,0.0
2025-10-19 21:00:00,0.0
2025-10-19 22:00:00,0.001
2025-10-19 23:00:00,0.0
2025-10-20 00:00:00,0.0
2025-10-20 01:00:00,0.0
2025-10-20 02:00:00,0.0
2025-10-20 03:00:00,0.0
2025-10-20 04:00:00,0.0
2025-10-20 05:00:00,0.0
2025-10-20 06:00:00,1.151
2025-10-20 07:00:00,24.288
2025-10-20 08:00:00,97.148
2025-10-20 09:00:00,134.054
2025-10-20 10:00:00,127.205
2025-10-20 11:00:00,82.911
2025-10-20 12:00:00,61.779
2025-10-20 13:00:00,46.212
2025-10-20 14:00:00,23.595
2025-10-20 15:00:00,7.449
2025-10-20 16:00:00,4.889
2025-10-20 17:00:00,3.7590000000000003
2025-10-20 18:00:00,1.2670000000000001
2025-10-20 19:00:00,0.0
2025-10-20 20:00:00,0.0
2025-10-20 21:00:00,0.0
2025-10-20 22:00:00,0.0
2025-10-20 23:00:00,0.0
2025-10-21 00:00:00,0.0
2025-10-21 01:00:00,0.0
2025-10-21 02:00:00,0.0
2025-10-21 03:00:00,0.0
2025-10-21 04:00:00,0.0
2025-10-21 05:00:00,0.0
2025-10-21 06:00:00,0.931
2025-10-21 07:00:00,16.991
2025-10-21 08:00:00,50.354
2025-10-21 09:00:00,79.761
2025-10-21 10:00:00,62.257000000000005
2025-10-21 11:00:00,47.45
2025-10-21 12:00:00,14.259
2025-10-21 13:00:00,0.138
2025-10-21 14:00:00,0.0
2025-10-21 15:00:00,2.243
2025-10-21 16:00:00,10.921999999999999
2025-10-21 17:00:00,3.972
2025-10-21 18:00:00,0.0
2025-10-21 19:00:00,0.0
2025-10-21 20:00:00,0.0
2025-10-21 21:00:00,0.0
2025-10-21 22:00:00,0.0
2025-10-21 23:00:00,0.0
2025-10-22 00:00:00,0.0
2025-10-22 01:00:00,0.0
2025-10-22 02:00:00,0.0
2025-10-22 03:00:00,0.0
2025-10-22 04:00:00,0.0
2025-10-22 05:00:00,0.0
2025-10-22 06:00:00,0.0
2025-10-22 07:00:00,4.106
2025-10-22 08:00:00,39.775000000000006
2025-10-22 09:00:00,64.161
2025-10-22 10:00:00,44.807
2025-10-22 11:00:00,18.053
2025-10-22 12:00:00,10.867
2025-10-22 13:00:00,4.24
2025-10-22 14:00:00,0.0
2025-10-22 15:00:00,0.785
2025-10-22 16:00:00,10.846
2025-10-22 17:00:00,4.848
2025-10-22 18:00:00,0.0
2025-10-22 19:00:00,0.0
2025-10-22 20:00:00,0.0
2025-10-22 21:00:00,0.0
2025-10-22 22:00:00,0.0
2025-10-22 23:00:00,0.0
2025-10-23 00:00:00,0.0
2025-10-23 01:00:00,0.0
2025-10-23 02:00:00,0.0
2025-10-23 03:00:00,0.0
2025-10-23 04:00:00,0.0
2025-10-23 05:00:00,0.0
2025-10-23 06:00:00,0.885
2025-10-23 07:00:00,19.493
2025-10-23 08:00:00,83.534
2025-10-23 09:00:00,127.86199999999998
2025-10-23 10:00:00,94.43399999999998
2025-10-23 11:00:00,60.498000000000005
2025-10-23 12:00:00,45.99300000000001
2025-10-23 13:00:00,40.042
2025-10-23 14:00:00,38.400000000000006
2025-10-23 15:00:00,33.629
2025-10-23 16:00:00,20.326999999999998
2025-10-23 17:00:00,5.257000000000001
2025-10-23 18:00:00,0.0
2025-10-23 19:00:00,0.0
2025-10-23 20:00:00,0.0
2025-10-23 21:00:00,0.0
2025-10-23 22:00:00,0.0
2025-10-23 23:00:00,0.0
2025-10-24 00:00:00,0.0
2025-10-24 01:00:00,0.0
2025-10-24 02:00:00,0.0
2025-10-24 03:00:00,0.0
2025-10-24 04:00:00,0.0
2025-10-24 05:00:00,0.0
2025-10-24 06:00:00,1.451
2025-10-24 07:00:00,21.82
2025-10-24 08:00:00,108.143
2025-10-24 09:00:00,152.52400000000003
2025-10-24 10:00:00,101.462
2025-10-24 11:00:00,50.413000000000004
2025-10-24 12:00:00,30.848
2025-10-24 13:00:00,43.968
2025-10-24 14:00:00,26.777
2025-10-24 15:00:00,11.459999999999999
2025-10-24 16:00:00,15.658999999999999
2025-10-24 17:00:00,5.678000000000001
2025-10-24 18:00:00,0.0
2025-10-24 19:00:00,0.0
2025-10-24 20:00:00,0.0
2025-10-24 21:00:00,0.0
2025-10-24 22:00:00,0.0
2025-10-24 23:00:00,0.0
2025-10-25 00:00:00,0.0
2025-10-25 01:00:00,0.0
2025-10-25 02:00:00,0.0
2025-10-25 03:00:00,0.0
2025-10-25 04:00:00,0.0
2025-10-25 05:00:00,0.0
2025-10-25 06:00:00,0.0
2025-10-25 07:00:00,0.0
2025-10-25 08:00:00,0.0
2025-10-25 09:00:00,0.0
2025-10-25 10:00:00,0.0
2025-10-25 11:00:00,0.0
2025-10-25 12:00:00,0.0
2025-10-25 13:00:00,0.0
2025-10-25 14:00:00,0.0
2025-10-25 15:00:00,0.0
2025-10-25 16:00:00,0.0
2025-10-25 17:00:00,0.0
2025-10-25 18:00:00,0.0
2025-10-25 19:00:00,0.0
2025-10-25 20:00:00,0.0
2025-10-25 21:00:00,0.0
2025-10-25 22:00:00,0.0
2025-10-25 23:00:00,0.0
2025-10-26 00:00:00,0.0
2025-10-26 01:00:00,0.0
2025-10-26 02:00:00,0.0
2025-10-26 01:00:00,0.0
2025-10-26 03:00:00,0.0
2025-10-26 04:00:00,0.0
2025-10-26 05:00:00,0.0
2025-10-26 06:00:00,0.0
2025-10-26 07:00:00,0.0
2025-10-26 08:00:00,0.0
2025-10-26 09:00:00,0.0
2025-10-26 10:00:00,0.0
2025-10-26 11:00:00,0.0
2025-10-26 12:00:00,0.0
2025-10-26 13:00:00,0.0
2025-10-26 14:00:00,0.0
2025-10-26 15:00:00,0.0
2025-10-26 16:00:00,0.0
2025-10-26 17:00:00,0.0
2025-10-26 18:00:00,0.0
2025-10-26 19:00:00,0.0
2025-10-26 20:00:00,0.0
2025-10-26 21:00:00,0.0
2025-10-26 22:00:00,0.0
2025-10-26 23:00:00,0.0
2025-10-27 00:00:00,0.0
2025-10-27 01:00:00,0.0
2025-10-27 02:00:00,0.0
2025-10-27 03:00:00,0.0
2025-10-27 04:00:00,0.0
2025-10-27 05:00:00,0.0
2025-10-27 06:00:00,0.0
2025-10-27 07:00:00,5.198
2025-10-27 08:00:00,54.91599999999999
2025-10-27 09:00:00,72.602
2025-10-27 10:00:00,67.56299999999999
2025-10-27 11:00:00,49.80500000000001
2025-10-27 12:00:00,33.364
2025-10-27 13:00:00,24.368
2025-10-27 14:00:00,22.152
2025-10-27 15:00:00,13.409
2025-10-27 16:00:00,10.729
2025-10-27 17:00:00,3.4010000000000002
2025-10-27 18:00:00,0.0
2025-10-27 19:00:00,0.0
2025-10-27 20:00:00,0.0
2025-10-27 21:00:00,0.0
2025-10-27 22:00:00,0.0
2025-10-27 23:00:00,0.0
2025-10-28 00:00:00,0.0
2025-10-28 01:00:00,0.0
2025-10-28 02:00:00,0.0
2025-10-28 03:00:00,0.0
2025-10-28 04:00:00,0.0
2025-10-28 05:00:00,0.0
2025-10-28 06:00:00,0.0
2025-10-28 07:00:00,0.049
2025-10-28 08:00:00,25.137
2025-10-28 09:00:00,56.18699999999999
2025-10-28 10:00:00,42.643
2025-10-28 11:00:00,18.343
2025-10-28 12:00:00,11.245000000000001
2025-10-28 13:00:00,9.576
2025-10-28 14:00:00,0.0
2025-10-28 15:00:00,0.008
2025-10-28 16:00:00,0.17500000000000002
2025-10-28 17:00:00,0.0
2025-10-28 18:00:00,0.0
2025-10-28 19:00:00,0.0
2025-10-28 20:00:00,0.0
2025-10-28 21:00:00,0.0
2025-10-28 22:00:00,0.0
2025-10-28 23:00:00,0.0
2025-10-29 00:00:00,0.0
2025-10-29 01:00:00,0.0
2025-10-29 02:00:00,0.0
2025-10-29 03:00:00,0.0
2025-10-29 04:00:00,0.0
2025-10-29 05:00:00,0.0
2025-10-29 06:00:00,1.448
2025-10-29 07:00:00,7.4430000000000005
2025-10-29 08:00:00,23.732999999999997
2025-10-29 09:00:00,66.125
2025-10-29 10:00:00,69.823
2025-10-29 11:00:00,51.817
2025-10-29 12:00:00,25.781
2025-10-29 13:00:00,12.081
2025-10-29 14:00:00,8.190000000000001
2025-10-29 15:00:00,0.006
2025-10-29 16:00:00,0.0
2025-10-29 17:00:00,0.0
2025-10-29 18:00:00,0.001
2025-10-29 19:00:00,0.0
2025-10-29 20:00:00,0.0
2025-10-29 21:00:00,0.0
2025-10-29 22:00:00,0.0
2025-10-29 23:00:00,0.0
2025-10-30 00:00:00,0.0
2025-10-30 01:00:00,0.0
2025-10-30 02:00:00,0.0
2025-10-30 03:00:00,0.0
2025-10-30 04:00:00,0.0
2025-10-30 05:00:00,0.0
2025-10-30 06:00:00,1.438
2025-10-30 07:00:00,11.34
2025-10-30 08:00:00,63.31999999999999
2025-10-30 09:00:00,113.17099999999999
2025-10-30 10:00:00,97.48000000000002
2025-10-30 11:00:00,59.57
2025-10-30 12:00:00,19.689
2025-10-30 13:00:00,1.713
2025-10-30 14:00:00,0.0
2025-10-30 15:00:00,0.0
2025-10-30 16:00:00,0.038
2025-10-30 17:00:00,0.001
2025-10-30 18:00:00,0.0
2025-10-30 19:00:00,0.0
2025-10-30 20:00:00,0.0
2025-10-30 21:00:00,0.0
2025-10-30 22:00:00,0.0
2025-10-30 23:00:00,0.0
2025-10-31 00:00:00,0.0
2025-10-31 01:00:00,0.0
2025-10-31 02:00:00,0.0
2025-10-31 03:00:00,0.0
2025-10-31 04:00:00,0.0
2025-10-31 05:00:00,0.0
2025-10-31 06:00:00,1.947
2025-10-31 07:00:00,16.906
2025-10-31 08:00:00,49.49700000000001
2025-10-31 09:00:00,44.697
2025-10-31 10:00:00,19.581000000000003
2025-10-31 11:00:00,0.0
2025-10-31 12:00:00,2.0060000000000002
2025-10-31 13:00:00,24.609
2025-10-31 14:00:00,28.319
2025-10-31 15:00:00,26.927
2025-10-31 16:00:00,14.199
2025-10-31 17:00:00,6.894
2025-10-31 18:00:00,0.0
2025-10-31 19:00:00,0.0
2025-10-31 20:00:00,0.0
2025-10-31 21:00:00,0.0
2025-10-31 22:00:00,0.0
2025-10-31 23:00:00,0.0
2025-11-01 00:00:00,0.0
2025-11-01 01:00:00,0.0
2025-11-01 02:00:00,0.0
2025-11-01 03:00:00,0.0
2025-11-01 04:00:00,0.0
2025-11-01 05:00:00,0.0
2025-11-01 06:00:00,0.0
2025-11-01 07:00:00,0.0
2025-11-01 08:00:00,0.0
2025-11-01 09:00:00,0.0
2025-11-01 10:00:00,0.0
2025-11-01 11:00:00,0.0
2025-11-01 12:00:00,0.0
2025-11-01 13:00:00,0.0
2025-11-01 14:00:00,0.0
2025-11-01 15:00:00,0.0
2025-11-01 16:00:00,0.0
2025-11-01 17:00:00,0.0
2025-11-01 18:00:00,0.0
2025-11-01 19:00:00,0.0
2025-11-01 20:00:00,0.0
2025-11-01 21:00:00,0.0
2025-11-01 22:00:00,0.0
2025-11-01 23:00:00,0.0
2025-11-02 00:00:00,0.0
2025-11-02 01:00:00,0.0
2025-11-02 02:00:00,0.0
2025-11-02 03:00:00,0.0
2025-11-02 04:00:00,0.0
2025-11-02 05:00:00,0.0
2025-11-02 06:00:00,0.0
2025-11-02 07:00:00,0.0
2025-11-02 08:00:00,0.0
2025-11-02 09:00:00,0.0
2025-11-02 10:00:00,0.0
2025-11-02 11:00:00,0.0
2025-11-02 12:00:00,0.0
2025-11-02 13:00:00,0.0
2025-11-02 14:00:00,0.0
2025-11-02 15:00:00,0.0
2025-11-02 16:00:00,0.0
2025-11-02 17:00:00,0.0
2025-11-02 18:00:00,0.0
2025-11-02 19:00:00,0.0
2025-11-02 20:00:00,0.0
2025-11-02 21:00:00,0.0
2025-11-02 22:00:00,0.0
2025-11-02 23:00:00,0.0
2025-11-03 00:00:00,0.001
2025-11-03 01:00:00,0.0
2025-11-03 02:00:00,0.0
2025-11-03 03:00:00,0.0
2025-11-03 04:00:00,0.0
2025-11-03 05:00:00,0.0
2025-11-03 06:00:00,0.2
2025-11-03 07:00:00,13.221
2025-11-03 08:00:00,64.07700000000001
2025-11-03 09:00:00,127.313
2025-11-03 10:00:00,118.88300000000002
2025-11-03 11:00:00,89.55799999999999
2025-11-03 12:00:00,52.47800000000001
2025-11-03 13:00:00,35.186
2025-11-03 14:00:00,29.002000000000002
2025-11-03 15:00:00,28.206
2025-11-03 16:00:00,23.276000000000003
2025-11-03 17:00:00,14.625999999999998
2025-11-03 18:00:00,0.515
2025-11-03 19:00:00,0.0
2025-11-03 20:00:00,0.0
2025-11-03 21:00:00,0.0
2025-11-03 22:00:00,0.0
2025-11-03 23:00:00,0.0
2025-11-04 00:00:00,0.0
2025-11-04 01:00:00,0.0
2025-11-04 02:00:00,0.0
2025-11-04 03:00:00,0.0
2025-11-04 04:00:00,0.0
2025-11-04 05:00:00,0.0
2025-11-04 06:00:00,0.14400000000000002
2025-11-04 07:00:00,13.410000000000002
2025-11-04 08:00:00,87.975
2025-11-04 09:00:00,117.953
2025-11-04 10:00:00,94.254
2025-11-04 11:00:00,42.989
2025-11-04 12:00:00,4.448
2025-11-04 13:00:00,13.26
2025-11-04 14:00:00,13.187000000000001
2025-11-04 15:00:00,7.327
2025-11-04 16:00:00,2.1260000000000003
2025-11-04 17:00:00,0.522
2025-11-04 18:00:00,0.018000000000000002
2025-11-04 19:00:00,0.9339999999999999
2025-11-04 20:00:00,8.649000000000001
2025-11-04 21:00:00,11.359
2025-11-04 22:00:00,11.343
2025-11-04 23:00:00,11.352
2025-11-05 00:00:00,11.348
2025-11-05 01:00:00,1.048
2025-11-05 02:00:00,0.0
2025-11-05 03:00:00,0.0
2025-11-05 04:00:00,0.0
2025-11-05 05:00:00,0.0
2025-11-05 06:00:00,0.0
2025-11-05 07:00:00,0.0
2025-11-05 08:00:00,20.061
2025-11-05 09:00:00,43.720000000000006
2025-11-05 10:00:00,39.843
2025-11-05 11:00:00,42.858
2025-11-05 12:00:00,28.726
2025-11-05 13:00:00,24.859
2025-11-05 14:00:00,20.869
2025-11-05 15:00:00,30.857
2025-11-05 16:00:00,11.186
2025-11-05 17:00:00,0.008
2025-11-05 18:00:00,0.0
2025-11-05 19:00:00,0.0
2025-11-05 20:00:00,0.0
2025-11-05 21:00:00,0.0
2025-11-05 22:00:00,0.0
2025-11-05 23:00:00,0.0
2025-11-06 00:00:00,0.0
2025-11-06 01:00:00,0.0
2025-11-06 02:00:00,0.0
2025-11-06 03:00:00,0.0
2025-11-06 04:00:00,0.0
2025-11-06 05:00:00,0.0
2025-11-06 06:00:00,0.0
2025-11-06 07:00:00,0.652
2025-11-06 08:00:00,44.935
2025-11-06 09:00:00,83.39
2025-11-06 10:00:00,61.86300000000001
2025-11-06 11:00:00,54.407000000000004
2025-11-06 12:00:00,37.575
2025-11-06 13:00:00,23.391000000000002
2025-11-06 14:00:00,11.601
2025-11-06 15:00:00,2.345
2025-11-06 16:00:00,0.0
2025-11-06 17:00:00,0.001
2025-11-06 18:00:00,0.0
2025-11-06 19:00:00,0.119
2025-11-06 20:00:00,0.0
2025-11-06 21:00:00,0.0
2025-11-06 22:00:00,0.0
2025-11-06 23:00:00,0.0
2025-11-07 00:00:00,0.0
2025-11-07 01:00:00,0.001
2025-11-07 02:00:00,0.0
2025-11-07 03:00:00,0.0
2025-11-07 04:00:00,0.0
2025-11-07 05:00:00,0.0
2025-11-07 06:00:00,1.151
2025-11-07 07:00:00,11.169
2025-11-07 08:00:00,33.026
2025-11-07 09:00:00,58.419000000000004
2025-11-07 10:00:00,56.18600000000001
2025-11-07 11:00:00,44.736
2025-11-07 12:00:00,32.687
2025-11-07 13:00:00,15.830000000000002
2025-11-07 14:00:00,8.342
2025-11-07 15:00:00,10.901
2025-11-07 16:00:00,4.553000000000001
2025-11-07 17:00:00,3.862
2025-11-07 18:00:00,3.599
2025-11-07 19:00:00,0.0
2025-11-07 20:00:00,0.0
2025-11-07 21:00:00,0.0
2025-11-07 22:00:00,0.0
2025-11-07 23:00:00,0.0
2025-11-08 00:00:00,0.0
2025-11-08 01:00:00,0.0
2025-11-08 02:00:00,0.0
2025-11-08 03:00:00,0.0
2025-11-08 04:00:00,0.0
2025-11-08 05:00:00,0.0
2025-11-08 06:00:00,0.0
2025-11-08 07:00:00,0.0
2025-11-08 08:00:00,0.0
2025-11-08 09:00:00,0.0
2025-11-08 10:00:00,0.001
2025-11-08 11:00:00,0.0
2025-11-08 12:00:00,0.0
2025-11-08 13:00:00,0.0
2025-11-08 14:00:00,0.0
2025-11-08 15:00:00,0.0
2025-11-08 16:00:00,0.0
2025-11-08 17:00:00,0.0
2025-11-08 18:00:00,0.0
2025-11-08 19:00:00,0.0
2025-11-08 20:00:00,0.0
2025-11-08 21:00:00,0.0
2025-11-08 22:00:00,0.0
2025-11-08 23:00:00,0.0
2025-11-09 00:00:00,0.0
2025-11-09 01:00:00,0.0
2025-11-09 02:00:00,0.001
2025-11-09 03:00:00,0.0
2025-11-09 04:00:00,0.0
2025-11-09 05:00:00,0.0
2025-11-09 06:00:00,0.0
2025-11-09 07:00:00,0.0
2025-11-09 08:00:00,0.0
2025-11-09 09:00:00,0.0
2025-11-09 10:00:00,0.0
2025-11-09 11:00:00,0.0
2025-11-09 12:00:00,0.0
2025-11-09 13:00:00,0.0
2025-11-09 14:00:00,0.0
2025-11-09 15:00:00,0.0
2025-11-09 16:00:00,0.0
2025-11-09 17:00:00,0.0
2025-11-09 18:00:00,0.0
2025-11-09 19:00:00,0.0
2025-11-09 20:00:00,0.0
2025-11-09 21:00:00,0.0
2025-11-09 22:00:00,0.0
2025-11-09 23:00:00,0.0
2025-11-10 00:00:00,0.0
2025-11-10 01:00:00,0.0
2025-11-10 02:00:00,0.0
2025-11-10 03:00:00,0.0
2025-11-10 04:00:00,0.0
2025-11-10 05:00:00,2.079
2025-11-10 06:00:00,10.713000000000001
2025-11-10 07:00:00,10.703
2025-11-10 08:00:00,24.787
2025-11-10 09:00:00,42.737
2025-11-10 10:00:00,33.283
2025-11-10 11:00:00,27.616999999999997
2025-11-10 12:00:00,21.519000000000002
2025-11-10 13:00:00,4.925
2025-11-10 14:00:00,1.8529999999999998
2025-11-10 15:00:00,0.0
2025-11-10 16:00:00,0.0
2025-11-10 17:00:00,0.0
2025-11-10 18:00:00,0.0
2025-11-10 19:00:00,0.0
2025-11-10 20:00:00,0.0
2025-11-10 21:00:00,0.0
2025-11-10 22:00:00,0.0
2025-11-10 23:00:00,0.0
2025-11-11 00:00:00,0.0
2025-11-11 01:00:00,0.0
2025-11-11 02:00:00,0.0
2025-11-11 03:00:00,0.0
2025-11-11 04:00:00,0.0
2025-11-11 05:00:00,0.0
2025-11-11 06:00:00,0.0
2025-11-11 07:00:00,0.0
2025-11-11 08:00:00,0.0
2025-11-11 09:00:00,0.0
2025-11-11 10:00:00,0.0
2025-11-11 11:00:00,0.0
2025-11-11 12:00:00,0.0
2025-11-11 13:00:00,0.0
2025-11-11 14:00:00,0.0
2025-11-11 15:00:00,0.001
2025-11-11 16:00:00,0.0
2025-11-11 17:00:00,0.0
2025-11-11 18:00:00,0.0
2025-11-11 19:00:00,0.0
2025-11-11 20:00:00,0.0
2025-11-11 21:00:00,0.0
2025-11-11 22:00:00,0.0
2025-11-11 23:00:00,0.0
2025-11-12 00:00:00,0.0
2025-11-12 01:00:00,0.0
2025-11-12 02:00:00,0.0
2025-11-12 03:00:00,0.0
2025-11-12 04:00:00,0.0
2025-11-12 05:00:00,0.0
2025-11-12 06:00:00,0.0
2025-11-12 07:00:00,7.678000000000001
2025-11-12 08:00:00,103.151
2025-11-12 09:00:00,137.423
2025-11-12 10:00:00,93.589
2025-11-12 11:00:00,68.28999999999999
2025-11-12 12:00:00,84.728
2025-11-12 13:00:00,67.539
2025-11-12 14:00:00,42.341
2025-11-12 15:00:00,2.549
2025-11-12 16:00:00,0.0
2025-11-12 17:00:00,0.45499999999999996
2025-11-12 18:00:00,1.154
2025-11-12 19:00:00,0.016
2025-11-12 20:00:00,0.0
2025-11-12 21:00:00,0.0
2025-11-12 22:00:00,0.0
2025-11-12 23:00:00,0.0
2025-11-13 00:00:00,0.0
2025-11-13 01:00:00,0.0
2025-11-13 02:00:00,0.0
2025-11-13 03:00:00,0.0
2025-11-13 04:00:00,0.0
2025-11-13 05:00:00,1.8119999999999998
2025-11-13 06:00:00,10.609
2025-11-13 07:00:00,18.712000000000003
2025-11-13 08:00:00,58.99699999999999
2025-11-13 09:00:00,125.38600000000001
2025-11-13 10:00:00,113.539
2025-11-13 11:00:00,73.954
2025-11-13 12:00:00,21.474
2025-11-13 13:00:00,5.882000000000001
2025-11-13 14:00:00,0.005
2025-11-13 15:00:00,0.5760000000000001
2025-11-13 16:00:00,10.766
2025-11-13 17:00:00,12.226
2025-11-13 18:00:00,2.655
2025-11-13 19:00:00,0.0
2025-11-13 20:00:00,0.0
2025-11-13 21:00:00,0.0
2025-11-13 22:00:00,0.0
2025-11-13 23:00:00,0.0
2025-11-14 00:00:00,0.0
2025-11-14 01:00:00,0.0
2025-11-14 02:00:00,0.0
2025-11-14 03:00:00,0.0
2025-11-14 04:00:00,0.0
2025-11-14 05:00:00,1.131
2025-11-14 06:00:00,7.422000000000001
2025-11-14 07:00:00,4.25
2025-11-14 08:00:00,87.853
2025-11-14 09:00:00,143.97199999999998
2025-11-14 10:00:00,109.204
2025-11-14 11:00:00,84.15
2025-11-14 12:00:00,70.172
2025-11-14 13:00:00,56.108
2025-11-14 14:00:00,56.45500000000001
2025-11-14 15:00:00,35.262
2025-11-14 16:00:00,4.346
2025-11-14 17:00:00,0.477
2025-11-14 18:00:00,0.010000000000000002
2025-11-14 19:00:00,0.0
2025-11-14 20:00:00,0.0
2025-11-14 21:00:00,0.0
2025-11-14 22:00:00,0.0
2025-11-14 23:00:00,0.0
2025-11-15 00:00:00,0.0
2025-11-15 01:00:00,0.0
2025-11-15 02:00:00,0.0
2025-11-15 03:00:00,0.0
2025-11-15 04:00:00,0.0
2025-11-15 05:00:00,0.0
2025-11-15 06:00:00,0.0
2025-11-15 07:00:00,0.0
2025-11-15 08:00:00,0.0
2025-11-15 09:00:00,0.001
2025-11-15 10:00:00,0.0
2025-11-15 11:00:00,0.0
2025-11-15 12:00:00,0.0
2025-11-15 13:00:00,0.0
2025-11-15 14:00:00,0.0
2025-11-15 15:00:00,0.0
2025-11-15 16:00:00,0.0
2025-11-15 17:00:00,0.0
2025-11-15 18:00:00,0.0
2025-11-15 19:00:00,0.001
2025-11-15 20:00:00,0.0
2025-11-15 21:00:00,0.0
2025-11-15 22:00:00,0.0
2025-11-15 23:00:00,0.0
2025-11-16 00:00:00,0.0
2025-11-16 01:00:00,0.0
2025-11-16 02:00:00,0.0
2025-11-16 03:00:00,0.0
2025-11-16 04:00:00,0.0
2025-11-16 05:00:00,0.0
2025-11-16 06:00:00,0.0
2025-11-16 07:00:00,0.0
2025-11-16 08:00:00,0.0
2025-11-16 09:00:00,0.0
2025-11-16 10:00:00,0.0
2025-11-16 11:00:00,0.0
2025-11-16 12:00:00,0.0
2025-11-16 13:00:00,0.0
2025-11-16 14:00:00,0.0
2025-11-16 15:00:00,0.0
2025-11-16 16:00:00,0.0
2025-11-16 17:00:00,0.0
2025-11-16 18:00:00,0.0
2025-11-16 19:00:00,0.0
2025-11-16 20:00:00,0.0
2025-11-16 21:00:00,0.0
2025-11-16 22:00:00,0.0
2025-11-16 23:00:00,0.0
2025-11-17 00:00:00,0.0
2025-11-17 01:00:00,0.0
2025-11-17 02:00:00,0.0
2025-11-17 03:00:00,0.0
2025-11-17 04:00:00,0.0
2025-11-17 05:00:00,0.0
2025-11-17 06:00:00,2.453
2025-11-17 07:00:00,26.793000000000003
2025-11-17 08:00:00,107.791
2025-11-17 09:00:00,162.62700000000004
2025-11-17 10:00:00,137.925
2025-11-17 11:00:00,132.34699999999998
2025-11-17 12:00:00,88.72000000000003
2025-11-17 13:00:00,53.99300000000001
2025-11-17 14:00:00,34.101
2025-11-17 15:00:00,13.333
2025-11-17 16:00:00,9.674
2025-11-17 17:00:00,0.646
2025-11-17 18:00:00,0.031
2025-11-17 19:00:00,0.0
2025-11-17 20:00:00,0.0
2025-11-17 21:00:00,0.0
2025-11-17 22:00:00,0.0
2025-11-17 23:00:00,0.0
2025-11-18 00:00:00,0.0
2025-11-18 01:00:00,0.0
2025-11-18 02:00:00,0.0
2025-11-18 03:00:00,0.0
2025-11-18 04:00:00,0.0
2025-11-18 05:00:00,0.0
2025-11-18 06:00:00,1.255
2025-11-18 07:00:00,24.239
2025-11-18 08:00:00,82.236
2025-11-18 09:00:00,108.89900000000002
2025-11-18 10:00:00,92.54299999999999
2025-11-18 11:00:00,66.168
2025-11-18 12:00:00,55.704
2025-11-18 13:00:00,38.574
2025-11-18 14:00:00,19.860000000000003
2025-11-18 15:00:00,7.256
2025-11-18 16:00:00,0.643
2025-11-18 17:00:00,0.0
2025-11-18 18:00:00,0.0
2025-11-18 19:00:00,0.0
2025-11-18 20:00:00,0.0
2025-11-18 21:00:00,0.0
2025-11-18 22:00:00,0.0
2025-11-18 23:00:00,0.0
2025-11-19 00:00:00,0.0
2025-11-19 01:00:00,0.0
2025-11-19 02:00:00,0.0
2025-11-19 03:00:00,0.0
2025-11-19 04:00:00,0.0
2025-11-19 05:00:00,1.0110000000000001
2025-11-19 06:00:00,7.416
2025-11-19 07:00:00,5.264
2025-11-19 08:00:00,19.773999999999997
2025-11-19 09:00:00,39.730999999999995
2025-11-19 10:00:00,49.75800000000001
2025-11-19 11:00:00,21.307000000000002
2025-11-19 12:00:00,3.781
2025-11-19 13:00:00,0.0
2025-11-19 14:00:00,0.0
2025-11-19 15:00:00,0.0
2025-11-19 16:00:00,0.0
2025-11-19 17:00:00,0.0
2025-11-19 18:00:00,0.0
2025-11-19 19:00:00,0.0
2025-11-19 20:00:00,0.0
2025-11-19 21:00:00,0.0
2025-11-19 22:00:00,0.0
2025-11-19 23:00:00,0.0
2025-11-20 00:00:00,0.0
2025-11-20 01:00:00,0.0
2025-11-20 02:00:00,0.0
2025-11-20 03:00:00,0.0
2025-11-20 04:00:00,0.0
2025-11-20 05:00:00,2.793
2025-11-20 06:00:00,18.696
2025-11-20 07:00:00,15.613
2025-11-20 08:00:00,45.891
2025-11-20 09:00:00,118.27999999999999
2025-11-20 10:00:00,121.74400000000001
2025-11-20 11:00:00,88.89299999999999
2025-11-20 12:00:00,91.362
2025-11-20 13:00:00,60.84700000000001
2025-11-20 14:00:00,39.807
2025-11-20 15:00:00,31.683000000000003
2025-11-20 16:00:00,9.388000000000002
2025-11-20 17:00:00,0.673
2025-11-20 18:00:00,0.0
2025-11-20 19:00:00,0.0
2025-11-20 20:00:00,0.0
2025-11-20 21:00:00,0.0
2025-11-20 22:00:00,0.0
2025-11-20 23:00:00,0.0
2025-11-21 00:00:00,0.0
2025-11-21 01:00:00,0.001
2025-11-21 02:00:00,0.0
2025-11-21 03:00:00,0.0
2025-11-21 04:00:00,0.0
2025-11-21 05:00:00,0.0
2025-11-21 06:00:00,1.15
2025-11-21 07:00:00,13.188
2025-11-21 08:00:00,74.556
2025-11-21 09:00:00,100.81700000000001
2025-11-21 10:00:00,84.77600000000001
2025-11-21 11:00:00,61.714
2025-11-21 12:00:00,21.793000000000003
2025-11-21 13:00:00,16.868000000000002
2025-11-21 14:00:00,9.993
2025-11-21 15:00:00,4.5280000000000005
2025-11-21 16:00:00,0.0
2025-11-21 17:00:00,0.958
2025-11-21 18:00:00,0.0
2025-11-21 19:00:00,0.0
2025-11-21 20:00:00,0.0
2025-11-21 21:00:00,0.0
2025-11-21 22:00:00,0.0
2025-11-21 23:00:00,0.0
2025-11-22 00:00:00,0.0
2025-11-22 01:00:00,0.0
2025-11-22 02:00:00,0.0
2025-11-22 03:00:00,0.0
2025-11-22 04:00:00,0.0
2025-11-22 05:00:00,0.0
2025-11-22 06:00:00,0.0
2025-11-22 07:00:00,0.0
2025-11-22 08:00:00,0.0
2025-11-22 09:00:00,0.0
2025-11-22 10:00:00,0.0
2025-11-22 11:00:00,0.0
2025-11-22 12:00:00,0.0
2025-11-22 13:00:00,0.0
2025-11-22 14:00:00,0.0
2025-11-22 15:00:00,0.0
2025-11-22 16:00:00,0.0
2025-11-22 17:00:00,0.0
2025-11-22 18:00:00,0.0
2025-11-22 19:00:00,0.0
2025-11-22 20:00:00,0.001
2025-11-22 21:00:00,0.0
2025-11-22 22:00:00,0.0
2025-11-22 23:00:00,0.0
2025-11-23 00:00:00,0.0
2025-11-23 01:00:00,0.0
2025-11-23 02:00:00,0.0
2025-11-23 03:00:00,0.0
2025-11-23 04:00:00,0.0
2025-11-23 05:00:00,0.0
2025-11-23 06:00:00,0.0
2025-11-23 07:00:00,0.0
2025-11-23 08:00:00,0.0
2025-11-23 09:00:00,0.0
2025-11-23 10:00:00,0.0
2025-11-23 11:00:00,0.0
2025-11-23 12:00:00,0.0
2025-11-23 13:00:00,0.0
2025-11-23 14:00:00,0.0
2025-11-23 15:00:00,0.0
2025-11-23 16:00:00,0.0
2025-11-23 17:00:00,0.0
2025-11-23 18:00:00,0.0
2025-11-23 19:00:00,0.001
2025-11-23 20:00:00,0.0
2025-11-23 21:00:00,0.0
2025-11-23 22:00:00,0.0
2025-11-23 23:00:00,0.0
2025-11-24 00:00:00,0.0
2025-11-24 01:00:00,0.0
2025-11-24 02:00:00,0.0
2025-11-24 03:00:00,0.0
2025-11-24 04:00:00,0.0
2025-11-24 05:00:00,0.0
2025-11-24 06:00:00,0.0
2025-11-24 07:00:00,6.835000000000001
2025-11-24 08:00:00,70.715
2025-11-24 09:00:00,162.20999999999995
2025-11-24 10:00:00,177.33900000000003
2025-11-24 11:00:00,142.024
2025-11-24 12:00:00,97.285
2025-11-24 13:00:00,87.498
2025-11-24 14:00:00,56.383
2025-11-24 15:00:00,39.066
2025-11-24 16:00:00,32.978
2025-11-24 17:00:00,1.1309999999999998
2025-11-24 18:00:00,0.0
2025-11-24 19:00:00,0.0
2025-11-24 20:00:00,0.0
2025-11-24 21:00:00,0.0
2025-11-24 22:00:00,0.0
2025-11-24 23:00:00,0.0
2025-11-25 00:00:00,0.0
2025-11-25 01:00:00,0.0
2025-11-25 02:00:00,0.0
2025-11-25 03:00:00,0.0
2025-11-25 04:00:00,0.0
2025-11-25 05:00:00,0.001
2025-11-25 06:00:00,0.0
2025-11-25 07:00:00,6.9
2025-11-25 08:00:00,13.818999999999999
2025-11-25 09:00:00,94.013
2025-11-25 10:00:00,123.77700000000002
2025-11-25 11:00:00,113.028
2025-11-25 12:00:00,91.84199999999998
2025-11-25 13:00:00,47.84899999999999
2025-11-25 14:00:00,20.425
2025-11-25 15:00:00,21.812
2025-11-25 16:00:00,10.693
2025-11-25 17:00:00,5.005000000000001
2025-11-25 18:00:00,0.0
2025-11-25 19:00:00,0.0
2025-11-25 20:00:00,0.0
2025-11-25 21:00:00,0.0
2025-11-25 22:00:00,0.0
2025-11-25 23:00:00,0.0
2025-11-26 00:00:00,0.0
2025-11-26 01:00:00,0.0
2025-11-26 02:00:00,0.0
2025-11-26 03:00:00,0.0
2025-11-26 04:00:00,0.001
2025-11-26 05:00:00,0.0
2025-11-26 06:00:00,0.0
2025-11-26 07:00:00,0.806
2025-11-26 08:00:00,41.579
2025-11-26 09:00:00,67.294
2025-11-26 10:00:00,75.441
2025-11-26 11:00:00,64.658
2025-11-26 12:00:00,35.79200000000001
2025-11-26 13:00:00,16.514
2025-11-26 14:00:00,9.763
2025-11-26 15:00:00,16.461000000000002
2025-11-26 16:00:00,14.07
2025-11-26 17:00:00,11.362
2025-11-26 18:00:00,3.7880000000000003
2025-11-26 19:00:00,0.0
2025-11-26 20:00:00,0.0
2025-11-26 21:00:00,0.0
2025-11-26 22:00:00,0.0
2025-11-26 23:00:00,0.0
2025-11-27 00:00:00,0.0
2025-11-27 01:00:00,0.0
2025-11-27 02:00:00,0.0
2025-11-27 03:00:00,0.0
2025-11-27 04:00:00,0.0
2025-11-27 05:00:00,0.0
2025-11-27 06:00:00,1.82
2025-11-27 07:00:00,14.282
2025-11-27 08:00:00,68.789
2025-11-27 09:00:00,133.87099999999998
2025-11-27 10:00:00,121.788
2025-11-27 11:00:00,79.402
2025-11-27 12:00:00,30.165999999999997
2025-11-27 13:00:00,12.337
2025-11-27 14:00:00,8.683
2025-11-27 15:00:00,0.001
2025-11-27 16:00:00,0.928
2025-11-27 17:00:00,0.667
2025-11-27 18:00:00,0.083
2025-11-27 19:00:00,0.0
2025-11-27 20:00:00,0.0
2025-11-27 21:00:00,0.0
2025-11-27 22:00:00,0.0
2025-11-27 23:00:00,0.0
2025-11-28 00:00:00,0.0
2025-11-28 01:00:00,0.0
2025-11-28 02:00:00,0.001
2025-11-28 03:00:00,0.0
2025-11-28 04:00:00,0.0
2025-11-28 05:00:00,0.0
2025-11-28 06:00:00,0.0
2025-11-28 07:00:00,1.824
2025-11-28 08:00:00,71.00699999999999
2025-11-28 09:00:00,92.818
2025-11-28 10:00:00,64.34
2025-11-28 11:00:00,45.647
2025-11-28 12:00:00,27.504
2025-11-28 13:00:00,7.957
2025-11-28 14:00:00,7.949
2025-11-28 15:00:00,0.0
2025-11-28 16:00:00,0.0
2025-11-28 17:00:00,0.0
2025-11-28 18:00:00,0.016
2025-11-28 19:00:00,0.0
2025-11-28 20:00:00,0.0
2025-11-28 21:00:00,0.0
2025-11-28 22:00:00,0.0
2025-11-28 23:00:00,0.0
2025-11-29 00:00:00,0.0
2025-11-29 01:00:00,0.0
2025-11-29 02:00:00,0.0
2025-11-29 03:00:00,0.0
2025-11-29 04:00:00,0.0
2025-11-29 05:00:00,0.0
2025-11-29 06:00:00,0.0
2025-11-29 07:00:00,0.0
2025-11-29 08:00:00,0.0
2025-11-29 09:00:00,0.0
2025-11-29 10:00:00,0.0
2025-11-29 11:00:00,0.0
2025-11-29 12:00:00,0.0
2025-11-29 13:00:00,0.0
2025-11-29 14:00:00,0.0
2025-11-29 15:00:00,0.0
2025-11-29 16:00:00,0.0
2025-11-29 17:00:00,0.0
2025-11-29 18:00:00,0.0
2025-11-29 19:00:00,0.0
2025-11-29 20:00:00,0.0
2025-11-29 21:00:00,0.0
2025-11-29 22:00:00,0.0
2025-11-29 23:00:00,0.0
2025-11-30 00:00:00,0.0
2025-11-30 01:00:00,0.0
2025-11-30 02:00:00,0.0
2025-11-30 03:00:00,0.0
2025-11-30 04:00:00,0.0
2025-11-30 05:00:00,0.0
2025-11-30 06:00:00,0.0
2025-11-30 07:00:00,0.0
2025-11-30 08:00:00,0.0
2025-11-30 09:00:00,0.0
2025-11-30 10:00:00,0.0
2025-11-30 11:00:00,0.0
2025-11-30 12:00:00,0.0
2025-11-30 13:00:00,0.0
2025-11-30 14:00:00,0.0
2025-11-30 15:00:00,0.0
2025-11-30 16:00:00,0.0
2025-11-30 17:00:00,0.0
2025-11-30 18:00:00,0.0
2025-11-30 19:00:00,0.0
2025-11-30 20:00:00,0.0
2025-11-30 21:00:00,0.0
2025-11-30 22:00:00,0.0
2025-11-30 23:00:00,0.0
2025-12-01 00:00:00,0.0
2025-12-01 01:00:00,0.001
2025-12-01 02:00:00,0.0
2025-12-01 03:00:00,0.0
2025-12-01 04:00:00,0.0
2025-12-01 05:00:00,0.0
2025-12-01 06:00:00,2.928
2025-12-01 07:00:00,35.507
2025-12-01 08:00:00,121.156
2025-12-01 09:00:00,174.80199999999996
2025-12-01 10:00:00,157.04200000000003
2025-12-01 11:00:00,136.921
2025-12-01 12:00:00,102.397
2025-12-01 13:00:00,84.67500000000001
2025-12-01 14:00:00,61.46000000000001
2025-12-01 15:00:00,43.586
2025-12-01 16:00:00,33.875
2025-12-01 17:00:00,14.597
2025-12-01 18:00:00,0.0
2025-12-01 19:00:00,0.0
2025-12-01 20:00:00,0.0
2025-12-01 21:00:00,0.0
2025-12-01 22:00:00,0.0
2025-12-01 23:00:00,0.0
2025-12-02 00:00:00,0.0
2025-12-02 01:00:00,0.0
2025-12-02 02:00:00,0.0
2025-12-02 03:00:00,0.0
2025-12-02 04:00:00,0.0
2025-12-02 05:00:00,0.0
2025-12-02 06:00:00,0.0
2025-12-02 07:00:00,0.099
2025-12-02 08:00:00,20.998
2025-12-02 09:00:00,22.094
2025-12-02 10:00:00,17.689
2025-12-02 11:00:00,10.901
2025-12-02 12:00:00,10.906
2025-12-02 13:00:00,10.912
2025-12-02 14:00:00,13.668
2025-12-02 15:00:00,3.7570000000000006
2025-12-02 16:00:00,0.0
2025-12-02 17:00:00,0.0
2025-12-02 18:00:00,0.0
2025-12-02 19:00:00,0.0
2025-12-02 20:00:00,0.0
2025-12-02 21:00:00,0.0
2025-12-02 22:00:00,0.0
2025-12-02 23:00:00,0.0
2025-12-03 00:00:00,0.0
2025-12-03 01:00:00,0.0
2025-12-03 02:00:00,0.0
2025-12-03 03:00:00,0.0
2025-12-03 04:00:00,0.0
2025-12-03 05:00:00,0.0
2025-12-03 06:00:00,0.0
2025-12-03 07:00:00,3.807
2025-12-03 08:00:00,70.22099999999999
2025-12-03 09:00:00,117.80300000000001
2025-12-03 10:00:00,109.94399999999999
2025-12-03 11:00:00,97.58800000000002
2025-12-03 12:00:00,62.22399999999999
2025-12-03 13:00:00,22.439
2025-12-03 14:00:00,4.245
2025-12-03 15:00:00,4.191000000000001
2025-12-03 16:00:00,4.22
2025-12-03 17:00:00,1.635
2025-12-03 18:00:00,0.0
2025-12-03 19:00:00,0.0
2025-12-03 20:00:00,0.0
2025-12-03 21:00:00,0.0
2025-12-03 22:00:00,0.0
2025-12-03 23:00:00,0.0
2025-12-04 00:00:00,0.0
2025-12-04 01:00:00,0.0
2025-12-04 02:00:00,0.0
2025-12-04 03:00:00,0.0
2025-12-04 04:00:00,0.0
2025-12-04 05:00:00,0.0
2025-12-04 06:00:00,0.0
2025-12-04 07:00:00,12.988000000000001
2025-12-04 08:00:00,50.44900000000001
2025-12-04 09:00:00,96.73599999999999
2025-12-04 10:00:00,95.969
2025-12-04 11:00:00,76.22099999999999
2025-12-04 12:00:00,52.03900000000001
2025-12-04 13:00:00,28.009999999999994
2025-12-04 14:00:00,23.944000000000003
2025-12-04 15:00:00,21.3
2025-12-04 16:00:00,14.429
2025-12-04 17:00:00,10.038
2025-12-04 18:00:00,1.059
2025-12-04 19:00:00,0.0
2025-12-04 20:00:00,0.0
2025-12-04 21:00:00,0.0
2025-12-04 22:00:00,0.0
2025-12-04 23:00:00,0.0
2025-12-05 00:00:00,0.0
2025-12-05 01:00:00,0.0
2025-12-05 02:00:00,0.0
2025-12-05 03:00:00,0.0
2025-12-05 04:00:00,0.0
2025-12-05 05:00:00,0.0
2025-12-05 06:00:00,4.203
2025-12-05 07:00:00,32.775
2025-12-05 08:00:00,62.093999999999994
2025-12-05 09:00:00,83.321
2025-12-05 10:00:00,73.268
2025-12-05 11:00:00,62.933
2025-12-05 12:00:00,23.179000000000002
2025-12-05 13:00:00,19.308
2025-12-05 14:00:00,16.043
2025-12-05 15:00:00,13.936000000000002
2025-12-05 16:00:00,5.824
2025-12-05 17:00:00,0.0
2025-12-05 18:00:00,0.8699999999999999
2025-12-05 19:00:00,0.0
2025-12-05 20:00:00,0.0
2025-12-05 21:00:00,0.0
2025-12-05 22:00:00,0.0
2025-12-05 23:00:00,0.0
2025-12-06 00:00:00,0.0
2025-12-06 01:00:00,0.0
2025-12-06 02:00:00,0.0
2025-12-06 03:00:00,0.0
2025-12-06 04:00:00,0.0
2025-12-06 05:00:00,0.0
2025-12-06 06:00:00,0.0
2025-12-06 07:00:00,0.0
2025-12-06 08:00:00,0.0
2025-12-06 09:00:00,0.0
2025-12-06 10:00:00,0.0
2025-12-06 11:00:00,0.0
2025-12-06 12:00:00,0.0
2025-12-06 13:00:00,0.427
2025-12-06 14:00:00,72.48100000000001
2025-12-06 15:00:00,77.35000000000001
2025-12-06 16:00:00,37.989000000000004
2025-12-06 17:00:00,11.17
2025-12-06 18:00:00,0.0
2025-12-06 19:00:00,0.0
2025-12-06 20:00:00,0.0
2025-12-06 21:00:00,0.0
2025-12-06 22:00:00,0.0
2025-12-06 23:00:00,0.0
2025-12-07 00:00:00,0.0
2025-12-07 01:00:00,0.0
2025-12-07 02:00:00,0.0
2025-12-07 03:00:00,0.0
2025-12-07 04:00:00,0.0
2025-12-07 05:00:00,0.0
2025-12-07 06:00:00,0.0
2025-12-07 07:00:00,0.0
2025-12-07 08:00:00,0.0
2025-12-07 09:00:00,0.0
2025-12-07 10:00:00,0.0
2025-12-07 11:00:00,0.0
2025-12-07 12:00:00,0.0
2025-12-07 13:00:00,0.0
2025-12-07 14:00:00,0.0
2025-12-07 15:00:00,0.0
2025-12-07 16:00:00,0.0
2025-12-07 17:00:00,0.0
2025-12-07 18:00:00,0.0
2025-12-07 19:00:00,0.0
2025-12-07 20:00:00,0.0
2025-12-07 21:00:00,0.0
2025-12-07 22:00:00,0.0
2025-12-07 23:00:00,0.0
2025-12-08 00:00:00,0.0
2025-12-08 01:00:00,0.0
2025-12-08 02:00:00,0.0
2025-12-08 03:00:00,0.0
2025-12-08 04:00:00,0.0
2025-12-08 05:00:00,0.0
2025-12-08 06:00:00,0.0
2025-12-08 07:00:00,3.1649999999999996
2025-12-08 08:00:00,70.12299999999999
2025-12-08 09:00:00,121.049
2025-12-08 10:00:00,101.07600000000002
2025-12-08 11:00:00,80.18
2025-12-08 12:00:00,95.71300000000001
2025-12-08 13:00:00,66.58699999999999
2025-12-08 14:00:00,35.031
2025-12-08 15:00:00,23.079
2025-12-08 16:00:00,12.995
2025-12-08 17:00:00,11.781
2025-12-08 18:00:00,5.5840000000000005
2025-12-08 19:00:00,0.0
2025-12-08 20:00:00,0.0
2025-12-08 21:00:00,0.0
2025-12-08 22:00:00,0.0
2025-12-08 23:00:00,0.0
2025-12-09 00:00:00,0.0
2025-12-09 01:00:00,0.0
2025-12-09 02:00:00,0.0
2025-12-09 03:00:00,0.0
2025-12-09 04:00:00,0.0
2025-12-09 05:00:00,0.0
2025-12-09 06:00:00,1.082
2025-12-09 07:00:00,14.097
2025-12-09 08:00:00,77.072
2025-12-09 09:00:00,130.80399999999997
2025-12-09 10:00:00,135.041
2025-12-09 11:00:00,104.18
2025-12-09 12:00:00,49.830000000000005
2025-12-09 13:00:00,23.137
2025-12-09 14:00:00,21.976
2025-12-09 15:00:00,15.368
2025-12-09 16:00:00,0.0
2025-12-09 17:00:00,1.258
2025-12-09 18:00:00,0.0
2025-12-09 19:00:00,0.0
2025-12-09 20:00:00,0.0
2025-12-09 21:00:00,0.0
2025-12-09 22:00:00,0.0
2025-12-09 23:00:00,0.0
2025-12-10 00:00:00,0.0
2025-12-10 01:00:00,0.0
2025-12-10 02:00:00,0.0
2025-12-10 03:00:00,0.0
2025-12-10 04:00:00,0.001
2025-12-10 05:00:00,0.0
2025-12-10 06:00:00,0.0
2025-12-10 07:00:00,0.504
2025-12-10 08:00:00,57.422
2025-12-10 09:00:00,88.03800000000001
2025-12-10 10:00:00,79.336
2025-12-10 11:00:00,59.739999999999995
2025-12-10 12:00:00,37.405
2025-12-10 13:00:00,20.277
2025-12-10 14:00:00,4.522
2025-12-10 15:00:00,5.0600000000000005
2025-12-10 16:00:00,11.383
2025-12-10 17:00:00,0.65
2025-12-10 18:00:00,0.0
2025-12-10 19:00:00,0.0
2025-12-10 20:00:00,0.0
2025-12-10 21:00:00,0.0
2025-12-10 22:00:00,0.0
2025-12-10 23:00:00,0.0
2025-12-11 00:00:00,0.0
2025-12-11 01:00:00,0.0
2025-12-11 02:00:00,0.0
2025-12-11 03:00:00,0.0
2025-12-11 04:00:00,0.0
2025-12-11 05:00:00,0.0
2025-12-11 06:00:00,1.1380000000000001
2025-12-11 07:00:00,7.407
2025-12-11 08:00:00,42.943
2025-12-11 09:00:00,71.795
2025-12-11 10:00:00,26.864
2025-12-11 11:00:00,16.704
2025-12-11 12:00:00,24.825999999999997
2025-12-11 13:00:00,26.712
2025-12-11 14:00:00,25.262999999999998
2025-12-11 15:00:00,21.124000000000002
2025-12-11 16:00:00,10.649000000000001
2025-12-11 17:00:00,3.4430000000000005
2025-12-11 18:00:00,0.0
2025-12-11 19:00:00,0.0
2025-12-11 20:00:00,0.0
2025-12-11 21:00:00,0.0
2025-12-11 22:00:00,0.0
2025-12-11 23:00:00,0.0
2025-12-12 00:00:00,0.0
2025-12-12 01:00:00,0.0
2025-12-12 02:00:00,0.0
2025-12-12 03:00:00,0.0
2025-12-12 04:00:00,0.0
2025-12-12 05:00:00,3.5509999999999997
2025-12-12 06:00:00,17.668
2025-12-12 07:00:00,32.689
2025-12-12 08:00:00,70.737
2025-12-12 09:00:00,77.985
2025-12-12 10:00:00,64.019
2025-12-12 11:00:00,41.951
2025-12-12 12:00:00,11.657
2025-12-12 13:00:00,9.163
2025-12-12 14:00:00,6.222
2025-12-12 15:00:00,0.0
2025-12-12 16:00:00,0.0
2025-12-12 17:00:00,0.313
2025-12-12 18:00:00,0.0
2025-12-12 19:00:00,0.0
2025-12-12 20:00:00,0.0
2025-12-12 21:00:00,0.0
2025-12-12 22:00:00,0.0
2025-12-12 23:00:00,0.0
2025-12-13 00:00:00,0.0
2025-12-13 01:00:00,0.0
2025-12-13 02:00:00,0.0
2025-12-13 03:00:00,0.0
2025-12-13 04:00:00,0.0
2025-12-13 05:00:00,0.0
2025-12-13 06:00:00,0.0
2025-12-13 07:00:00,0.0
2025-12-13 08:00:00,0.0
2025-12-13 09:00:00,0.0
2025-12-13 10:00:00,0.0
2025-12-13 11:00:00,0.0
2025-12-13 12:00:00,0.0
2025-12-13 13:00:00,0.0
2025-12-13 14:00:00,0.0
2025-12-13 15:00:00,0.0
2025-12-13 16:00:00,0.0
2025-12-13 17:00:00,0.0
2025-12-13 18:00:00,0.001
2025-12-13 19:00:00,0.0
2025-12-13 20:00:00,0.0
2025-12-13 21:00:00,0.001
2025-12-13 22:00:00,0.0
2025-12-13 23:00:00,0.0
2025-12-14 00:00:00,0.0
2025-12-14 01:00:00,0.0
2025-12-14 02:00:00,0.0
2025-12-14 03:00:00,0.0
2025-12-14 04:00:00,0.0
2025-12-14 05:00:00,0.0
2025-12-14 06:00:00,0.0
2025-12-14 07:00:00,0.0
2025-12-14 08:00:00,0.0
2025-12-14 09:00:00,0.0
2025-12-14 10:00:00,0.0
2025-12-14 11:00:00,0.0
2025-12-14 12:00:00,0.0
2025-12-14 13:00:00,0.0
2025-12-14 14:00:00,0.0
2025-12-14 15:00:00,0.0
2025-12-14 16:00:00,0.0
2025-12-14 17:00:00,0.0
2025-12-14 18:00:00,0.0
2025-12-14 19:00:00,0.0
2025-12-14 20:00:00,0.0
2025-12-14 21:00:00,0.0
2025-12-14 22:00:00,0.0
2025-12-14 23:00:00,0.0
2025-12-15 00:00:00,0.0
2025-12-15 01:00:00,0.0
2025-12-15 02:00:00,0.0
2025-12-15 03:00:00,0.0
2025-12-15 04:00:00,0.0
2025-12-15 05:00:00,0.0
2025-12-15 06:00:00,0.365
2025-12-15 07:00:00,21.87
2025-12-15 08:00:00,93.39800000000001
2025-12-15 09:00:00,118.18
2025-12-15 10:00:00,107.063
2025-12-15 11:00:00,67.92399999999999
2025-12-15 12:00:00,56.275000000000006
2025-12-15 13:00:00,57.233
2025-12-15 14:00:00,53.12
2025-12-15 15:00:00,31.723999999999997
2025-12-15 16:00:00,13.989
2025-12-15 17:00:00,0.9390000000000001
2025-12-15 18:00:00,0.0
2025-12-15 19:00:00,0.0
2025-12-15 20:00:00,0.0
2025-12-15 21:00:00,0.0
2025-12-15 22:00:00,0.0
2025-12-15 23:00:00,0.0
2025-12-16 00:00:00,0.0
2025-12-16 01:00:00,0.0
2025-12-16 02:00:00,0.0
2025-12-16 03:00:00,0.0
2025-12-16 04:00:00,0.0
2025-12-16 05:00:00,0.0
2025-12-16 06:00:00,0.0
2025-12-16 07:00:00,14.329
2025-12-16 08:00:00,67.77400000000002
2025-12-16 09:00:00,130.454
2025-12-16 10:00:00,137.919
2025-12-16 11:00:00,124.886
2025-12-16 12:00:00,72.567
2025-12-16 13:00:00,25.642000000000003
2025-12-16 14:00:00,18.231
2025-12-16 15:00:00,12.433
2025-12-16 16:00:00,2.337
2025-12-16 17:00:00,0.522
2025-12-16 18:00:00,0.0
2025-12-16 19:00:00,0.0
2025-12-16 20:00:00,0.0
2025-12-16 21:00:00,0.0
2025-12-16 22:00:00,0.0
2025-12-16 23:00:00,0.0
2025-12-17 00:00:00,0.0
2025-12-17 01:00:00,0.0
2025-12-17 02:00:00,0.0
2025-12-17 03:00:00,0.0
2025-12-17 04:00:00,0.0
2025-12-17 05:00:00,0.0
2025-12-17 06:00:00,0.0
2025-12-17 07:00:00,8.051
2025-12-17 08:00:00,29.573999999999998
2025-12-17 09:00:00,64.04
2025-12-17 10:00:00,57.00200000000001
2025-12-17 11:00:00,43.85099999999999
2025-12-17 12:00:00,19.050000000000004
2025-12-17 13:00:00,6.923000000000001
2025-12-17 14:00:00,0.0
2025-12-17 15:00:00,0.405
2025-12-17 16:00:00,0.0
2025-12-17 17:00:00,0.746
2025-12-17 18:00:00,3.6550000000000002
2025-12-17 19:00:00,3.646
2025-12-17 20:00:00,3.3619999999999997
2025-12-17 21:00:00,0.0
2025-12-17 22:00:00,0.0
2025-12-17 23:00:00,0.0
2025-12-18 00:00:00,0.0
2025-12-18 01:00:00,0.0
2025-12-18 02:00:00,0.0
2025-12-18 03:00:00,0.0
2025-12-18 04:00:00,0.0
2025-12-18 05:00:00,0.0
2025-12-18 06:00:00,1.258
2025-12-18 07:00:00,36.522999999999996
2025-12-18 08:00:00,99.22500000000001
2025-12-18 09:00:00,140.699
2025-12-18 10:00:00,121.76300000000003
2025-12-18 11:00:00,97.41000000000001
2025-12-18 12:00:00,47.230000000000004
2025-12-18 13:00:00,23.232
2025-12-18 14:00:00,22.246
2025-12-18 15:00:00,22.240000000000002
2025-12-18 16:00:00,22.326
2025-12-18 17:00:00,2.968
2025-12-18 18:00:00,0.0
2025-12-18 19:00:00,0.001
2025-12-18 20:00:00,0.0
2025-12-18 21:00:00,0.0
2025-12-18 22:00:00,0.0
2025-12-18 23:00:00,0.0
2025-12-19 00:00:00,0.0
2025-12-19 01:00:00,0.0
2025-12-19 02:00:00,0.0
2025-12-19 03:00:00,0.0
2025-12-19 04:00:00,0.0
2025-12-19 05:00:00,0.0
2025-12-19 06:00:00,4.1259999999999994
2025-12-19 07:00:00,27.476000000000006
2025-12-19 08:00:00,66.25800000000001
2025-12-19 09:00:00,75.32
2025-12-19 10:00:00,55.429
2025-12-19 11:00:00,31.76
2025-12-19 12:00:00,21.319000000000003
2025-12-19 13:00:00,55.90100000000001
2025-12-19 14:00:00,67.17200000000001
2025-12-19 15:00:00,65.07700000000001
2025-12-19 16:00:00,46.366
2025-12-19 17:00:00,34.835
2025-12-19 18:00:00,19.033
2025-12-19 19:00:00,2.557
2025-12-19 20:00:00,0.0
2025-12-19 21:00:00,0.0
2025-12-19 22:00:00,0.0
2025-12-19 23:00:00,0.0
2025-12-20 00:00:00,0.001
2025-12-20 01:00:00,0.0
2025-12-20 02:00:00,0.0
2025-12-20 03:00:00,0.0
2025-12-20 04:00:00,0.0
2025-12-20 05:00:00,0.0
2025-12-20 06:00:00,0.0
2025-12-20 07:00:00,0.0
2025-12-20 08:00:00,0.0
2025-12-20 09:00:00,0.0
2025-12-20 10:00:00,0.0
2025-12-20 11:00:00,0.0
2025-12-20 12:00:00,0.0
2025-12-20 13:00:00,0.0
2025-12-20 14:00:00,0.001
2025-12-20 15:00:00,0.0
2025-12-20 16:00:00,0.0
2025-12-20 17:00:00,0.0
2025-12-20 18:00:00,0.0
2025-12-20 19:00:00,0.0
2025-12-20 20:00:00,0.0
2025-12-20 21:00:00,0.0
2025-12-20 22:00:00,0.0
2025-12-20 23:00:00,0.0
2025-12-21 00:00:00,0.0
2025-12-21 01:00:00,0.0
2025-12-21 02:00:00,0.0
2025-12-21 03:00:00,0.0
2025-12-21 04:00:00,0.0
2025-12-21 05:00:00,0.0
2025-12-21 06:00:00,0.0
2025-12-21 07:00:00,0.0
2025-12-21 08:00:00,0.0
2025-12-21 09:00:00,0.0
2025-12-21 10:00:00,0.0
2025-12-21 11:00:00,0.0
2025-12-21 12:00:00,0.0
2025-12-21 13:00:00,0.0
2025-12-21 14:00:00,0.0
2025-12-21 15:00:00,0.0
2025-12-21 16:00:00,0.0
2025-12-21 17:00:00,0.001
2025-12-21 18:00:00,0.0
2025-12-21 19:00:00,0.0
2025-12-21 20:00:00,0.0
2025-12-21 21:00:00,0.0
2025-12-21 22:00:00,0.0
2025-12-21 23:00:00,0.0
2025-12-22 00:00:00,0.0
2025-12-22 01:00:00,0.0
2025-12-22 02:00:00,0.0
2025-12-22 03:00:00,0.0
2025-12-22 04:00:00,0.0
2025-12-22 05:00:00,0.0
2025-12-22 06:00:00,1.9129999999999998
2025-12-22 07:00:00,18.189
2025-12-22 08:00:00,35.513000000000005
2025-12-22 09:00:00,76.92
2025-12-22 10:00:00,80.82600000000001
2025-12-22 11:00:00,61.338
2025-12-22 12:00:00,31.679000000000002
2025-12-22 13:00:00,37.095
2025-12-22 14:00:00,32.925
2025-12-22 15:00:00,18.371000000000002
2025-12-22 16:00:00,10.912
2025-12-22 17:00:00,3.653
2025-12-22 18:00:00,0.935
2025-12-22 19:00:00,0.0
2025-12-22 20:00:00,0.0
2025-12-22 21:00:00,0.0
2025-12-22 22:00:00,0.0
2025-12-22 23:00:00,0.0
2025-12-23 00:00:00,0.0
2025-12-23 01:00:00,0.0
2025-12-23 02:00:00,0.0
2025-12-23 03:00:00,0.0
2025-12-23 04:00:00,0.0
2025-12-23 05:00:00,1.8299999999999998
2025-12-23 06:00:00,10.582
2025-12-23 07:00:00,17.842
2025-12-23 08:00:00,74.54599999999999
2025-12-23 09:00:00,82.639
2025-12-23 10:00:00,64.985
2025-12-23 11:00:00,54.984
2025-12-23 12:00:00,27.97
2025-12-23 13:00:00,8.503
2025-12-23 14:00:00,18.012
2025-12-23 15:00:00,12.43
2025-12-23 16:00:00,3.448
2025-12-23 17:00:00,0.0
2025-12-23 18:00:00,0.0
2025-12-23 19:00:00,0.0
2025-12-23 20:00:00,0.0
2025-12-23 21:00:00,0.0
2025-12-23 22:00:00,0.0
2025-12-23 23:00:00,0.0
2025-12-24 00:00:00,0.0
2025-12-24 01:00:00,0.0
2025-12-24 02:00:00,0.0
2025-12-24 03:00:00,0.0
2025-12-24 04:00:00,0.0
2025-12-24 05:00:00,0.0
2025-12-24 06:00:00,0.0
2025-12-24 07:00:00,4.575
2025-12-24 08:00:00,44.653000000000006
2025-12-24 09:00:00,51.520999999999994
2025-12-24 10:00:00,31.785999999999998
2025-12-24 11:00:00,0.686
2025-12-24 12:00:00,2.308
2025-12-24 13:00:00,8.678
2025-12-24 14:00:00,3.842
2025-12-24 15:00:00,0.001
2025-12-24 16:00:00,0.167
2025-12-24 17:00:00,0.0
2025-12-24 18:00:00,0.0
2025-12-24 19:00:00,0.0
2025-12-24 20:00:00,0.0
2025-12-24 21:00:00,0.0
2025-12-24 22:00:00,0.0
2025-12-24 23:00:00,0.0
2025-12-25 00:00:00,0.0
2025-12-25 01:00:00,0.0
2025-12-25 02:00:00,0.0
2025-12-25 03:00:00,0.0
2025-12-25 04:00:00,0.0
2025-12-25 05:00:00,0.0
2025-12-25 06:00:00,0.0
2025-12-25 07:00:00,0.0
2025-12-25 08:00:00,4.8660000000000005
2025-12-25 09:00:00,10.699000000000002
2025-12-25 10:00:00,10.691
2025-12-25 11:00:00,10.685
2025-12-25 12:00:00,10.688
2025-12-25 13:00:00,10.681000000000001
2025-12-25 14:00:00,10.673000000000002
2025-12-25 15:00:00,6.321
2025-12-25 16:00:00,0.0
2025-12-25 17:00:00,0.0
2025-12-25 18:00:00,0.0
2025-12-25 19:00:00,0.0
2025-12-25 20:00:00,0.0
2025-12-25 21:00:00,0.0
2025-12-25 22:00:00,0.0
2025-12-25 23:00:00,0.0
2025-12-26 00:00:00,0.0
2025-12-26 01:00:00,0.0
2025-12-26 02:00:00,0.0
2025-12-26 03:00:00,0.0
2025-12-26 04:00:00,0.0
2025-12-26 05:00:00,0.0
2025-12-26 06:00:00,0.0
2025-12-26 07:00:00,0.0
2025-12-26 08:00:00,5.8469999999999995
2025-12-26 09:00:00,10.654
2025-12-26 10:00:00,10.637
2025-12-26 11:00:00,10.634
2025-12-26 12:00:00,3.0300000000000002
2025-12-26 13:00:00,0.0
2025-12-26 14:00:00,0.0
2025-12-26 15:00:00,0.015000000000000003
2025-12-26 16:00:00,0.0
2025-12-26 17:00:00,0.0
2025-12-26 18:00:00,0.0
2025-12-26 19:00:00,0.0
2025-12-26 20:00:00,0.0
2025-12-26 21:00:00,0.0
2025-12-26 22:00:00,0.0
2025-12-26 23:00:00,0.0
2025-12-27 00:00:00,0.0
2025-12-27 01:00:00,0.0
2025-12-27 02:00:00,0.0
2025-12-27 03:00:00,0.0
2025-12-27 04:00:00,0.0
2025-12-27 05:00:00,0.0
2025-12-27 06:00:00,0.0
2025-12-27 07:00:00,0.0
2025-12-27 08:00:00,0.0
2025-12-27 09:00:00,0.0
2025-12-27 10:00:00,0.0
2025-12-27 11:00:00,0.0
2025-12-27 12:00:00,0.0
2025-12-27 13:00:00,0.0
2025-12-27 14:00:00,0.001
2025-12-27 15:00:00,0.0
2025-12-27 16:00:00,0.0
2025-12-27 17:00:00,0.0
2025-12-27 18:00:00,0.0
2025-12-27 19:00:00,0.0
2025-12-27 20:00:00,0.0
2025-12-27 21:00:00,0.0
2025-12-27 22:00:00,0.0
2025-12-27 23:00:00,0.0
2025-12-28 00:00:00,0.0
2025-12-28 01:00:00,0.0
2025-12-28 02:00:00,0.0
2025-12-28 03:00:00,0.0
2025-12-28 04:00:00,0.0
2025-12-28 05:00:00,0.0
2025-12-28 06:00:00,0.0
2025-12-28 07:00:00,0.0
2025-12-28 08:00:00,0.0
2025-12-28 09:00:00,0.0
2025-12-28 10:00:00,0.0
2025-12-28 11:00:00,0.0
2025-12-28 12:00:00,0.0
2025-12-28 13:00:00,0.0
2025-12-28 14:00:00,0.0
2025-12-28 15:00:00,0.0
2025-12-28 16:00:00,0.0
2025-12-28 17:00:00,0.0
2025-12-28 18:00:00,0.0
2025-12-28 19:00:00,0.001
2025-12-28 20:00:00,0.0
2025-12-28 21:00:00,0.0
2025-12-28 22:00:00,0.0
2025-12-28 23:00:00,0.0
2025-12-29 00:00:00,0.0
2025-12-29 01:00:00,0.0
2025-12-29 02:00:00,0.0
2025-12-29 03:00:00,0.0
2025-12-29 04:00:00,0.0
2025-12-29 05:00:00,0.0
2025-12-29 06:00:00,0.0
2025-12-29 07:00:00,0.0
2025-12-29 08:00:00,29.426
2025-12-29 09:00:00,26.534
2025-12-29 10:00:00,26.16
2025-12-29 11:00:00,24.614
2025-12-29 12:00:00,43.30800000000001
2025-12-29 13:00:00,23.447000000000003
2025-12-29 14:00:00,8.296000000000001
2025-12-29 15:00:00,4.178
2025-12-29 16:00:00,1.518
2025-12-29 17:00:00,0.0
2025-12-29 18:00:00,0.0
2025-12-29 19:00:00,0.0
2025-12-29 20:00:00,0.0
2025-12-29 21:00:00,0.0
2025-12-29 22:00:00,0.0
2025-12-29 23:00:00,0.001
2025-12-30 00:00:00,0.0
2025-12-30 01:00:00,0.0
2025-12-30 02:00:00,0.0
2025-12-30 03:00:00,0.0
2025-12-30 04:00:00,0.0
2025-12-30 05:00:00,0.0
2025-12-30 06:00:00,0.0
2025-12-30 07:00:00,0.0
2025-12-30 08:00:00,19.999000000000002
2025-12-30 09:00:00,14.746
2025-12-30 10:00:00,14.158999999999999
2025-12-30 11:00:00,10.530000000000001
2025-12-30 12:00:00,0.0
2025-12-30 13:00:00,0.0
2025-12-30 14:00:00,0.0
2025-12-30 15:00:00,0.0
2025-12-30 16:00:00,0.0
2025-12-30 17:00:00,0.0
2025-12-30 18:00:00,0.0
2025-12-30 19:00:00,0.0
2025-12-30 20:00:00,0.0
2025-12-30 21:00:00,0.0
2025-12-30 22:00:00,0.0
2025-12-30 23:00:00,0.0
2025-12-31 00:00:00,0.0
2025-12-31 01:00:00,0.0
2025-12-31 02:00:00,0.001
2025-12-31 03:00:00,0.0
2025-12-31 04:00:00,0.0
2025-12-31 05:00:00,0.0
2025-12-31 06:00:00,0.0
2025-12-31 07:00:00,0.0
2025-12-31 08:00:00,10.635
2025-12-31 09:00:00,10.860000000000001
2025-12-31 10:00:00,10.863
2025-12-31 11:00:00,3.516
2025-12-31 12:00:00,0.0
2025-12-31 13:00:00,0.0
2025-12-31 14:00:00,0.0
2025-12-31 15:00:00,0.0
2025-12-31 16:00:00,0.0
2025-12-31 17:00:00,0.0
2025-12-31 18:00:00,0.001
2025-12-31 19:00:00,0.0
2025-12-31 20:00:00,0.0
2025-12-31 21:00:00,0.0
2025-12-31 22:00:00,0.0
2025-12-31 23:00:00,0.0
2026-01-01 00:00:00,0.0
2026-01-01 01:00:00,0.0
2026-01-01 02:00:00,0.0
2026-01-01 03:00:00,0.0
2026-01-01 04:00:00,0.0
2026-01-01 05:00:00,0.0
2026-01-01 06:00:00,0.0
2026-01-01 07:00:00,0.0
2026-01-01 08:00:00,0.0
2026-01-01 09:00:00,0.0
2026-01-01 10:00:00,0.0
2026-01-01 11:00:00,0.0
2026-01-01 12:00:00,0.0
2026-01-01 13:00:00,0.0
2026-01-01 14:00:00,0.0
2026-01-01 15:00:00,0.0
2026-01-01 16:00:00,0.0
2026-01-01 17:00:00,0.0
2026-01-01 18:00:00,0.0
2026-01-01 19:00:00,0.0
2026-01-01 20:00:00,0.0
2026-01-01 21:00:00,0.0
2026-01-01 22:00:00,0.0
2026-01-01 23:00:00,0.0
2026-01-02 00:00:00,0.0
2026-01-02 01:00:00,0.0
2026-01-02 02:00:00,0.0
2026-01-02 03:00:00,0.0
2026-01-02 04:00:00,0.0
2026-01-02 05:00:00,0.0
2026-01-02 06:00:00,0.0
2026-01-02 07:00:00,0.0
2026-01-02 08:00:00,0.0
2026-01-02 09:00:00,0.0
2026-01-02 10:00:00,0.0
2026-01-02 11:00:00,0.0
2026-01-02 12:00:00,0.0
2026-01-02 13:00:00,0.0
2026-01-02 14:00:00,0.0
2026-01-02 15:00:00,0.0
2026-01-02 16:00:00,0.0
2026-01-02 17:00:00,0.0
2026-01-02 18:00:00,0.0
2026-01-02 19:00:00,0.0
2026-01-02 20:00:00,0.0
2026-01-02 21:00:00,0.0
2026-01-02 22:00:00,0.0
2026-01-02 23:00:00,0.0
2026-01-03 00:00:00,0.0
2026-01-03 01:00:00,0.0
2026-01-03 02:00:00,0.0
2026-01-03 03:00:00,0.0
2026-01-03 04:00:00,0.001
2026-01-03 05:00:00,0.0
2026-01-03 06:00:00,0.0
2026-01-03 07:00:00,0.0
2026-01-03 08:00:00,0.0
2026-01-03 09:00:00,0.0
2026-01-03 10:00:00,0.0
2026-01-03 11:00:00,0.0
2026-01-03 12:00:00,0.0
2026-01-03 13:00:00,0.0
2026-01-03 14:00:00,0.0
2026-01-03 15:00:00,0.0
2026-01-03 16:00:00,0.0
2026-01-03 17:00:00,0.0
2026-01-03 18:00:00,0.0
2026-01-03 19:00:00,0.0
2026-01-03 20:00:00,0.0
2026-01-03 21:00:00,0.0
2026-01-03 22:00:00,0.0
2026-01-03 23:00:00,0.0
2026-01-04 00:00:00,0.0
2026-01-04 01:00:00,0.0
2026-01-04 02:00:00,0.0
2026-01-04 03:00:00,0.0
2026-01-04 04:00:00,0.0
2026-01-04 05:00:00,0.0
2026-01-04 06:00:00,0.0
2026-01-04 07:00:00,0.0
2026-01-04 08:00:00,0.0
2026-01-04 09:00:00,0.0
2026-01-04 10:00:00,0.0
2026-01-04 11:00:00,0.0
2026-01-04 12:00:00,0.0
2026-01-04 13:00:00,0.0
2026-01-04 14:00:00,0.0
2026-01-04 15:00:00,0.0
2026-01-04 16:00:00,0.001
2026-01-04 17:00:00,0.0
2026-01-04 18:00:00,0.0
2026-01-04 19:00:00,0.0
2026-01-04 20:00:00,0.0
2026-01-04 21:00:00,0.0
2026-01-04 22:00:00,0.0
2026-01-04 23:00:00,0.0
2026-01-05 00:00:00,0.0
2026-01-05 01:00:00,0.0
2026-01-05 02:00:00,0.0
2026-01-05 03:00:00,0.0
2026-01-05 04:00:00,0.0
2026-01-05 05:00:00,1.548
2026-01-05 06:00:00,10.618
2026-01-05 07:00:00,27.856
2026-01-05 08:00:00,129.836
2026-01-05 09:00:00,160.7
2026-01-05 10:00:00,136.74099999999999
2026-01-05 11:00:00,95.208
2026-01-05 12:00:00,89.637
2026-01-05 13:00:00,73.212
2026-01-05 14:00:00,47.909
2026-01-05 15:00:00,25.938000000000002
2026-01-05 16:00:00,15.018999999999998
2026-01-05 17:00:00,8.008999999999999
2026-01-05 18:00:00,0.0
2026-01-05 19:00:00,0.0
2026-01-05 20:00:00,0.0
2026-01-05 21:00:00,0.0
2026-01-05 22:00:00,0.0
2026-01-05 23:00:00,0.0
2026-01-06 00:00:00,0.0
2026-01-06 01:00:00,0.0
2026-01-06 02:00:00,0.0
2026-01-06 03:00:00,0.0
2026-01-06 04:00:00,0.0
2026-01-06 05:00:00,0.0
2026-01-06 06:00:00,0.0
2026-01-06 07:00:00,2.292
2026-01-06 08:00:00,59.400000000000006
2026-01-06 09:00:00,101.77000000000001
2026-01-06 10:00:00,82.02400000000003
2026-01-06 11:00:00,80.141
2026-01-06 12:00:00,61.84199999999999
2026-01-06 13:00:00,38.797000000000004
2026-01-06 14:00:00,25.195
2026-01-06 15:00:00,24.262
2026-01-06 16:00:00,2.202
2026-01-06 17:00:00,0.0
2026-01-06 18:00:00,2.4050000000000002
2026-01-06 19:00:00,3.657
2026-01-06 20:00:00,2.479
2026-01-06 21:00:00,0.0
2026-01-06 22:00:00,0.0
2026-01-06 23:00:00,0.0
2026-01-07 00:00:00,0.0
2026-01-07 01:00:00,0.0
2026-01-07 02:00:00,0.0
2026-01-07 03:00:00,0.0
2026-01-07 04:00:00,0.0
2026-01-07 05:00:00,0.0
2026-01-07 06:00:00,0.45899999999999996
2026-01-07 07:00:00,15.576
2026-01-07 08:00:00,38.43300000000001
2026-01-07 09:00:00,56.837
2026-01-07 10:00:00,56.3
2026-01-07 11:00:00,37.937000000000005
2026-01-07 12:00:00,21.72
2026-01-07 13:00:00,10.264999999999999
2026-01-07 14:00:00,0.0
2026-01-07 15:00:00,0.0
2026-01-07 16:00:00,0.278
2026-01-07 17:00:00,1.6300000000000001
2026-01-07 18:00:00,0.0
2026-01-07 19:00:00,0.0
2026-01-07 20:00:00,0.0
2026-01-07 21:00:00,0.0
2026-01-07 22:00:00,0.0
2026-01-07 23:00:00,0.0
2026-01-08 00:00:00,0.0
2026-01-08 01:00:00,0.0
2026-01-08 02:00:00,0.0
2026-01-08 03:00:00,0.0
2026-01-08 04:00:00,0.0
2026-01-08 05:00:00,0.0
2026-01-08 06:00:00,1.0470000000000002
2026-01-08 07:00:00,19.91
2026-01-08 08:00:00,37.303000000000004
2026-01-08 09:00:00,48.033
2026-01-08 10:00:00,52.88400000000001
2026-01-08 11:00:00,43.284
2026-01-08 12:00:00,23.591000000000005
2026-01-08 13:00:00,26.192
2026-01-08 14:00:00,38.17699999999999
2026-01-08 15:00:00,37.04400000000001
2026-01-08 16:00:00,15.877
2026-01-08 17:00:00,12.678
2026-01-08 18:00:00,3.7170000000000005
2026-01-08 19:00:00,0.0
2026-01-08 20:00:00,0.0
2026-01-08 21:00:00,0.0
2026-01-08 22:00:00,0.0
2026-01-08 23:00:00,0.0
2026-01-09 00:00:00,0.0
2026-01-09 01:00:00,0.002
2026-01-09 02:00:00,0.0
2026-01-09 03:00:00,0.0
2026-01-09 04:00:00,0.0
2026-01-09 05:00:00,0.0
2026-01-09 06:00:00,1.5050000000000001
2026-01-09 07:00:00,15.52
2026-01-09 08:00:00,95.80300000000001
2026-01-09 09:00:00,124.006
2026-01-09 10:00:00,108.94400000000002
2026-01-09 11:00:00,80.702
2026-01-09 12:00:00,54.629
2026-01-09 13:00:00,13.492999999999999
2026-01-09 14:00:00,3.339
2026-01-09 15:00:00,1.476
2026-01-09 16:00:00,0.022
2026-01-09 17:00:00,0.895
2026-01-09 18:00:00,0.5800000000000001
2026-01-09 19:00:00,0.0
2026-01-09 20:00:00,0.0
2026-01-09 21:00:00,0.0
2026-01-09 22:00:00,0.0
2026-01-09 23:00:00,0.0
2026-01-10 00:00:00,0.0
2026-01-10 01:00:00,0.0
2026-01-10 02:00:00,0.0
2026-01-10 03:00:00,0.0
2026-01-10 04:00:00,0.0
2026-01-10 05:00:00,0.0
2026-01-10 06:00:00,0.0
2026-01-10 07:00:00,0.0
2026-01-10 08:00:00,0.0
2026-01-10 11:00:00,0.0
2026-01-10 12:00:00,0.0
2026-01-10 13:00:00,0.0
2026-01-10 14:00:00,0.0
2026-01-10 15:00:00,0.002
2026-01-10 16:00:00,0.0
2026-01-10 17:00:00,0.0
2026-01-10 18:00:00,0.0
2026-01-10 19:00:00,0.002
2026-01-10 20:00:00,0.0
2026-01-10 21:00:00,0.0
2026-01-10 22:00:00,0.0
2026-01-10 23:00:00,0.002
2026-01-11 00:00:00,0.0
2026-01-11 01:00:00,0.0
2026-01-11 02:00:00,0.0
2026-01-11 03:00:00,0.002
2026-01-11 04:00:00,0.0
2026-01-11 05:00:00,0.0
2026-01-11 06:00:00,0.002
2026-01-11 07:00:00,0.0
2026-01-11 08:00:00,0.0
2026-01-11 09:00:00,0.0
2026-01-11 10:00:00,0.002
2026-01-11 11:00:00,0.0
2026-01-11 12:00:00,0.0
2026-01-11 13:00:00,0.0
2026-01-11 14:00:00,0.002
2026-01-11 15:00:00,0.0
2026-01-11 16:00:00,0.0
2026-01-11 17:00:00,0.0
2026-01-11 18:00:00,0.002
2026-01-11 19:00:00,0.0
2026-01-11 20:00:00,0.0
2026-01-11 21:00:00,0.0
2026-01-11 22:00:00,0.0
2026-01-11 23:00:00,0.002
2026-01-12 00:00:00,0.0
2026-01-12 01:00:00,0.0
2026-01-12 02:00:00,0.0
2026-01-12 03:00:00,0.0
2026-01-12 04:00:00,0.002
2026-01-12 05:00:00,0.0
2026-01-12 06:00:00,1.231
2026-01-12 07:00:00,31.705000000000002
2026-01-12 08:00:00,120.78999999999998
2026-01-12 09:00:00,160.53
2026-01-12 10:00:00,125.36300000000001
2026-01-12 11:00:00,99.02300000000001
2026-01-12 12:00:00,42.77199999999999
2026-01-12 13:00:00,29.162000000000003
2026-01-12 14:00:00,18.529
2026-01-12 15:00:00,11.092
2026-01-12 16:00:00,8.03
2026-01-12 17:00:00,0.627
2026-01-12 18:00:00,0.040999999999999995
2026-01-12 19:00:00,0.0
2026-01-12 20:00:00,0.0
2026-01-12 21:00:00,0.0
2026-01-12 22:00:00,0.0
2026-01-12 23:00:00,0.0
2026-01-13 00:00:00,0.0
2026-01-13 01:00:00,0.0
2026-01-13 02:00:00,0.001
2026-01-13 03:00:00,0.0
2026-01-13 04:00:00,0.0
2026-01-13 05:00:00,0.0
2026-01-13 06:00:00,0.0
2026-01-13 07:00:00,7.894000000000001
2026-01-13 08:00:00,74.096
2026-01-13 09:00:00,126.434
2026-01-13 10:00:00,107.95399999999998
2026-01-13 11:00:00,88.518
2026-01-13 12:00:00,107.97999999999999
2026-01-13 13:00:00,88.52499999999999
2026-01-13 14:00:00,42.998
2026-01-13 15:00:00,32.384
2026-01-13 16:00:00,20.669000000000004
2026-01-13 17:00:00,11.391
2026-01-13 18:00:00,5.974
2026-01-13 19:00:00,0.267
2026-01-13 20:00:00,0.0
2026-01-13 21:00:00,0.0
2026-01-13 22:00:00,0.0
2026-01-13 23:00:00,0.0
2026-01-14 00:00:00,0.0
2026-01-14 01:00:00,0.0
2026-01-14 02:00:00,0.0
2026-01-14 03:00:00,0.001
2026-01-14 04:00:00,0.0
2026-01-14 05:00:00,0.0
2026-01-14 06:00:00,0.29200000000000004
2026-01-14 07:00:00,22.285999999999998
2026-01-14 08:00:00,67.59
2026-01-14 09:00:00,63.653999999999996
2026-01-14 10:00:00,40.159
2026-01-14 11:00:00,17.39
2026-01-14 12:00:00,4.793
2026-01-14 13:00:00,0.0
2026-01-14 14:00:00,0.0
2026-01-14 15:00:00,0.0
2026-01-14 16:00:00,0.0
2026-01-14 17:00:00,0.753
2026-01-14 18:00:00,0.001
2026-01-14 19:00:00,0.0
2026-01-14 20:00:00,0.02
2026-01-14 21:00:00,0.0
2026-01-14 22:00:00,0.0
2026-01-14 23:00:00,0.0
2026-01-15 00:00:00,0.0
2026-01-15 01:00:00,0.0
2026-01-15 02:00:00,0.0
2026-01-15 03:00:00,0.0
2026-01-15 04:00:00,0.0
2026-01-15 05:00:00,0.0
2026-01-15 06:00:00,0.0
2026-01-15 07:00:00,3.572
2026-01-15 08:00:00,23.651
2026-01-15 09:00:00,25.811
2026-01-15 10:00:00,25.813
2026-01-15 11:00:00,24.665
2026-01-15 12:00:00,8.86
2026-01-15 13:00:00,4.205
2026-01-15 14:00:00,4.2589999999999995
2026-01-15 15:00:00,2.536
2026-01-15 16:00:00,0.001
2026-01-15 17:00:00,0.0
2026-01-15 18:00:00,0.0
2026-01-15 19:00:00,0.0
2026-01-15 20:00:00,0.0
2026-01-15 21:00:00,0.0
2026-01-15 22:00:00,0.0
2026-01-15 23:00:00,0.0
2026-01-16 00:00:00,0.0
2026-01-16 01:00:00,0.0
2026-01-16 02:00:00,0.0
2026-01-16 03:00:00,0.0
2026-01-16 04:00:00,0.0
2026-01-16 05:00:00,0.0
2026-01-16 06:00:00,0.845
2026-01-16 07:00:00,9.155
2026-01-16 08:00:00,40.891
2026-01-16 09:00:00,74.055
2026-01-16 10:00:00,65.50999999999999
2026-01-16 11:00:00,43.208999999999996
2026-01-16 12:00:00,15.656
2026-01-16 13:00:00,11.52
2026-01-16 14:00:00,8.239
2026-01-16 15:00:00,2.887
2026-01-16 16:00:00,0.001
2026-01-16 17:00:00,0.001
2026-01-16 18:00:00,0.30300000000000005
2026-01-16 19:00:00,0.0
2026-01-16 20:00:00,0.0
2026-01-16 21:00:00,0.0
2026-01-16 22:00:00,0.0
2026-01-16 23:00:00,0.0
2026-01-17 00:00:00,0.0
2026-01-17 01:00:00,0.0
2026-01-17 02:00:00,0.0
2026-01-17 03:00:00,0.0
2026-01-17 04:00:00,0.0
2026-01-17 05:00:00,0.0
2026-01-17 06:00:00,0.0
2026-01-17 07:00:00,0.0
2026-01-17 08:00:00,0.0
2026-01-17 09:00:00,0.0
2026-01-17 10:00:00,0.0
2026-01-17 11:00:00,0.0
2026-01-17 12:00:00,0.0
2026-01-17 13:00:00,0.0
2026-01-17 14:00:00,0.001
2026-01-17 15:00:00,0.0
2026-01-17 16:00:00,0.0
2026-01-17 17:00:00,0.0
2026-01-17 18:00:00,0.0
2026-01-17 19:00:00,0.0
2026-01-17 20:00:00,0.0
2026-01-17 21:00:00,0.0
2026-01-17 22:00:00,0.0
2026-01-17 23:00:00,0.0
2026-01-18 00:00:00,0.0
2026-01-18 01:00:00,0.001
2026-01-18 02:00:00,0.0
2026-01-18 03:00:00,0.0
2026-01-18 04:00:00,0.0
2026-01-18 05:00:00,0.0
2026-01-18 06:00:00,0.0
2026-01-18 07:00:00,0.0
2026-01-18 08:00:00,0.0
2026-01-18 09:00:00,0.0
2026-01-18 10:00:00,0.0
2026-01-18 11:00:00,0.0
2026-01-18 12:00:00,0.0
2026-01-18 13:00:00,0.0
2026-01-18 14:00:00,0.0
2026-01-18 15:00:00,0.0
2026-01-18 16:00:00,0.0
2026-01-18 17:00:00,0.0
2026-01-18 18:00:00,0.0
2026-01-18 19:00:00,0.0
2026-01-18 20:00:00,0.0
2026-01-18 21:00:00,0.0
2026-01-18 22:00:00,0.0
2026-01-18 23:00:00,0.0
2026-01-19 00:00:00,0.001
2026-01-19 01:00:00,0.0
2026-01-19 02:00:00,0.0
2026-01-19 03:00:00,0.0
2026-01-19 04:00:00,0.0
2026-01-19 05:00:00,0.0
2026-01-19 06:00:00,0.8290000000000001
2026-01-19 07:00:00,38.33500000000001
2026-01-19 08:00:00,64.49700000000001
2026-01-19 09:00:00,122.86100000000002
2026-01-19 10:00:00,105.02799999999999
2026-01-19 11:00:00,125.98599999999999
2026-01-19 12:00:00,127.76700000000002
2026-01-19 13:00:00,109.41799999999998
2026-01-19 14:00:00,80.40599999999999
2026-01-19 15:00:00,43.976000000000006
2026-01-19 16:00:00,23.82
2026-01-19 17:00:00,12.466000000000001
2026-01-19 18:00:00,0.39
2026-01-19 19:00:00,0.001
2026-01-19 20:00:00,0.001
2026-01-19 21:00:00,0.0
2026-01-19 22:00:00,0.0
2026-01-19 23:00:00,0.0
2026-01-20 00:00:00,0.0
2026-01-20 01:00:00,0.0
2026-01-20 02:00:00,0.0
2026-01-20 03:00:00,0.0
2026-01-20 04:00:00,0.0
2026-01-20 05:00:00,0.0
2026-01-20 06:00:00,0.0
2026-01-20 07:00:00,7.464
2026-01-20 08:00:00,70.974
2026-01-20 09:00:00,111.85900000000002
2026-01-20 10:00:00,146.251
2026-01-20 11:00:00,121.53499999999998
2026-01-20 12:00:00,66.538
2026-01-20 13:00:00,35.413
2026-01-20 14:00:00,21.145
2026-01-20 15:00:00,20.741
2026-01-20 16:00:00,3.1310000000000002
2026-01-20 17:00:00,0.476
2026-01-20 18:00:00,0.0
2026-01-20 19:00:00,0.0
2026-01-20 20:00:00,0.0
2026-01-20 21:00:00,0.0
2026-01-20 22:00:00,0.0
2026-01-20 23:00:00,0.0
2026-01-21 00:00:00,0.0
2026-01-21 01:00:00,0.0
2026-01-21 02:00:00,0.0
2026-01-21 03:00:00,0.0
2026-01-21 04:00:00,0.0
2026-01-21 05:00:00,0.0
2026-01-21 06:00:00,0.0
2026-01-21 07:00:00,5.776
2026-01-21 08:00:00,29.272000000000002
2026-01-21 09:00:00,14.283
2026-01-21 10:00:00,65.99000000000001
2026-01-21 11:00:00,50.835
2026-01-21 12:00:00,39.261
2026-01-21 13:00:00,14.299
2026-01-21 14:00:00,11.209
2026-01-21 15:00:00,11.198
2026-01-21 16:00:00,0.551
2026-01-21 17:00:00,0.659
2026-01-21 18:00:00,0.0
2026-01-21 19:00:00,0.0
2026-01-21 20:00:00,0.0
2026-01-21 21:00:00,0.0
2026-01-21 22:00:00,0.0
2026-01-21 23:00:00,0.0
2026-01-22 00:00:00,0.0
2026-01-22 01:00:00,0.0
2026-01-22 02:00:00,0.0
2026-01-22 03:00:00,0.0
2026-01-22 04:00:00,0.0
2026-01-22 05:00:00,0.0
2026-01-22 06:00:00,0.35700000000000004
2026-01-22 07:00:00,21.822000000000003
2026-01-22 08:00:00,70.414
2026-01-22 09:00:00,136.467
2026-01-22 10:00:00,118.61200000000001
2026-01-22 11:00:00,93.571
2026-01-22 12:00:00,76.416
2026-01-22 13:00:00,61.048
2026-01-22 14:00:00,41.217
2026-01-22 15:00:00,31.310000000000002
2026-01-22 16:00:00,10.444
2026-01-22 17:00:00,0.0
2026-01-22 18:00:00,0.0
2026-01-22 19:00:00,0.0
2026-01-22 20:00:00,0.0
2026-01-22 21:00:00,0.0
2026-01-22 22:00:00,0.0
2026-01-22 23:00:00,0.0
2026-01-23 00:00:00,0.0
2026-01-23 01:00:00,0.0
2026-01-23 02:00:00,0.0
2026-01-23 03:00:00,0.0
2026-01-23 04:00:00,0.0
2026-01-23 05:00:00,0.0
2026-01-23 06:00:00,1.215
2026-01-23 07:00:00,14.629999999999999
2026-01-23 08:00:00,45.234
2026-01-23 09:00:00,59.53500000000001
2026-01-23 10:00:00,58.63699999999999
2026-01-23 11:00:00,33.341
2026-01-23 12:00:00,18.52
2026-01-23 13:00:00,22.259
2026-01-23 14:00:00,14.593
2026-01-23 15:00:00,9.677
2026-01-23 16:00:00,4.170000000000001
2026-01-23 17:00:00,0.001
2026-01-23 18:00:00,0.0
2026-01-23 19:00:00,0.0
2026-01-23 20:00:00,0.0
2026-01-23 21:00:00,0.0
2026-01-23 22:00:00,0.0
2026-01-23 23:00:00,0.0
2026-01-24 00:00:00,0.0
2026-01-24 01:00:00,0.0
2026-01-24 02:00:00,0.0
2026-01-24 03:00:00,0.0
2026-01-24 04:00:00,0.0
2026-01-24 05:00:00,0.001
2026-01-24 06:00:00,0.0
2026-01-24 07:00:00,0.0
2026-01-24 08:00:00,0.0
2026-01-24 09:00:00,0.0
2026-01-24 10:00:00,0.0
2026-01-24 11:00:00,0.0
2026-01-24 12:00:00,0.0
2026-01-24 13:00:00,0.0
2026-01-24 14:00:00,0.0
2026-01-24 15:00:00,0.0
2026-01-24 16:00:00,0.0
2026-01-24 17:00:00,0.0
2026-01-24 18:00:00,0.0
2026-01-24 19:00:00,0.0
2026-01-24 20:00:00,0.0
2026-01-24 21:00:00,0.0
2026-01-24 22:00:00,0.0
2026-01-24 23:00:00,0.0
2026-01-25 00:00:00,0.0
2026-01-25 01:00:00,0.0
2026-01-25 02:00:00,0.0
2026-01-25 03:00:00,0.0
2026-01-25 04:00:00,0.0
2026-01-25 05:00:00,0.0
2026-01-25 06:00:00,0.0
2026-01-25 07:00:00,0.0
2026-01-25 08:00:00,0.0
2026-01-25 09:00:00,0.0
2026-01-25 10:00:00,0.0
2026-01-25 11:00:00,1.5890000000000002
2026-01-25 12:00:00,4.645
2026-01-25 13:00:00,0.0
2026-01-25 14:00:00,0.0
2026-01-25 15:00:00,0.0
2026-01-25 16:00:00,0.0
2026-01-25 17:00:00,0.001
2026-01-25 18:00:00,0.0
2026-01-25 19:00:00,0.0
2026-01-25 20:00:00,0.0
2026-01-25 21:00:00,0.0
2026-01-25 22:00:00,0.0
2026-01-25 23:00:00,0.0
2026-01-26 00:00:00,0.0
2026-01-26 01:00:00,0.0
2026-01-26 02:00:00,0.0
2026-01-26 03:00:00,0.0
2026-01-26 04:00:00,0.001
2026-01-26 05:00:00,0.0
2026-01-26 06:00:00,0.0
2026-01-26 07:00:00,25.733
2026-01-26 08:00:00,103.53399999999999
2026-01-26 09:00:00,146.54
2026-01-26 10:00:00,125.43999999999998
2026-01-26 11:00:00,122.55300000000001
2026-01-26 12:00:00,94.07
2026-01-26 13:00:00,56.839
2026-01-26 14:00:00,33.882
2026-01-26 15:00:00,25.965000000000003
2026-01-26 16:00:00,18.863000000000003
2026-01-26 17:00:00,4.985
2026-01-26 18:00:00,3.6020000000000003
2026-01-26 19:00:00,1.426
2026-01-26 20:00:00,0.0
2026-01-26 21:00:00,0.0
2026-01-26 22:00:00,0.0
2026-01-26 23:00:00,0.0
2026-01-27 00:00:00,0.0
2026-01-27 01:00:00,0.0
2026-01-27 02:00:00,0.0
2026-01-27 03:00:00,0.0
2026-01-27 04:00:00,0.0
2026-01-27 05:00:00,0.0
2026-01-27 06:00:00,0.0
2026-01-27 07:00:00,10.597
2026-01-27 08:00:00,45.607
2026-01-27 09:00:00,97.78299999999999
2026-01-27 10:00:00,129.535
2026-01-27 11:00:00,122.645
2026-01-27 12:00:00,106.06700000000001
2026-01-27 13:00:00,64.074
2026-01-27 14:00:00,35.247
2026-01-27 15:00:00,7.335000000000001
2026-01-27 16:00:00,4.832
2026-01-27 17:00:00,1.072
2026-01-27 18:00:00,0.5840000000000001
2026-01-27 19:00:00,0.0
2026-01-27 20:00:00,0.0
2026-01-27 21:00:00,0.0
2026-01-27 22:00:00,0.0
2026-01-27 23:00:00,0.0
2026-01-28 00:00:00,0.001
2026-01-28 01:00:00,0.0
2026-01-28 02:00:00,0.0
2026-01-28 03:00:00,0.0
2026-01-28 04:00:00,0.0
2026-01-28 05:00:00,0.0
2026-01-28 06:00:00,0.0
2026-01-28 07:00:00,16.778
2026-01-28 08:00:00,26.389000000000003
2026-01-28 09:00:00,58.160000000000004
2026-01-28 10:00:00,89.40299999999999
2026-01-28 11:00:00,69.777
2026-01-28 12:00:00,56.71600000000001
2026-01-28 13:00:00,43.73000000000001
2026-01-28 14:00:00,19.606
2026-01-28 15:00:00,11.056000000000001
2026-01-28 16:00:00,11.054000000000002
2026-01-28 17:00:00,2.264
2026-01-28 18:00:00,0.0
2026-01-28 19:00:00,0.001
2026-01-28 20:00:00,0.0
2026-01-28 21:00:00,0.0
2026-01-28 22:00:00,0.0
2026-01-28 23:00:00,0.0
2026-01-29 00:00:00,0.0
2026-01-29 01:00:00,0.0
2026-01-29 02:00:00,0.0
2026-01-29 03:00:00,0.0
2026-01-29 04:00:00,0.0
2026-01-29 05:00:00,1.447
2026-01-29 06:00:00,10.549
2026-01-29 07:00:00,10.595
2026-01-29 08:00:00,41.231
2026-01-29 09:00:00,61.278999999999996
2026-01-29 10:00:00,52.506
2026-01-29 11:00:00,38.091
2026-01-29 12:00:00,46.466
2026-01-29 13:00:00,31.944000000000003
2026-01-29 14:00:00,21.698
2026-01-29 15:00:00,11.001999999999999
2026-01-29 16:00:00,0.001
2026-01-29 17:00:00,0.06
2026-01-29 18:00:00,5.711000000000001
2026-01-29 19:00:00,0.0
2026-01-29 20:00:00,0.0
2026-01-29 21:00:00,0.0
2026-01-29 22:00:00,0.0
2026-01-29 23:00:00,0.0
2026-01-30 00:00:00,0.0
2026-01-30 01:00:00,0.0
2026-01-30 02:00:00,0.0
2026-01-30 03:00:00,0.0
2026-01-30 04:00:00,0.0
2026-01-30 05:00:00,0.92
2026-01-30 06:00:00,8.183
2026-01-30 07:00:00,31.526999999999997
2026-01-30 08:00:00,85.13199999999999
2026-01-30 09:00:00,109.597
2026-01-30 10:00:00,78.81099999999999
2026-01-30 11:00:00,31.854
2026-01-30 12:00:00,13.309000000000001
2026-01-30 13:00:00,8.354000000000001
2026-01-30 14:00:00,11.253
2026-01-30 15:00:00,0.9380000000000001
2026-01-30 16:00:00,3.88
2026-01-30 17:00:00,12.115
2026-01-30 18:00:00,11.204
2026-01-30 19:00:00,11.247
2026-01-30 20:00:00,11.274999999999999
2026-01-30 21:00:00,11.226
2026-01-30 22:00:00,2.694
2026-01-30 23:00:00,0.0
2026-01-31 00:00:00,0.0
2026-01-31 01:00:00,0.0
2026-01-31 02:00:00,0.0
2026-01-31 03:00:00,0.0
2026-01-31 04:00:00,0.0
2026-01-31 05:00:00,0.0
2026-01-31 06:00:00,0.0
2026-01-31 07:00:00,0.001
2026-01-31 08:00:00,0.0
2026-01-31 09:00:00,0.0
2026-01-31 10:00:00,0.0
2026-01-31 11:00:00,0.0
2026-01-31 12:00:00,0.0
2026-01-31 13:00:00,0.0
2026-01-31 14:00:00,0.0
2026-01-31 15:00:00,0.0
2026-01-31 16:00:00,0.0
2026-01-31 17:00:00,0.0
2026-01-31 18:00:00,0.0
2026-01-31 19:00:00,0.0
2026-01-31 20:00:00,0.0
2026-01-31 21:00:00,0.0
2026-01-31 22:00:00,0.0
2026-01-31 23:00:00,0.0
2026-02-01 00:00:00,0.0
2026-02-01 01:00:00,0.0
2026-02-01 02:00:00,0.0
2026-02-01 03:00:00,0.001
2026-02-01 04:00:00,0.0
2026-02-01 05:00:00,0.0
2026-02-01 06:00:00,0.0
2026-02-01 07:00:00,0.0
2026-02-01 08:00:00,0.0
2026-02-01 09:00:00,0.0
2026-02-01 10:00:00,0.0
2026-02-01 11:00:00,0.0
2026-02-01 12:00:00,0.0
2026-02-01 13:00:00,0.0
2026-02-01 14:00:00,0.0
2026-02-01 15:00:00,0.0
2026-02-01 16:00:00,0.0
2026-02-01 17:00:00,0.0
2026-02-01 18:00:00,0.0
2026-02-01 19:00:00,0.0
2026-02-01 20:00:00,0.0
2026-02-01 21:00:00,0.0
2026-02-01 22:00:00,0.0
2026-02-01 23:00:00,0.0
2026-02-02 00:00:00,0.0
2026-02-02 01:00:00,0.001
2026-02-02 02:00:00,0.0
2026-02-02 03:00:00,0.0
2026-02-02 04:00:00,0.0
2026-02-02 05:00:00,0.0
2026-02-02 06:00:00,0.0
2026-02-02 07:00:00,15.764999999999999
2026-02-02 08:00:00,71.973
2026-02-02 09:00:00,61.467000000000006
2026-02-02 10:00:00,75.91899999999998
2026-02-02 11:00:00,101.63000000000001
2026-02-02 12:00:00,80.81599999999999
2026-02-02 13:00:00,49.58300000000001
2026-02-02 14:00:00,32.147999999999996
2026-02-02 15:00:00,24.885000000000005
2026-02-02 16:00:00,16.941000000000003
2026-02-02 17:00:00,4.005
2026-02-02 18:00:00,2.0
2026-02-02 19:00:00,0.026000000000000002
2026-02-02 20:00:00,0.0
2026-02-02 21:00:00,0.0
2026-02-02 22:00:00,0.0
2026-02-02 23:00:00,0.0
2026-02-03 00:00:00,0.0
2026-02-03 01:00:00,0.0
2026-02-03 02:00:00,0.0
2026-02-03 03:00:00,0.001
2026-02-03 04:00:00,0.0
2026-02-03 05:00:00,0.0
2026-02-03 06:00:00,2.372
2026-02-03 07:00:00,20.67
2026-02-03 08:00:00,27.223000000000003
2026-02-03 09:00:00,81.61999999999999
2026-02-03 10:00:00,68.537
2026-02-03 11:00:00,91.07900000000001
2026-02-03 12:00:00,92.90600000000002
2026-02-03 13:00:00,49.614
2026-02-03 14:00:00,21.302
2026-02-03 15:00:00,7.4239999999999995
2026-02-03 16:00:00,5.294
2026-02-03 17:00:00,0.9180000000000001
2026-02-03 18:00:00,1.334
2026-02-03 19:00:00,0.0
2026-02-03 20:00:00,0.0
2026-02-03 21:00:00,0.0
2026-02-03 22:00:00,0.0
2026-02-03 23:00:00,0.0
2026-02-04 00:00:00,0.0
2026-02-04 01:00:00,0.0
2026-02-04 02:00:00,0.0
2026-02-04 03:00:00,0.0
2026-02-04 04:00:00,0.0
2026-02-04 05:00:00,0.0
2026-02-04 06:00:00,0.0
2026-02-04 07:00:00,11.100999999999999
2026-02-04 08:00:00,38.34199999999999
2026-02-04 09:00:00,113.31900000000002
2026-02-04 10:00:00,110.69600000000001
2026-02-04 11:00:00,73.89399999999999
2026-02-04 12:00:00,45.992999999999995
2026-02-04 13:00:00,24.411
2026-02-04 14:00:00,7.787
2026-02-04 15:00:00,3.665
2026-02-04 16:00:00,3.678
2026-02-04 17:00:00,6.172
2026-02-04 18:00:00,3.625
2026-02-04 19:00:00,1.6360000000000001
2026-02-04 20:00:00,0.0
2026-02-04 21:00:00,0.0
2026-02-04 22:00:00,0.0
2026-02-04 23:00:00,0.0
2026-02-05 00:00:00,0.0
2026-02-05 01:00:00,0.0
2026-02-05 02:00:00,0.0
2026-02-05 03:00:00,0.0
2026-02-05 04:00:00,0.0
2026-02-05 05:00:00,0.0
2026-02-05 06:00:00,0.362
2026-02-05 07:00:00,9.362
2026-02-05 08:00:00,22.417
2026-02-05 09:00:00,111.03599999999999
2026-02-05 10:00:00,116.679
2026-02-05 11:00:00,138.39999999999998
2026-02-05 12:00:00,116.79999999999998
2026-02-05 13:00:00,70.144
2026-02-05 14:00:00,54.168000000000006
2026-02-05 15:00:00,29.979
2026-02-05 16:00:00,13.193000000000001
2026-02-05 17:00:00,1.817
2026-02-05 18:00:00,0.0
2026-02-05 19:00:00,0.096
2026-02-05 20:00:00,0.0
2026-02-05 21:00:00,0.0
2026-02-05 22:00:00,0.001
2026-02-05 23:00:00,0.0
2026-02-06 00:00:00,0.0
2026-02-06 01:00:00,0.0
2026-02-06 02:00:00,0.0
2026-02-06 03:00:00,0.0
2026-02-06 04:00:00,0.0
2026-02-06 05:00:00,0.0
2026-02-06 06:00:00,1.024
2026-02-06 07:00:00,31.262999999999995
2026-02-06 08:00:00,76.00300000000001
2026-02-06 09:00:00,111.62099999999998
2026-02-06 10:00:00,106.51299999999999
2026-02-06 11:00:00,77.866
2026-02-06 12:00:00,53.774
2026-02-06 13:00:00,28.416
2026-02-06 14:00:00,10.674999999999999
2026-02-06 15:00:00,5.525
2026-02-06 16:00:00,0.233
2026-02-06 17:00:00,0.521
2026-02-06 18:00:00,0.0
2026-02-06 19:00:00,0.0
2026-02-06 20:00:00,0.0
2026-02-06 21:00:00,0.0
2026-02-06 22:00:00,0.0
2026-02-06 23:00:00,0.0
2026-02-07 00:00:00,0.0
2026-02-07 01:00:00,0.0
2026-02-07 02:00:00,0.0
2026-02-07 03:00:00,0.0
2026-02-07 04:00:00,0.0
2026-02-07 05:00:00,0.0
2026-02-07 06:00:00,0.0
2026-02-07 07:00:00,0.001
2026-02-07 08:00:00,0.0
2026-02-07 09:00:00,0.0
2026-02-07 10:00:00,0.0
2026-02-07 11:00:00,0.0
2026-02-07 12:00:00,0.0
2026-02-07 13:00:00,0.0
2026-02-07 14:00:00,0.0
2026-02-07 15:00:00,0.0
2026-02-07 16:00:00,0.0
2026-02-07 17:00:00,0.0
2026-02-07 18:00:00,0.0
2026-02-07 19:00:00,0.0
2026-02-07 20:00:00,0.0
2026-02-07 21:00:00,0.0
2026-02-07 22:00:00,0.0
2026-02-07 23:00:00,0.0
2026-02-08 00:00:00,0.0
2026-02-08 01:00:00,0.0
2026-02-08 02:00:00,0.0
2026-02-08 03:00:00,0.0
2026-02-08 04:00:00,0.0
2026-02-08 05:00:00,0.0
2026-02-08 06:00:00,0.0
2026-02-08 07:00:00,0.0
2026-02-08 08:00:00,0.0
2026-02-08 09:00:00,0.0
2026-02-08 10:00:00,0.001
2026-02-08 11:00:00,0.0
2026-02-08 12:00:00,0.0
2026-02-08 13:00:00,0.0
2026-02-08 14:00:00,0.0
2026-02-08 15:00:00,0.0
2026-02-08 16:00:00,0.0
2026-02-08 17:00:00,0.0
2026-02-08 18:00:00,0.0
2026-02-08 19:00:00,0.0
2026-02-08 20:00:00,0.0
2026-02-08 21:00:00,0.0
2026-02-08 22:00:00,0.0
2026-02-08 23:00:00,0.0
2026-02-09 00:00:00,0.0
2026-02-09 01:00:00,0.0
2026-02-09 02:00:00,0.0
2026-02-09 03:00:00,0.0
2026-02-09 04:00:00,0.0
2026-02-09 05:00:00,0.0
2026-02-09 06:00:00,5.304
2026-02-09 07:00:00,46.071000000000005
2026-02-09 08:00:00,87.343
2026-02-09 09:00:00,146.51399999999998
2026-02-09 10:00:00,158.505
2026-02-09 11:00:00,143.23299999999998
2026-02-09 12:00:00,86.501
2026-02-09 13:00:00,36.759
2026-02-09 14:00:00,24.241
2026-02-09 15:00:00,13.687000000000001
2026-02-09 16:00:00,3.673
2026-02-09 17:00:00,4.464
2026-02-09 18:00:00,3.672
2026-02-09 19:00:00,3.669
2026-02-09 20:00:00,0.544
2026-02-09 21:00:00,0.0
2026-02-09 22:00:00,0.0
2026-02-09 23:00:00,0.0
2026-02-10 00:00:00,0.0
2026-02-10 01:00:00,0.0
2026-02-10 02:00:00,0.0
2026-02-10 03:00:00,0.0
2026-02-10 04:00:00,0.0
2026-02-10 05:00:00,0.0
2026-02-10 06:00:00,0.0
2026-02-10 07:00:00,4.373000000000001
2026-02-10 08:00:00,36.46500000000001
2026-02-10 09:00:00,100.62299999999999
2026-02-10 10:00:00,130.52
2026-02-10 11:00:00,108.212
2026-02-10 12:00:00,70.454
2026-02-10 13:00:00,48.61500000000001
2026-02-10 14:00:00,35.913
2026-02-10 15:00:00,19.561
2026-02-10 16:00:00,15.201
2026-02-10 17:00:00,4.984
2026-02-10 18:00:00,0.0
2026-02-10 19:00:00,0.609
2026-02-10 20:00:00,0.0
2026-02-10 21:00:00,0.0
2026-02-10 22:00:00,0.0
2026-02-10 23:00:00,0.0
2026-02-11 00:00:00,0.0
2026-02-11 01:00:00,0.0
2026-02-11 02:00:00,0.0
2026-02-11 03:00:00,0.0
2026-02-11 04:00:00,0.0
2026-02-11 05:00:00,0.0
2026-02-11 06:00:00,0.0
2026-02-11 07:00:00,5.621
2026-02-11 08:00:00,31.137999999999998
2026-02-11 09:00:00,88.31700000000002
2026-02-11 10:00:00,93.441
2026-02-11 11:00:00,96.233
2026-02-11 12:00:00,95.10900000000002
2026-02-11 13:00:00,61.562000000000005
2026-02-11 14:00:00,35.458000000000006
2026-02-11 15:00:00,32.511
2026-02-11 16:00:00,16.458
2026-02-11 17:00:00,2.532
2026-02-11 18:00:00,0.06
2026-02-11 19:00:00,0.0
2026-02-11 20:00:00,0.0
2026-02-11 21:00:00,0.0
2026-02-11 22:00:00,0.0
2026-02-11 23:00:00,0.0
2026-02-12 00:00:00,0.0
2026-02-12 01:00:00,0.001
2026-02-12 02:00:00,0.0
2026-02-12 03:00:00,0.0
2026-02-12 04:00:00,0.0
2026-02-12 05:00:00,0.0
2026-02-12 06:00:00,1.52
2026-02-12 07:00:00,20.999999999999996
2026-02-12 08:00:00,42.197
2026-02-12 09:00:00,74.46
2026-02-12 10:00:00,74.81300000000002
2026-02-12 11:00:00,63.18000000000001
2026-02-12 12:00:00,47.69
2026-02-12 13:00:00,21.971
2026-02-12 14:00:00,17.25
2026-02-12 15:00:00,6.36
2026-02-12 16:00:00,0.9480000000000001
2026-02-12 17:00:00,0.10400000000000001
2026-02-12 18:00:00,0.0
2026-02-12 19:00:00,0.0
2026-02-12 20:00:00,0.0
2026-02-12 21:00:00,0.0
2026-02-12 22:00:00,0.0
2026-02-12 23:00:00,0.0
2026-02-13 00:00:00,0.0
2026-02-13 01:00:00,0.0
2026-02-13 02:00:00,0.0
2026-02-13 03:00:00,0.0
2026-02-13 04:00:00,0.0
2026-02-13 05:00:00,0.0
2026-02-13 06:00:00,3.104
2026-02-13 07:00:00,21.322
2026-02-13 08:00:00,98.57699999999998
2026-02-13 09:00:00,132.062
2026-02-13 10:00:00,125.955
2026-02-13 11:00:00,88.453
2026-02-13 12:00:00,58.66199999999999
2026-02-13 13:00:00,23.858
2026-02-13 14:00:00,13.717
2026-02-13 15:00:00,8.544
2026-02-13 16:00:00,1.329
2026-02-13 17:00:00,0.0
2026-02-13 18:00:00,0.0
2026-02-13 19:00:00,0.0
2026-02-13 20:00:00,0.0
2026-02-13 21:00:00,0.0
2026-02-13 22:00:00,0.0
2026-02-13 23:00:00,0.0
2026-02-14 00:00:00,0.0
2026-02-14 01:00:00,0.0
2026-02-14 02:00:00,0.0
2026-02-14 03:00:00,0.0
2026-02-14 04:00:00,0.0
2026-02-14 05:00:00,0.0
2026-02-14 06:00:00,0.0
2026-02-14 07:00:00,0.0
2026-02-14 08:00:00,0.0
2026-02-14 09:00:00,0.0
2026-02-14 10:00:00,0.0
2026-02-14 11:00:00,0.0
2026-02-14 12:00:00,0.0
2026-02-14 13:00:00,0.001
2026-02-14 14:00:00,0.0
2026-02-14 15:00:00,0.0
2026-02-14 16:00:00,0.0
2026-02-14 17:00:00,0.0
2026-02-14 18:00:00,0.0
2026-02-14 19:00:00,0.0
2026-02-14 20:00:00,0.0
2026-02-14 21:00:00,0.0
2026-02-14 22:00:00,0.0
2026-02-14 23:00:00,0.0
2026-02-15 00:00:00,0.0
2026-02-15 01:00:00,0.0
2026-02-15 02:00:00,0.0
2026-02-15 03:00:00,0.0
2026-02-15 04:00:00,0.0
2026-02-15 05:00:00,0.0
2026-02-15 06:00:00,0.0
2026-02-15 07:00:00,0.0
2026-02-15 08:00:00,0.0
2026-02-15 09:00:00,0.0
2026-02-15 10:00:00,0.0
2026-02-15 11:00:00,0.0
2026-02-15 12:00:00,0.0
2026-02-15 13:00:00,0.0
2026-02-15 14:00:00,0.0
2026-02-15 15:00:00,0.0
2026-02-15 16:00:00,0.0
2026-02-15 17:00:00,0.0
2026-02-15 18:00:00,0.0
2026-02-15 19:00:00,0.0
2026-02-15 20:00:00,0.0
2026-02-15 21:00:00,0.0
2026-02-15 22:00:00,0.0
2026-02-15 23:00:00,0.0
2026-02-16 00:00:00,0.0
2026-02-16 01:00:00,0.0
2026-02-16 02:00:00,0.0
2026-02-16 03:00:00,0.0
2026-02-16 04:00:00,0.001
2026-02-16 05:00:00,0.0
2026-02-16 06:00:00,0.0
2026-02-16 07:00:00,14.162
2026-02-16 08:00:00,69.25700000000002
2026-02-16 09:00:00,93.86599999999999
2026-02-16 10:00:00,75.12499999999999
2026-02-16 11:00:00,65.43900000000001
2026-02-16 12:00:00,51.507000000000005
2026-02-16 13:00:00,34.062
2026-02-16 14:00:00,4.666
2026-02-16 15:00:00,3.0069999999999997
2026-02-16 16:00:00,1.6720000000000002
2026-02-16 17:00:00,0.10900000000000001
2026-02-16 18:00:00,0.0
2026-02-16 19:00:00,0.0
2026-02-16 20:00:00,0.0
2026-02-16 21:00:00,0.0
2026-02-16 22:00:00,0.0
2026-02-16 23:00:00,0.0
2026-02-17 00:00:00,0.0
2026-02-17 01:00:00,0.0
2026-02-17 02:00:00,0.0
2026-02-17 03:00:00,0.0
2026-02-17 04:00:00,0.0
2026-02-17 05:00:00,0.0
2026-02-17 06:00:00,1.83
2026-02-17 07:00:00,26.944999999999997
2026-02-17 08:00:00,99.773
2026-02-17 09:00:00,150.333
2026-02-17 10:00:00,151.006
2026-02-17 11:00:00,113.97500000000001
2026-02-17 12:00:00,66.125
2026-02-17 13:00:00,37.07299999999999
2026-02-17 14:00:00,2.024
2026-02-17 15:00:00,1.738
2026-02-17 16:00:00,5.906000000000001
2026-02-17 17:00:00,4.315
2026-02-17 18:00:00,0.996
2026-02-17 19:00:00,0.0
2026-02-17 20:00:00,0.0
2026-02-17 21:00:00,0.0
2026-02-17 22:00:00,0.0
2026-02-17 23:00:00,0.0
2026-02-18 00:00:00,0.0
2026-02-18 01:00:00,0.0
2026-02-18 02:00:00,0.0
2026-02-18 03:00:00,0.0
2026-02-18 04:00:00,0.0
2026-02-18 05:00:00,0.0
2026-02-18 06:00:00,0.0
2026-02-18 07:00:00,3.348
2026-02-18 08:00:00,34.853
2026-02-18 09:00:00,39.894
2026-02-18 10:00:00,33.528999999999996
2026-02-18 11:00:00,37.446
2026-02-18 12:00:00,33.346
2026-02-18 13:00:00,33.202
2026-02-18 14:00:00,10.8
2026-02-18 15:00:00,0.0
2026-02-18 16:00:00,0.0
2026-02-18 17:00:00,0.0
2026-02-18 18:00:00,0.0
2026-02-18 19:00:00,0.0
2026-02-18 20:00:00,0.0
2026-02-18 21:00:00,0.0
2026-02-18 22:00:00,0.0
2026-02-18 23:00:00,0.0
2026-02-19 00:00:00,0.0
2026-02-19 01:00:00,0.0
2026-02-19 02:00:00,0.0
2026-02-19 03:00:00,0.0
2026-02-19 04:00:00,0.0
2026-02-19 05:00:00,0.0
2026-02-19 06:00:00,0.989
2026-02-19 07:00:00,17.495
2026-02-19 08:00:00,69.61500000000001
2026-02-19 09:00:00,96.268
2026-02-19 10:00:00,85.016
2026-02-19 11:00:00,69.905
2026-02-19 12:00:00,27.041000000000004
2026-02-19 13:00:00,23.704
2026-02-19 14:00:00,12.35
2026-02-19 15:00:00,1.6440000000000001
2026-02-19 16:00:00,0.079
2026-02-19 17:00:00,0.0
2026-02-19 18:00:00,0.0
2026-02-19 19:00:00,0.0
2026-02-19 20:00:00,0.0
2026-02-19 21:00:00,0.0
2026-02-19 22:00:00,0.0
2026-02-19 23:00:00,0.0
2026-02-20 00:00:00,0.0
2026-02-20 01:00:00,0.0
2026-02-20 02:00:00,0.001
2026-02-20 03:00:00,0.0
2026-02-20 04:00:00,0.0
2026-02-20 05:00:00,0.0
2026-02-20 06:00:00,3.827
2026-02-20 07:00:00,31.272000000000002
2026-02-20 08:00:00,77.287
2026-02-20 09:00:00,68.989
2026-02-20 10:00:00,58.345
2026-02-20 11:00:00,40.575
2026-02-20 12:00:00,19.552999999999997
2026-02-20 13:00:00,18.643
2026-02-20 14:00:00,18.185
2026-02-20 15:00:00,17.676000000000002
2026-02-20 16:00:00,3.313
2026-02-20 17:00:00,0.6120000000000001
2026-02-20 18:00:00,0.0
2026-02-20 19:00:00,0.0
2026-02-20 20:00:00,0.0
2026-02-20 21:00:00,0.0
2026-02-20 22:00:00,0.0
2026-02-20 23:00:00,0.0
2026-02-21 00:00:00,0.0
2026-02-21 01:00:00,0.0
2026-02-21 02:00:00,0.0
2026-02-21 03:00:00,0.0
2026-02-21 04:00:00,0.0
2026-02-21 05:00:00,0.0
2026-02-21 06:00:00,0.0
2026-02-21 07:00:00,0.0
2026-02-21 08:00:00,0.0
2026-02-21 09:00:00,0.0
2026-02-21 10:00:00,0.0
2026-02-21 11:00:00,0.0
2026-02-21 12:00:00,0.0
2026-02-21 13:00:00,0.0
2026-02-21 14:00:00,0.0
2026-02-21 15:00:00,0.0
2026-02-21 16:00:00,0.0
2026-02-21 17:00:00,0.0
2026-02-21 18:00:00,0.0
2026-02-21 19:00:00,0.0
2026-02-21 20:00:00,0.0
2026-02-21 21:00:00,0.0
2026-02-21 22:00:00,0.0
2026-02-21 23:00:00,0.0
2026-02-22 00:00:00,0.0
2026-02-22 01:00:00,0.0
2026-02-22 02:00:00,0.0
2026-02-22 03:00:00,0.0
2026-02-22 04:00:00,0.0
2026-02-22 05:00:00,0.0
2026-02-22 06:00:00,0.001
2026-02-22 07:00:00,0.0
2026-02-22 08:00:00,0.0
2026-02-22 09:00:00,0.0
2026-02-22 10:00:00,0.0
2026-02-22 11:00:00,0.0
2026-02-22 12:00:00,0.0
2026-02-22 13:00:00,0.0
2026-02-22 14:00:00,0.0
2026-02-22 15:00:00,0.0
2026-02-22 16:00:00,0.0
2026-02-22 17:00:00,0.0
2026-02-22 18:00:00,0.0
2026-02-22 19:00:00,0.0
2026-02-22 20:00:00,0.0
2026-02-22 21:00:00,0.0
2026-02-22 22:00:00,0.0
2026-02-22 23:00:00,0.0
2026-02-23 00:00:00,0.0
2026-02-23 01:00:00,0.001
2026-02-23 02:00:00,0.0
2026-02-23 03:00:00,0.0
2026-02-23 04:00:00,0.0
2026-02-23 05:00:00,0.0
2026-02-23 06:00:00,0.5409999999999999
2026-02-23 07:00:00,29.336000000000002
2026-02-23 08:00:00,134.906
2026-02-23 09:00:00,197.84300000000002
2026-02-23 10:00:00,160.88
2026-02-23 11:00:00,121.44
2026-02-23 12:00:00,81.60400000000001
2026-02-23 13:00:00,58.44199999999999
2026-02-23 14:00:00,31.86
2026-02-23 15:00:00,15.584999999999999
2026-02-23 16:00:00,0.5369999999999999
2026-02-23 17:00:00,3.49
2026-02-23 18:00:00,0.0
2026-02-23 19:00:00,0.0
2026-02-23 20:00:00,0.0
2026-02-23 21:00:00,0.0
2026-02-23 22:00:00,0.0
2026-02-23 23:00:00,0.0
2026-02-24 00:00:00,0.0
2026-02-24 01:00:00,0.0
2026-02-24 02:00:00,0.0
2026-02-24 03:00:00,0.0
2026-02-24 04:00:00,0.0
2026-02-24 05:00:00,0.0
2026-02-24 06:00:00,0.0
2026-02-24 07:00:00,20.380000000000003
2026-02-24 08:00:00,77.944
2026-02-24 09:00:00,133.82900000000004
2026-02-24 10:00:00,123.86600000000001
2026-02-24 11:00:00,101.159
2026-02-24 12:00:00,77.783
2026-02-24 13:00:00,54.415
2026-02-24 14:00:00,30.542
2026-02-24 15:00:00,14.853
2026-02-24 16:00:00,4.702
2026-02-24 17:00:00,0.385
2026-02-24 18:00:00,0.0
2026-02-24 19:00:00,0.0
2026-02-24 20:00:00,0.0
2026-02-24 21:00:00,0.0
2026-02-24 22:00:00,0.0
2026-02-24 23:00:00,0.0
2026-02-25 00:00:00,0.0
2026-02-25 01:00:00,0.0
2026-02-25 02:00:00,0.0
2026-02-25 03:00:00,0.001
2026-02-25 04:00:00,0.0
2026-02-25 05:00:00,0.0
2026-02-25 06:00:00,0.757
2026-02-25 07:00:00,18.245
2026-02-25 08:00:00,57.307
2026-02-25 09:00:00,77.331
2026-02-25 10:00:00,67.44399999999999
2026-02-25 11:00:00,48.23499999999999
2026-02-25 12:00:00,31.915000000000003
2026-02-25 13:00:00,11.757
2026-02-25 14:00:00,11.040000000000001
2026-02-25 15:00:00,4.6419999999999995
2026-02-25 16:00:00,0.0
2026-02-25 17:00:00,0.37
2026-02-25 18:00:00,0.001
2026-02-25 19:00:00,0.0
2026-02-25 20:00:00,0.0
2026-02-25 21:00:00,0.0
2026-02-25 22:00:00,0.0
2026-02-25 23:00:00,0.0
2026-02-26 00:00:00,0.0
2026-02-26 01:00:00,0.0
2026-02-26 02:00:00,0.0
2026-02-26 03:00:00,0.0
2026-02-26 04:00:00,0.0
2026-02-26 05:00:00,0.0
2026-02-26 06:00:00,3.745
2026-02-26 07:00:00,24.435
2026-02-26 08:00:00,109.91799999999999
2026-02-26 09:00:00,179.87299999999996
2026-02-26 10:00:00,161.51399999999998
2026-02-26 11:00:00,112.999
2026-02-26 12:00:00,71.002
2026-02-26 13:00:00,34.675
2026-02-26 14:00:00,27.886000000000003
2026-02-26 15:00:00,15.626000000000001
2026-02-26 16:00:00,10.733
2026-02-26 17:00:00,10.74
2026-02-26 18:00:00,2.633
2026-02-26 19:00:00,0.0
2026-02-26 20:00:00,0.0
2026-02-26 21:00:00,0.0
2026-02-26 22:00:00,0.0
2026-02-26 23:00:00,0.0
2026-02-27 00:00:00,0.0
2026-02-27 01:00:00,0.0
2026-02-27 02:00:00,0.0
2026-02-27 03:00:00,0.0
2026-02-27 04:00:00,0.0
2026-02-27 05:00:00,0.0
2026-02-27 06:00:00,3.063
2026-02-27 07:00:00,30.079
2026-02-27 08:00:00,63.247
2026-02-27 09:00:00,93.45299999999999
2026-02-27 10:00:00,79.866
2026-02-27 11:00:00,52.36200000000001
2026-02-27 12:00:00,44.781000000000006
2026-02-27 13:00:00,35.26
2026-02-27 14:00:00,25.004999999999995
2026-02-27 15:00:00,16.947000000000003
2026-02-27 16:00:00,3.656
2026-02-27 17:00:00,2.9800000000000004
2026-02-27 18:00:00,0.0
2026-02-27 19:00:00,0.0
2026-02-27 20:00:00,0.0
2026-02-27 21:00:00,0.0
2026-02-27 22:00:00,0.0
2026-02-27 23:00:00,0.0
2026-02-28 00:00:00,0.0
2026-02-28 01:00:00,0.0
2026-02-28 02:00:00,0.0
2026-02-28 03:00:00,0.0
2026-02-28 04:00:00,0.0
2026-02-28 05:00:00,0.0
2026-02-28 06:00:00,0.0
2026-02-28 07:00:00,0.0
2026-02-28 08:00:00,0.0
2026-02-28 09:00:00,0.0
2026-02-28 10:00:00,0.001
2026-02-28 11:00:00,0.0
2026-02-28 12:00:00,0.0
2026-02-28 13:00:00,0.0
2026-02-28 14:00:00,0.0
2026-02-28 15:00:00,0.0
2026-02-28 16:00:00,0.0
2026-02-28 17:00:00,0.0
2026-02-28 18:00:00,0.0
2026-02-28 19:00:00,0.0
2026-02-28 20:00:00,0.0
2026-02-28 21:00:00,0.0
2026-02-28 22:00:00,0.0
2026-02-28 23:00:00,0.0
2026-03-01 00:00:00,0.0
2026-03-01 01:00:00,0.0
2026-03-01 02:00:00,0.0
2026-03-01 03:00:00,0.0
2026-03-01 04:00:00,0.0
2026-03-01 05:00:00,0.001
2026-03-01 06:00:00,0.0
2026-03-01 07:00:00,0.0
2026-03-01 08:00:00,0.0
2026-03-01 09:00:00,0.0
2026-03-01 10:00:00,0.0
2026-03-01 11:00:00,0.0
2026-03-01 12:00:00,0.0
2026-03-01 13:00:00,0.0
2026-03-01 14:00:00,0.0
2026-03-01 15:00:00,0.0
2026-03-01 16:00:00,0.0
2026-03-01 17:00:00,0.0
2026-03-01 18:00:00,0.0
2026-03-01 19:00:00,0.0
2026-03-01 20:00:00,0.0
2026-03-01 21:00:00,0.0
2026-03-01 22:00:00,0.0
2026-03-01 23:00:00,0.0
2026-03-02 00:00:00,0.0
2026-03-02 01:00:00,0.0
2026-03-02 02:00:00,0.0
2026-03-02 03:00:00,0.0
2026-03-02 04:00:00,0.0
2026-03-02 05:00:00,0.0
2026-03-02 06:00:00,0.0
2026-03-02 07:00:00,22.973
2026-03-02 08:00:00,121.134
2026-03-02 09:00:00,213.082
2026-03-02 10:00:00,183.09699999999998
2026-03-02 11:00:00,127.024
2026-03-02 12:00:00,97.685
2026-03-02 13:00:00,62.132000000000005
2026-03-02 14:00:00,29.624000000000002
2026-03-02 15:00:00,24.222
2026-03-02 16:00:00,19.698
2026-03-02 17:00:00,3.742
2026-03-02 18:00:00,0.001
2026-03-02 19:00:00,0.016
2026-03-02 20:00:00,0.0
2026-03-02 21:00:00,0.0
2026-03-02 22:00:00,0.0
2026-03-02 23:00:00,0.0
2026-03-03 00:00:00,0.0
2026-03-03 01:00:00,0.0
2026-03-03 02:00:00,0.0
2026-03-03 03:00:00,0.0
2026-03-03 04:00:00,0.0
2026-03-03 05:00:00,0.0
2026-03-03 06:00:00,0.0
2026-03-03 07:00:00,10.366999999999997
2026-03-03 08:00:00,70.384
2026-03-03 09:00:00,129.08
2026-03-03 10:00:00,118.278
2026-03-03 11:00:00,108.22200000000001
2026-03-03 12:00:00,62.60399999999999
2026-03-03 13:00:00,48.953
2026-03-03 14:00:00,26.38
2026-03-03 15:00:00,7.8629999999999995
2026-03-03 16:00:00,0.0
2026-03-03 17:00:00,0.357
2026-03-03 18:00:00,0.033
2026-03-03 19:00:00,0.0
2026-03-03 20:00:00,0.0
2026-03-03 21:00:00,0.0
2026-03-03 22:00:00,0.0
2026-03-03 23:00:00,0.0
2026-03-04 00:00:00,0.0
2026-03-04 01:00:00,0.001
2026-03-04 02:00:00,0.0
2026-03-04 03:00:00,0.0
2026-03-04 04:00:00,0.0
2026-03-04 05:00:00,0.0
2026-03-04 06:00:00,0.0
2026-03-04 07:00:00,3.3770000000000002
2026-03-04 08:00:00,40.253
2026-03-04 09:00:00,58.787000000000006
2026-03-04 10:00:00,47.379000000000005
2026-03-04 11:00:00,28.962000000000003
2026-03-04 12:00:00,12.142000000000001
2026-03-04 13:00:00,13.642
2026-03-04 14:00:00,12.296
2026-03-04 15:00:00,10.746
2026-03-04 16:00:00,10.729000000000001
2026-03-04 17:00:00,4.236
2026-03-04 18:00:00,0.0
2026-03-04 19:00:00,0.0
2026-03-04 20:00:00,0.0
2026-03-04 21:00:00,0.0
2026-03-04 22:00:00,0.0
2026-03-04 23:00:00,0.001
2026-03-05 00:00:00,0.0
2026-03-05 01:00:00,0.0
2026-03-05 02:00:00,0.0
2026-03-05 03:00:00,0.0
2026-03-05 04:00:00,0.0
2026-03-05 05:00:00,0.0
2026-03-05 06:00:00,0.0
2026-03-05 07:00:00,10.347999999999999
2026-03-05 08:00:00,50.54899999999999
2026-03-05 09:00:00,94.075
2026-03-05 10:00:00,94.964
2026-03-05 11:00:00,68.952
2026-03-05 12:00:00,32.298
2026-03-05 13:00:00,22.378
2026-03-05 14:00:00,12.027000000000001
2026-03-05 15:00:00,0.0
2026-03-05 16:00:00,0.0
2026-03-05 17:00:00,0.0
2026-03-05 18:00:00,0.0
2026-03-05 19:00:00,0.0
2026-03-05 20:00:00,0.001
2026-03-05 21:00:00,0.0
2026-03-05 22:00:00,0.0
2026-03-05 23:00:00,0.0
2026-03-06 00:00:00,0.0
2026-03-06 01:00:00,0.0
2026-03-06 02:00:00,0.0
2026-03-06 03:00:00,0.0
2026-03-06 04:00:00,0.0
2026-03-06 05:00:00,0.0
2026-03-06 06:00:00,4.466000000000001
2026-03-06 07:00:00,35.234
2026-03-06 08:00:00,88.42800000000001
2026-03-06 09:00:00,104.00399999999999
2026-03-06 10:00:00,75.63799999999999
2026-03-06 11:00:00,36.135
2026-03-06 12:00:00,30.373
2026-03-06 13:00:00,32.867999999999995
2026-03-06 14:00:00,18.41
2026-03-06 15:00:00,10.879999999999999
2026-03-06 16:00:00,10.863999999999999
2026-03-06 17:00:00,5.791
2026-03-06 18:00:00,0.0
2026-03-06 19:00:00,0.0
2026-03-06 20:00:00,0.0
2026-03-06 21:00:00,0.0
2026-03-06 22:00:00,0.0
2026-03-06 23:00:00,0.0
2026-03-07 00:00:00,0.0
2026-03-07 01:00:00,0.0
2026-03-07 02:00:00,0.0
2026-03-07 03:00:00,0.0
2026-03-07 04:00:00,0.0
2026-03-07 05:00:00,0.0
2026-03-07 06:00:00,0.0
2026-03-07 07:00:00,0.0
2026-03-07 08:00:00,0.0
2026-03-07 09:00:00,0.0
2026-03-07 10:00:00,0.001
2026-03-07 11:00:00,0.0
2026-03-07 12:00:00,0.0
2026-03-07 13:00:00,0.0
2026-03-07 14:00:00,0.0
2026-03-07 15:00:00,0.0
2026-03-07 16:00:00,0.0
2026-03-07 17:00:00,0.0
2026-03-07 18:00:00,0.0
2026-03-07 19:00:00,0.0
2026-03-07 20:00:00,0.0
2026-03-07 21:00:00,0.0
2026-03-07 22:00:00,0.0
2026-03-07 23:00:00,0.0
2026-03-08 00:00:00,0.0
2026-03-08 01:00:00,0.001
2026-03-08 02:00:00,0.0
2026-03-08 03:00:00,0.0
2026-03-08 04:00:00,0.0
2026-03-08 05:00:00,0.0
2026-03-08 06:00:00,0.0
2026-03-08 07:00:00,0.0
2026-03-08 08:00:00,0.0
2026-03-08 09:00:00,0.0
2026-03-08 10:00:00,0.0
2026-03-08 11:00:00,0.0
2026-03-08 12:00:00,0.0
2026-03-08 13:00:00,0.0
2026-03-08 14:00:00,0.0
2026-03-08 15:00:00,0.0
2026-03-08 16:00:00,0.0
2026-03-08 17:00:00,0.0
2026-03-08 18:00:00,0.0
2026-03-08 19:00:00,0.0
2026-03-08 20:00:00,0.0
2026-03-08 21:00:00,0.0
2026-03-08 22:00:00,0.0
2026-03-08 23:00:00,0.0
2026-03-09 00:00:00,0.0
2026-03-09 01:00:00,0.0
2026-03-09 02:00:00,0.0
2026-03-09 03:00:00,0.0
2026-03-09 04:00:00,0.0
2026-03-09 05:00:00,0.001
2026-03-09 06:00:00,0.0
2026-03-09 07:00:00,23.59
2026-03-09 08:00:00,92.755
2026-03-09 09:00:00,173.706
2026-03-09 10:00:00,161.16600000000003
2026-03-09 11:00:00,121.51800000000001
2026-03-09 12:00:00,95.05499999999999
2026-03-09 13:00:00,79.82199999999999
2026-03-09 14:00:00,36.120000000000005
2026-03-09 15:00:00,31.894
2026-03-09 16:00:00,9.532
2026-03-09 17:00:00,0.373
2026-03-09 18:00:00,0.0
2026-03-09 19:00:00,0.0
2026-03-09 20:00:00,0.0
2026-03-09 21:00:00,0.0
2026-03-09 22:00:00,0.0
2026-03-09 23:00:00,0.0
2026-03-10 00:00:00,0.0
2026-03-10 01:00:00,0.0
2026-03-10 02:00:00,0.0
2026-03-10 03:00:00,0.0
2026-03-10 04:00:00,0.0
2026-03-10 05:00:00,0.0
2026-03-10 06:00:00,0.0
2026-03-10 07:00:00,20.932000000000002
2026-03-10 08:00:00,94.21600000000001
2026-03-10 09:00:00,141.65900000000002
2026-03-10 10:00:00,99.561
2026-03-10 11:00:00,38.892
2026-03-10 12:00:00,14.458
2026-03-10 13:00:00,18.787000000000003
2026-03-10 14:00:00,22.15
2026-03-10 15:00:00,22.195
2026-03-10 16:00:00,15.466999999999999
2026-03-10 17:00:00,3.4210000000000003
2026-03-10 18:00:00,8.939
2026-03-10 19:00:00,9.032
2026-03-10 20:00:00,0.0
2026-03-10 21:00:00,0.0
2026-03-10 22:00:00,0.0
2026-03-10 23:00:00,0.0
2026-03-11 00:00:00,0.0
2026-03-11 01:00:00,0.0
2026-03-11 02:00:00,0.001
2026-03-11 03:00:00,0.0
2026-03-11 04:00:00,0.0
2026-03-11 05:00:00,0.0
2026-03-11 06:00:00,0.0
2026-03-11 07:00:00,18.343999999999998
2026-03-11 08:00:00,63.217
2026-03-11 09:00:00,99.15100000000001
2026-03-11 10:00:00,111.444
2026-03-11 11:00:00,94.06199999999998
2026-03-11 12:00:00,85.328
2026-03-11 13:00:00,59.399
2026-03-11 14:00:00,12.339999999999998
2026-03-11 15:00:00,4.207
2026-03-11 16:00:00,1.86
2026-03-11 17:00:00,0.089
2026-03-11 18:00:00,0.0
2026-03-11 19:00:00,0.0
2026-03-11 20:00:00,0.0
2026-03-11 21:00:00,0.0
2026-03-11 22:00:00,0.0
2026-03-11 23:00:00,0.0
2026-03-12 00:00:00,0.0
2026-03-12 01:00:00,0.0
2026-03-12 02:00:00,0.0
2026-03-12 03:00:00,0.0
2026-03-12 04:00:00,0.0
2026-03-12 05:00:00,0.0
2026-03-12 06:00:00,0.0
2026-03-12 07:00:00,19.385
2026-03-12 08:00:00,64.285
2026-03-12 09:00:00,90.99600000000001
2026-03-12 10:00:00,78.935
2026-03-12 11:00:00,63.23400000000001
2026-03-12 12:00:00,21.742
2026-03-12 13:00:00,6.398
2026-03-12 14:00:00,11.241999999999999
2026-03-12 15:00:00,12.335999999999999
2026-03-12 16:00:00,14.424
2026-03-12 17:00:00,14.859000000000002
2026-03-12 18:00:00,3.657
2026-03-12 19:00:00,1.2600000000000002
2026-03-12 20:00:00,0.0
2026-03-12 21:00:00,0.0
2026-03-12 22:00:00,0.0
2026-03-12 23:00:00,0.0
2026-03-13 00:00:00,0.0
2026-03-13 01:00:00,0.0
2026-03-13 02:00:00,0.0
2026-03-13 03:00:00,0.0
2026-03-13 04:00:00,0.0
2026-03-13 05:00:00,0.0
2026-03-13 06:00:00,1.4040000000000001
2026-03-13 07:00:00,14.865
2026-03-13 08:00:00,64.366
2026-03-13 09:00:00,100.384
2026-03-13 10:00:00,76.85800000000002
2026-03-13 11:00:00,40.243
2026-03-13 12:00:00,13.304
2026-03-13 13:00:00,3.484
2026-03-13 14:00:00,3.514
2026-03-13 15:00:00,3.516
2026-03-13 16:00:00,3.465
2026-03-13 17:00:00,1.873
2026-03-13 18:00:00,0.0
2026-03-13 19:00:00,0.001
2026-03-13 20:00:00,0.0
2026-03-13 21:00:00,0.0
2026-03-13 22:00:00,0.0
2026-03-13 23:00:00,0.0
2026-03-14 00:00:00,0.0
2026-03-14 01:00:00,0.0
2026-03-14 02:00:00,0.0
2026-03-14 03:00:00,0.0
2026-03-14 04:00:00,0.0
2026-03-14 05:00:00,0.0
2026-03-14 06:00:00,0.0
2026-03-14 07:00:00,0.0
2026-03-14 08:00:00,0.0
2026-03-14 09:00:00,0.0
2026-03-14 10:00:00,0.0
2026-03-14 11:00:00,0.0
2026-03-14 12:00:00,0.0
2026-03-14 13:00:00,0.0
2026-03-14 14:00:00,0.0
2026-03-14 15:00:00,0.0
2026-03-14 16:00:00,0.0
2026-03-14 17:00:00,0.0
2026-03-14 18:00:00,0.0
2026-03-14 19:00:00,0.0
2026-03-14 20:00:00,0.0
2026-03-14 21:00:00,0.0
2026-03-14 22:00:00,0.0
2026-03-14 23:00:00,0.0
2026-03-15 00:00:00,0.0
2026-03-15 01:00:00,0.001
2026-03-15 02:00:00,0.0
2026-03-15 03:00:00,0.0
2026-03-15 04:00:00,0.0
2026-03-15 05:00:00,0.0
2026-03-15 06:00:00,0.0
2026-03-15 07:00:00,0.0
2026-03-15 08:00:00,0.0
2026-03-15 09:00:00,0.0
2026-03-15 10:00:00,0.0
2026-03-15 11:00:00,0.0
2026-03-15 12:00:00,0.0
2026-03-15 13:00:00,0.0
2026-03-15 14:00:00,0.0
2026-03-15 15:00:00,0.0
2026-03-15 16:00:00,0.0
2026-03-15 17:00:00,0.0
2026-03-15 18:00:00,0.0
2026-03-15 19:00:00,0.0
2026-03-15 20:00:00,0.001
2026-03-15 21:00:00,0.0
2026-03-15 22:00:00,0.0
2026-03-15 23:00:00,0.0
2026-03-16 00:00:00,0.0
2026-03-16 01:00:00,0.0
2026-03-16 02:00:00,0.0
2026-03-16 03:00:00,0.0
2026-03-16 04:00:00,0.0
2026-03-16 05:00:00,0.0
2026-03-16 06:00:00,1.252
2026-03-16 07:00:00,40.202999999999996
2026-03-16 08:00:00,148.331
2026-03-16 09:00:00,200.758
2026-03-16 10:00:00,173.965
2026-03-16 11:00:00,135.839
2026-03-16 12:00:00,110.39500000000001
2026-03-16 13:00:00,80.79199999999999
2026-03-16 14:00:00,77.65
2026-03-16 15:00:00,46.102000000000004
2026-03-16 16:00:00,14.616999999999999
2026-03-16 17:00:00,0.0
2026-03-16 18:00:00,3.9699999999999998
2026-03-16 19:00:00,11.155000000000001
2026-03-16 20:00:00,4.597
2026-03-16 21:00:00,0.0
2026-03-16 22:00:00,0.0
2026-03-16 23:00:00,0.0
2026-03-17 00:00:00,0.0
2026-03-17 01:00:00,0.0
2026-03-17 02:00:00,0.0
2026-03-17 03:00:00,0.0
2026-03-17 04:00:00,0.0
2026-03-17 05:00:00,0.0
2026-03-17 06:00:00,3.8280000000000003
2026-03-17 07:00:00,32.62
2026-03-17 08:00:00,113.108
2026-03-17 09:00:00,180.32500000000002
2026-03-17 10:00:00,142.34699999999998
2026-03-17 11:00:00,83.263
2026-03-17 12:00:00,58.905
2026-03-17 13:00:00,45.559
2026-03-17 14:00:00,31.294000000000004
2026-03-17 15:00:00,22.01
2026-03-17 16:00:00,16.959
2026-03-17 17:00:00,2.986
2026-03-17 18:00:00,0.0
2026-03-17 19:00:00,0.0
2026-03-17 20:00:00,0.0
2026-03-17 21:00:00,0.0
2026-03-17 22:00:00,0.0
2026-03-17 23:00:00,0.0
2026-03-18 00:00:00,0.0
2026-03-18 01:00:00,0.0
2026-03-18 02:00:00,0.0
2026-03-18 03:00:00,0.0
2026-03-18 04:00:00,0.0
2026-03-18 05:00:00,0.0
2026-03-18 06:00:00,1.282
2026-03-18 07:00:00,17.47
2026-03-18 08:00:00,58.946
2026-03-18 09:00:00,86.512
2026-03-18 10:00:00,78.684
2026-03-18 11:00:00,57.818
2026-03-18 12:00:00,24.833000000000002
2026-03-18 13:00:00,19.581
2026-03-18 14:00:00,21.73
2026-03-18 15:00:00,16.914
2026-03-18 16:00:00,2.795
2026-03-18 17:00:00,0.0
2026-03-18 18:00:00,0.002
2026-03-18 19:00:00,0.0
2026-03-18 20:00:00,0.0
2026-03-18 21:00:00,0.0
2026-03-18 22:00:00,0.0
2026-03-18 23:00:00,0.0
2026-03-19 00:00:00,0.0
2026-03-19 01:00:00,0.0
2026-03-19 02:00:00,0.0
2026-03-19 03:00:00,0.0
2026-03-19 04:00:00,0.0
2026-03-19 05:00:00,0.0
2026-03-19 06:00:00,1.782
2026-03-19 07:00:00,24.825
2026-03-19 08:00:00,61.83800000000001
2026-03-19 09:00:00,83.63699999999999
2026-03-19 10:00:00,75.611
2026-03-19 11:00:00,73.54399999999998
2026-03-19 12:00:00,50.3
2026-03-19 13:00:00,40.744
2026-03-19 14:00:00,16.936
2026-03-19 15:00:00,0.577
2026-03-19 16:00:00,0.0
2026-03-19 17:00:00,0.369
2026-03-19 18:00:00,0.0
2026-03-19 19:00:00,0.0
2026-03-19 20:00:00,0.0
2026-03-19 21:00:00,0.0
2026-03-19 22:00:00,0.0
2026-03-19 23:00:00,0.0
2026-03-20 00:00:00,0.0
2026-03-20 01:00:00,0.0
2026-03-20 02:00:00,0.0
2026-03-20 03:00:00,0.0
2026-03-20 04:00:00,0.0
2026-03-20 05:00:00,0.0
2026-03-20 06:00:00,3.7
2026-03-20 07:00:00,27.218
2026-03-20 08:00:00,114.322
2026-03-20 09:00:00,144.82399999999998
2026-03-20 10:00:00,108.35
2026-03-20 11:00:00,76.53
2026-03-20 12:00:00,33.587
2026-03-20 13:00:00,18.48
2026-03-20 14:00:00,2.75
2026-03-20 15:00:00,0.0
2026-03-20 16:00:00,0.002
2026-03-20 17:00:00,0.341
2026-03-20 18:00:00,0.0
2026-03-20 19:00:00,0.0
2026-03-20 20:00:00,0.0
2026-03-20 21:00:00,0.0
2026-03-20 22:00:00,0.0
2026-03-20 23:00:00,0.0
2026-03-21 00:00:00,0.0
2026-03-21 01:00:00,0.0
2026-03-21 02:00:00,0.0
2026-03-21 03:00:00,0.0
2026-03-21 04:00:00,0.0
2026-03-21 05:00:00,0.0
2026-03-21 06:00:00,0.0
2026-03-21 07:00:00,0.0
2026-03-21 08:00:00,0.0
2026-03-21 09:00:00,0.0
2026-03-21 10:00:00,0.0
2026-03-21 11:00:00,0.0
2026-03-21 12:00:00,0.0
2026-03-21 13:00:00,0.0
2026-03-21 14:00:00,0.0
2026-03-21 15:00:00,0.0
2026-03-21 16:00:00,0.0
2026-03-21 17:00:00,0.0
2026-03-21 18:00:00,0.0
2026-03-21 19:00:00,0.0
2026-03-21 20:00:00,0.0
2026-03-21 21:00:00,0.0
2026-03-21 22:00:00,0.001
2026-03-21 23:00:00,0.0
2026-03-22 00:00:00,0.0
2026-03-22 01:00:00,0.001
2026-03-22 02:00:00,0.0
2026-03-22 03:00:00,0.0
2026-03-22 04:00:00,0.0
2026-03-22 05:00:00,0.0
2026-03-22 06:00:00,0.0
2026-03-22 07:00:00,0.0
2026-03-22 08:00:00,0.0
2026-03-22 09:00:00,0.0
2026-03-22 10:00:00,0.0
2026-03-22 11:00:00,0.0
2026-03-22 12:00:00,0.0
2026-03-22 13:00:00,0.0
2026-03-22 14:00:00,0.0
2026-03-22 15:00:00,0.0
2026-03-22 16:00:00,0.0
2026-03-22 17:00:00,0.0
2026-03-22 18:00:00,0.0
2026-03-22 19:00:00,0.0
2026-03-22 20:00:00,0.0
2026-03-22 21:00:00,0.0
2026-03-22 22:00:00,0.0
2026-03-22 23:00:00,0.0
2026-03-23 00:00:00,0.0
2026-03-23 01:00:00,0.0
2026-03-23 02:00:00,0.0
2026-03-23 03:00:00,0.0
2026-03-23 04:00:00,0.0
2026-03-23 05:00:00,0.0
2026-03-23 06:00:00,1.7120000000000002
2026-03-23 07:00:00,36.967
2026-03-23 08:00:00,123.79
2026-03-23 09:00:00,174.472
2026-03-23 10:00:00,146.2
2026-03-23 11:00:00,103.42999999999999
2026-03-23 12:00:00,71.785
2026-03-23 13:00:00,38.008
2026-03-23 14:00:00,12.174
2026-03-23 15:00:00,0.0
2026-03-23 16:00:00,3.5140000000000002
2026-03-23 17:00:00,7.755000000000001
2026-03-23 18:00:00,4.1160000000000005
2026-03-23 19:00:00,0.0
2026-03-23 20:00:00,0.0
2026-03-23 21:00:00,0.0
2026-03-23 22:00:00,0.0
2026-03-23 23:00:00,0.0
2026-03-24 00:00:00,0.0
2026-03-24 01:00:00,0.0
2026-03-24 02:00:00,0.0
2026-03-24 03:00:00,0.0
2026-03-24 04:00:00,0.0
2026-03-24 05:00:00,0.0
2026-03-24 06:00:00,0.0
2026-03-24 07:00:00,13.338
2026-03-24 08:00:00,86.825
2026-03-24 09:00:00,136.99500000000003
2026-03-24 10:00:00,121.637
2026-03-24 11:00:00,75.74799999999999
2026-03-24 12:00:00,33.015
2026-03-24 13:00:00,29.287
2026-03-24 14:00:00,8.286
2026-03-24 15:00:00,0.002
2026-03-24 16:00:00,0.54
2026-03-24 17:00:00,0.388
2026-03-24 18:00:00,0.0
2026-03-24 19:00:00,0.0
2026-03-24 20:00:00,0.0
2026-03-24 21:00:00,0.0
2026-03-24 22:00:00,0.001
2026-03-24 23:00:00,0.0
2026-03-25 00:00:00,0.0
2026-03-25 01:00:00,0.0
2026-03-25 02:00:00,0.0
2026-03-25 03:00:00,0.0
2026-03-25 04:00:00,0.0
2026-03-25 05:00:00,0.0
2026-03-25 06:00:00,0.0
2026-03-25 07:00:00,5.463000000000001
2026-03-25 08:00:00,48.914
2026-03-25 09:00:00,71.855
2026-03-25 10:00:00,53.485
2026-03-25 11:00:00,42.243
2026-03-25 12:00:00,29.254
2026-03-25 13:00:00,23.052999999999997
2026-03-25 14:00:00,1.8439999999999999
2026-03-25 15:00:00,0.0
2026-03-25 16:00:00,0.001
2026-03-25 17:00:00,0.001
2026-03-25 18:00:00,0.48500000000000004
2026-03-25 19:00:00,0.0
2026-03-25 20:00:00,0.0
2026-03-25 21:00:00,0.0
2026-03-25 22:00:00,0.0
2026-03-25 23:00:00,0.0
2026-03-26 00:00:00,0.0
2026-03-26 01:00:00,0.0
2026-03-26 02:00:00,0.0
2026-03-26 03:00:00,0.0
2026-03-26 04:00:00,0.0
2026-03-26 05:00:00,0.0
2026-03-26 06:00:00,1.438
2026-03-26 07:00:00,26.485000000000003
2026-03-26 08:00:00,37.757000000000005
2026-03-26 09:00:00,58.30499999999999
2026-03-26 10:00:00,48.011
2026-03-26 11:00:00,36.057
2026-03-26 12:00:00,16.779
2026-03-26 13:00:00,21.708
2026-03-26 14:00:00,21.747
2026-03-26 15:00:00,21.435000000000002
2026-03-26 16:00:00,14.561
2026-03-26 17:00:00,0.0
2026-03-26 18:00:00,0.0
2026-03-26 19:00:00,0.0
2026-03-26 20:00:00,0.0
2026-03-26 21:00:00,0.0
2026-03-26 22:00:00,0.0
2026-03-26 23:00:00,0.0
2026-03-27 00:00:00,0.0
2026-03-27 01:00:00,0.0
2026-03-27 02:00:00,0.0
2026-03-27 03:00:00,0.0
2026-03-27 04:00:00,0.0
2026-03-27 05:00:00,0.0
2026-03-27 06:00:00,4.607
2026-03-27 07:00:00,25.991000000000003
2026-03-27 08:00:00,124.837
2026-03-27 09:00:00,138.058
2026-03-27 10:00:00,95.82800000000002
2026-03-27 11:00:00,69.648
2026-03-27 12:00:00,45.141
2026-03-27 13:00:00,25.705
2026-03-27 14:00:00,7.148
2026-03-27 15:00:00,1.295
2026-03-27 16:00:00,3.645
2026-03-27 17:00:00,1.176
2026-03-27 18:00:00,0.0
2026-03-27 19:00:00,0.0
2026-03-27 20:00:00,0.0
2026-03-27 21:00:00,0.0
2026-03-27 22:00:00,0.0
2026-03-27 23:00:00,0.0
2026-03-28 00:00:00,0.0
2026-03-28 01:00:00,0.0
2026-03-28 02:00:00,0.0
2026-03-28 03:00:00,0.0
2026-03-28 04:00:00,0.0
2026-03-28 05:00:00,0.0
2026-03-28 06:00:00,0.0
2026-03-28 07:00:00,0.0
2026-03-28 08:00:00,0.001
2026-03-28 09:00:00,0.0
2026-03-28 10:00:00,0.0
2026-03-28 11:00:00,0.0
2026-03-28 12:00:00,0.0
2026-03-28 13:00:00,0.0
2026-03-28 14:00:00,0.001
2026-03-28 15:00:00,0.0
2026-03-28 16:00:00,0.0
2026-03-28 17:00:00,0.0
2026-03-28 18:00:00,0.0
2026-03-28 19:00:00,0.0
2026-03-28 20:00:00,0.0
2026-03-28 21:00:00,0.0
2026-03-28 22:00:00,0.0
2026-03-28 23:00:00,0.0
2026-03-29 00:00:00,0.0
2026-03-29 01:00:00,0.0
2026-03-29 03:00:00,0.0
2026-03-29 04:00:00,0.0
2026-03-29 05:00:00,0.0
2026-03-29 06:00:00,0.0
2026-03-29 07:00:00,0.0
2026-03-29 08:00:00,0.0
2026-03-29 09:00:00,0.0
2026-03-29 10:00:00,0.0
2026-03-29 11:00:00,0.0
2026-03-29 12:00:00,0.0
2026-03-29 13:00:00,0.0
2026-03-29 14:00:00,0.0
2026-03-29 15:00:00,0.0
2026-03-29 16:00:00,0.0
2026-03-29 17:00:00,0.0
2026-03-29 18:00:00,0.0
2026-03-29 19:00:00,0.0
2026-03-29 20:00:00,0.0
2026-03-29 21:00:00,0.0
2026-03-29 22:00:00,0.0
2026-03-29 23:00:00,0.0
2026-03-30 00:00:00,0.0
2026-03-30 01:00:00,0.0
2026-03-30 02:00:00,0.0
2026-03-30 03:00:00,0.0
2026-03-30 04:00:00,0.0
2026-03-30 05:00:00,0.0
2026-03-30 06:00:00,0.0
2026-03-30 07:00:00,9.874
2026-03-30 08:00:00,105.04200000000003
2026-03-30 09:00:00,172.671
2026-03-30 10:00:00,161.187
2026-03-30 11:00:00,130.204
2026-03-30 12:00:00,82.75000000000003
2026-03-30 13:00:00,69.582
2026-03-30 14:00:00,54.45100000000001
2026-03-30 15:00:00,44.414
2026-03-30 16:00:00,29.964000000000002
2026-03-30 17:00:00,16.496
2026-03-30 18:00:00,12.842999999999998
2026-03-30 19:00:00,0.261
2026-03-30 20:00:00,0.0
2026-03-30 21:00:00,0.0
2026-03-30 22:00:00,0.0
2026-03-30 23:00:00,0.0
2026-03-31 00:00:00,0.0
2026-03-31 01:00:00,0.0
2026-03-31 02:00:00,0.0
2026-03-31 03:00:00,0.0
2026-03-31 04:00:00,0.0
2026-03-31 05:00:00,0.0
2026-03-31 06:00:00,0.0
2026-03-31 07:00:00,0.987
2026-03-31 08:00:00,45.043
2026-03-31 09:00:00,102.91900000000001
2026-03-31 10:00:00,126.321
2026-03-31 11:00:00,134.841
2026-03-31 12:00:00,96.358
2026-03-31 13:00:00,52.396
2026-03-31 14:00:00,43.704
2026-03-31 15:00:00,29.934999999999995
2026-03-31 16:00:00,20.713
2026-03-31 17:00:00,10.5
2026-03-31 18:00:00,0.0
2026-03-31 19:00:00,0.018000000000000002
2026-03-31 20:00:00,0.10500000000000001
2026-03-31 21:00:00,0.001
2026-03-31 22:00:00,0.0
2026-03-31 23:00:00,0.0
2026-04-01 00:00:00,0.0
2026-04-01 01:00:00,0.0
2026-04-01 02:00:00,0.0
2026-04-01 03:00:00,0.0
2026-04-01 04:00:00,0.0
2026-04-01 05:00:00,0.0
2026-04-01 06:00:00,2.141
2026-04-01 07:00:00,27.155
2026-04-01 08:00:00,73.88799999999999
2026-04-01 09:00:00,107.14400000000002
2026-04-01 10:00:00,92.56500000000001
2026-04-01 11:00:00,74.55900000000001
2026-04-01 12:00:00,37.796
2026-04-01 13:00:00,9.437999999999999
2026-04-01 14:00:00,0.0
2026-04-01 15:00:00,0.0
2026-04-01 16:00:00,0.0
2026-04-01 17:00:00,0.552
2026-04-01 18:00:00,0.0
2026-04-01 19:00:00,0.0
2026-04-01 20:00:00,2.231
2026-04-01 21:00:00,0.0
2026-04-01 22:00:00,0.0
2026-04-01 23:00:00,0.0
2026-04-02 00:00:00,0.0
2026-04-02 01:00:00,0.0
2026-04-02 02:00:00,0.0
2026-04-02 03:00:00,0.0
2026-04-02 04:00:00,0.0
2026-04-02 05:00:00,0.0
2026-04-02 06:00:00,0.0
2026-04-02 07:00:00,10.058
2026-04-02 08:00:00,68.28
2026-04-02 09:00:00,117.163
2026-04-02 10:00:00,98.66300000000003
2026-04-02 11:00:00,88.42900000000002
2026-04-02 12:00:00,49.331
2026-04-02 13:00:00,26.476999999999997
2026-04-02 14:00:00,17.343
2026-04-02 15:00:00,3.326
2026-04-02 16:00:00,0.0
2026-04-02 17:00:00,0.043
2026-04-02 18:00:00,0.0
2026-04-02 19:00:00,0.0
2026-04-02 20:00:00,0.0
2026-04-02 21:00:00,0.0
2026-04-02 22:00:00,0.001
2026-04-02 23:00:00,0.0
2026-04-03 00:00:00,0.0
2026-04-03 01:00:00,0.0
2026-04-03 02:00:00,0.0
2026-04-03 03:00:00,0.0
2026-04-03 04:00:00,0.0
2026-04-03 05:00:00,0.0
2026-04-03 06:00:00,3.56
2026-04-03 07:00:00,25.395
2026-04-03 08:00:00,51.428000000000004
2026-04-03 09:00:00,110.516
2026-04-03 10:00:00,110.405
2026-04-03 11:00:00,41.975
2026-04-03 12:00:00,17.763
2026-04-03 13:00:00,10.696000000000002
2026-04-03 14:00:00,10.27
2026-04-03 15:00:00,0.0
2026-04-03 16:00:00,0.0
2026-04-03 17:00:00,0.091
2026-04-03 18:00:00,0.0
2026-04-03 19:00:00,0.0
2026-04-03 20:00:00,0.0
2026-04-03 21:00:00,0.0
2026-04-03 22:00:00,0.0
2026-04-03 23:00:00,0.0
2026-04-04 00:00:00,0.0
2026-04-04 01:00:00,0.0
2026-04-04 02:00:00,0.0
2026-04-04 03:00:00,0.0
2026-04-04 04:00:00,0.0
2026-04-04 05:00:00,0.0
2026-04-04 06:00:00,0.0
2026-04-04 07:00:00,0.0
2026-04-04 08:00:00,0.0
2026-04-04 09:00:00,0.0
2026-04-04 10:00:00,0.0
2026-04-04 11:00:00,0.0
2026-04-04 12:00:00,0.0
2026-04-04 13:00:00,0.0
2026-04-04 14:00:00,0.0
2026-04-04 15:00:00,0.0
2026-04-04 16:00:00,0.0
2026-04-04 17:00:00,0.0
2026-04-04 18:00:00,0.0
2026-04-04 19:00:00,0.0
2026-04-04 20:00:00,0.0
2026-04-04 21:00:00,0.0
2026-04-04 22:00:00,0.0
2026-04-04 23:00:00,0.0
2026-04-05 00:00:00,0.0
2026-04-05 01:00:00,0.0
2026-04-05 02:00:00,0.0
2026-04-05 03:00:00,0.0
2026-04-05 04:00:00,0.0
2026-04-05 05:00:00,0.0
2026-04-05 06:00:00,0.0
2026-04-05 07:00:00,0.0
2026-04-05 08:00:00,0.0
2026-04-05 09:00:00,0.0
2026-04-05 10:00:00,0.0
2026-04-05 11:00:00,0.0
2026-04-05 12:00:00,0.0
2026-04-05 13:00:00,0.0
2026-04-05 14:00:00,0.0
2026-04-05 15:00:00,0.0
2026-04-05 16:00:00,0.0
2026-04-05 17:00:00,0.0
2026-04-05 18:00:00,0.0
2026-04-05 19:00:00,0.001
2026-04-05 20:00:00,0.0
2026-04-05 21:00:00,0.0
2026-04-05 22:00:00,0.0
2026-04-05 23:00:00,0.0
2026-04-06 00:00:00,0.0
2026-04-06 01:00:00,0.0
2026-04-06 02:00:00,0.0
2026-04-06 03:00:00,0.001
2026-04-06 04:00:00,0.0
2026-04-06 05:00:00,0.0
2026-04-06 06:00:00,0.0
2026-04-06 07:00:00,0.0
2026-04-06 08:00:00,0.0
2026-04-06 09:00:00,0.0
2026-04-06 10:00:00,0.0
2026-04-06 11:00:00,0.0
2026-04-06 12:00:00,0.0
2026-04-06 13:00:00,0.0
2026-04-06 14:00:00,0.0
2026-04-06 15:00:00,0.0
2026-04-06 16:00:00,0.0
2026-04-06 17:00:00,0.0
2026-04-06 18:00:00,0.0
2026-04-06 19:00:00,0.0
2026-04-06 20:00:00,0.0
2026-04-06 21:00:00,0.0
2026-04-06 22:00:00,0.0
2026-04-06 23:00:00,0.0
2026-04-07 00:00:00,0.0
2026-04-07 01:00:00,0.0
2026-04-07 02:00:00,0.0
2026-04-07 03:00:00,0.0
2026-04-07 04:00:00,0.0
2026-04-07 05:00:00,0.0
2026-04-07 06:00:00,0.0
2026-04-07 07:00:00,20.087
2026-04-07 08:00:00,105.987
2026-04-07 09:00:00,169.70000000000002
2026-04-07 10:00:00,144.19199999999998
2026-04-07 11:00:00,119.022
2026-04-07 12:00:00,103.95400000000001
2026-04-07 13:00:00,101.101
2026-04-07 14:00:00,64.189
2026-04-07 15:00:00,33.889
2026-04-07 16:00:00,4.421
2026-04-07 17:00:00,0.0
2026-04-07 18:00:00,0.0
2026-04-07 19:00:00,0.0
2026-04-07 20:00:00,0.0
2026-04-07 21:00:00,0.0
2026-04-07 22:00:00,0.0
2026-04-07 23:00:00,0.0
2026-04-08 00:00:00,0.0
2026-04-08 01:00:00,0.0
2026-04-08 02:00:00,0.0
2026-04-08 03:00:00,0.0
2026-04-08 04:00:00,0.0
2026-04-08 05:00:00,0.0
2026-04-08 06:00:00,2.4690000000000003
2026-04-08 07:00:00,24.075
2026-04-08 08:00:00,69.756
2026-04-08 09:00:00,92.19900000000001
2026-04-08 10:00:00,68.319
2026-04-08 11:00:00,48.359
2026-04-08 12:00:00,21.012
2026-04-08 13:00:00,13.765
2026-04-08 14:00:00,11.275
2026-04-08 15:00:00,5.644
2026-04-08 16:00:00,0.001
2026-04-08 17:00:00,0.7150000000000001
2026-04-08 18:00:00,0.0
2026-04-08 19:00:00,0.0
2026-04-08 20:00:00,0.0
2026-04-08 21:00:00,0.001
2026-04-08 22:00:00,0.0
2026-04-08 23:00:00,0.0
2026-04-09 00:00:00,0.0
2026-04-09 01:00:00,0.0
2026-04-09 02:00:00,0.0
2026-04-09 03:00:00,0.0
2026-04-09 04:00:00,0.0
2026-04-09 05:00:00,0.0
2026-04-09 06:00:00,0.0
2026-04-09 07:00:00,13.248000000000001
2026-04-09 08:00:00,48.46
2026-04-09 09:00:00,82.224
2026-04-09 10:00:00,69.44300000000001
2026-04-09 11:00:00,62.604
2026-04-09 12:00:00,49.294
2026-04-09 13:00:00,43.826
2026-04-09 14:00:00,35.05500000000001
2026-04-09 15:00:00,15.451000000000002
2026-04-09 16:00:00,13.257000000000001
2026-04-09 17:00:00,4.264
2026-04-09 18:00:00,2.3350000000000004
2026-04-09 19:00:00,0.0
2026-04-09 20:00:00,0.0
2026-04-09 21:00:00,0.0
2026-04-09 22:00:00,0.0
2026-04-09 23:00:00,0.0
2026-04-10 00:00:00,0.0
2026-04-10 01:00:00,0.0
2026-04-10 02:00:00,0.0
2026-04-10 03:00:00,0.0
2026-04-10 04:00:00,0.0
2026-04-10 05:00:00,0.0
2026-04-10 06:00:00,2.256
2026-04-10 07:00:00,15.715000000000002
2026-04-10 08:00:00,55.410999999999994
2026-04-10 09:00:00,69.661
2026-04-10 10:00:00,71.346
2026-04-10 11:00:00,60.393
2026-04-10 12:00:00,25.722
2026-04-10 13:00:00,7.720000000000001
2026-04-10 14:00:00,0.0
2026-04-10 15:00:00,3.445
2026-04-10 16:00:00,3.643
2026-04-10 17:00:00,2.5500000000000003
2026-04-10 18:00:00,0.0
2026-04-10 19:00:00,0.0
2026-04-10 20:00:00,0.0
2026-04-10 21:00:00,0.0
2026-04-10 22:00:00,0.0
2026-04-10 23:00:00,0.0
2026-04-11 00:00:00,0.0
2026-04-11 01:00:00,0.0
2026-04-11 02:00:00,0.0
2026-04-11 03:00:00,0.0
2026-04-11 04:00:00,0.001
2026-04-11 05:00:00,0.0
2026-04-11 06:00:00,0.0
2026-04-11 07:00:00,0.0
2026-04-11 08:00:00,0.0
2026-04-11 09:00:00,0.0
2026-04-11 10:00:00,0.0
2026-04-11 11:00:00,0.0
2026-04-11 12:00:00,0.0
2026-04-11 13:00:00,0.0
2026-04-11 14:00:00,0.0
2026-04-11 15:00:00,0.0
2026-04-11 16:00:00,0.0
2026-04-11 17:00:00,0.0
2026-04-11 18:00:00,0.0
2026-04-11 19:00:00,0.0
2026-04-11 20:00:00,0.0
2026-04-11 21:00:00,0.0
2026-04-11 22:00:00,0.0
2026-04-11 23:00:00,0.0
2026-04-12 00:00:00,0.0
2026-04-12 01:00:00,0.0
2026-04-12 02:00:00,0.0
2026-04-12 03:00:00,0.0
2026-04-12 04:00:00,0.0
2026-04-12 05:00:00,0.0
2026-04-12 06:00:00,0.0
2026-04-12 07:00:00,0.0
2026-04-12 08:00:00,0.0
2026-04-12 09:00:00,0.0
2026-04-12 10:00:00,0.0
2026-04-12 11:00:00,0.0
2026-04-12 12:00:00,0.0
2026-04-12 13:00:00,0.0
2026-04-12 14:00:00,0.0
2026-04-12 15:00:00,0.0
2026-04-12 16:00:00,0.0
2026-04-12 17:00:00,0.0
2026-04-12 18:00:00,0.0
2026-04-12 19:00:00,0.0
2026-04-12 20:00:00,0.0
2026-04-12 21:00:00,0.0
2026-04-12 22:00:00,0.0
2026-04-12 23:00:00,0.0
2026-04-13 00:00:00,0.001
2026-04-13 01:00:00,0.0
2026-04-13 02:00:00,0.0
2026-04-13 03:00:00,0.0
2026-04-13 04:00:00,0.0
2026-04-13 05:00:00,0.0
2026-04-13 06:00:00,0.0
2026-04-13 07:00:00,3.6579999999999995
2026-04-13 08:00:00,58.242
2026-04-13 09:00:00,119.16499999999999
2026-04-13 10:00:00,123.59300000000002
2026-04-13 11:00:00,99.777
2026-04-13 12:00:00,87.91000000000001
2026-04-13 13:00:00,98.13300000000001
2026-04-13 14:00:00,67.592
2026-04-13 15:00:00,24.516000000000002
2026-04-13 16:00:00,10.718
2026-04-13 17:00:00,0.45199999999999996
2026-04-13 18:00:00,0.0
2026-04-13 19:00:00,0.0
2026-04-13 20:00:00,0.0
2026-04-13 21:00:00,0.0
2026-04-13 22:00:00,0.0
2026-04-13 23:00:00,0.0
2026-04-14 00:00:00,0.0
2026-04-14 01:00:00,0.001
2026-04-14 02:00:00,0.0
2026-04-14 03:00:00,0.0
2026-04-14 04:00:00,0.0
2026-04-14 05:00:00,0.0
2026-04-14 06:00:00,0.0
2026-04-14 07:00:00,3.16
2026-04-14 08:00:00,48.94199999999999
2026-04-14 09:00:00,103.06800000000001
2026-04-14 10:00:00,96.499
2026-04-14 11:00:00,66.524
2026-04-14 12:00:00,35.286
2026-04-14 13:00:00,9.696
2026-04-14 14:00:00,0.0
2026-04-14 15:00:00,11.097000000000001
2026-04-14 16:00:00,11.325
2026-04-14 17:00:00,4.264
2026-04-14 18:00:00,0.001
2026-04-14 19:00:00,0.0
2026-04-14 20:00:00,0.0
2026-04-14 21:00:00,0.0
2026-04-14 22:00:00,0.0
2026-04-14 23:00:00,0.0
2026-04-15 00:00:00,0.0
2026-04-15 01:00:00,0.0
2026-04-15 02:00:00,0.0
2026-04-15 03:00:00,0.0
2026-04-15 04:00:00,0.0
2026-04-15 05:00:00,0.0
2026-04-15 06:00:00,0.0
2026-04-15 07:00:00,2.8710000000000004
2026-04-15 08:00:00,47.148
2026-04-15 09:00:00,93.535
2026-04-15 10:00:00,87.07900000000001
2026-04-15 11:00:00,40.343
2026-04-15 12:00:00,35.825
2026-04-15 13:00:00,27.754999999999995
2026-04-15 14:00:00,17.034
2026-04-15 15:00:00,14.089999999999998
2026-04-15 16:00:00,9.267
2026-04-15 17:00:00,0.0
2026-04-15 18:00:00,0.784
2026-04-15 19:00:00,0.0
2026-04-15 20:00:00,0.0
2026-04-15 21:00:00,0.0
2026-04-15 22:00:00,0.0
2026-04-15 23:00:00,0.0
2026-04-16 00:00:00,0.0
2026-04-16 01:00:00,0.0
2026-04-16 02:00:00,0.001
2026-04-16 03:00:00,0.0
2026-04-16 04:00:00,0.0
2026-04-16 05:00:00,0.0
2026-04-16 06:00:00,3.5060000000000002
2026-04-16 07:00:00,23.507000000000005
2026-04-16 08:00:00,99.45100000000001
2026-04-16 09:00:00,156.85600000000002
2026-04-16 10:00:00,105.76599999999998
2026-04-16 11:00:00,65.388
2026-04-16 12:00:00,27.484
2026-04-16 13:00:00,11.348
2026-04-16 14:00:00,2.341
2026-04-16 15:00:00,0.001
2026-04-16 16:00:00,0.0
2026-04-16 17:00:00,0.542
2026-04-16 18:00:00,0.0
2026-04-16 19:00:00,0.0
2026-04-16 20:00:00,0.0
2026-04-16 21:00:00,0.0
2026-04-16 22:00:00,0.0
2026-04-16 23:00:00,0.0
2026-04-17 00:00:00,0.0
2026-04-17 01:00:00,0.0
2026-04-17 02:00:00,0.0
2026-04-17 03:00:00,0.0
2026-04-17 04:00:00,0.0
2026-04-17 05:00:00,1.8639999999999999
2026-04-17 06:00:00,11.267
2026-04-17 07:00:00,25.255000000000003
2026-04-17 08:00:00,111.59799999999998
2026-04-17 09:00:00,155.142
2026-04-17 10:00:00,118.17299999999999
2026-04-17 11:00:00,105.029
2026-04-17 12:00:00,60.721000000000004
2026-04-17 13:00:00,29.450000000000003
2026-04-17 14:00:00,15.768
2026-04-17 15:00:00,10.788000000000002
2026-04-17 16:00:00,10.353
2026-04-17 17:00:00,0.18
2026-04-17 18:00:00,0.47500000000000003
2026-04-17 19:00:00,0.0
2026-04-17 20:00:00,0.0
2026-04-17 21:00:00,0.0
2026-04-17 22:00:00,0.0
2026-04-17 23:00:00,0.0
2026-04-18 00:00:00,0.0
2026-04-18 01:00:00,0.0
2026-04-18 02:00:00,0.0
2026-04-18 03:00:00,0.0
2026-04-18 04:00:00,0.0
2026-04-18 05:00:00,0.0
2026-04-18 06:00:00,0.0
2026-04-18 07:00:00,0.0
2026-04-18 08:00:00,0.001
2026-04-18 09:00:00,0.0
2026-04-18 10:00:00,0.001
2026-04-18 11:00:00,0.0
2026-04-18 12:00:00,0.0
2026-04-18 13:00:00,0.0
2026-04-18 14:00:00,0.0
2026-04-18 15:00:00,0.0
2026-04-18 16:00:00,0.0
2026-04-18 17:00:00,0.0
2026-04-18 18:00:00,0.0
2026-04-18 19:00:00,0.0
2026-04-18 20:00:00,0.0
2026-04-18 21:00:00,0.0
2026-04-18 22:00:00,0.0
2026-04-18 23:00:00,0.0
2026-04-19 00:00:00,0.0
2026-04-19 01:00:00,0.0
2026-04-19 02:00:00,0.0
2026-04-19 03:00:00,0.0
2026-04-19 04:00:00,0.0
2026-04-19 05:00:00,0.0
2026-04-19 06:00:00,0.0
2026-04-19 07:00:00,0.0
2026-04-19 08:00:00,0.0
2026-04-19 09:00:00,0.0
2026-04-19 10:00:00,0.0
2026-04-19 11:00:00,0.0
2026-04-19 12:00:00,0.0
2026-04-19 13:00:00,0.0
2026-04-19 14:00:00,0.0
2026-04-19 15:00:00,0.0
2026-04-19 16:00:00,0.001
2026-04-19 17:00:00,0.0
2026-04-19 18:00:00,0.0
2026-04-19 19:00:00,0.0
2026-04-19 20:00:00,0.001
2026-04-19 21:00:00,0.0
2026-04-19 22:00:00,0.0
2026-04-19 23:00:00,0.0
2026-04-20 00:00:00,0.0
2026-04-20 01:00:00,0.0
2026-04-20 02:00:00,0.0
2026-04-20 03:00:00,0.0
2026-04-20 04:00:00,0.0
2026-04-20 05:00:00,0.0
2026-04-20 06:00:00,0.0
2026-04-20 07:00:00,21.607
2026-04-20 08:00:00,81.615
2026-04-20 09:00:00,144.745
2026-04-20 10:00:00,144.05100000000002
2026-04-20 11:00:00,127.98299999999999
2026-04-20 12:00:00,75.50499999999998
2026-04-20 13:00:00,65.73400000000001
2026-04-20 14:00:00,64.224
2026-04-20 15:00:00,25.936
2026-04-20 16:00:00,10.321
2026-04-20 17:00:00,0.41600000000000004
2026-04-20 18:00:00,0.0
2026-04-20 19:00:00,0.0
2026-04-20 20:00:00,0.0
2026-04-20 21:00:00,0.0
2026-04-20 22:00:00,0.0
2026-04-20 23:00:00,0.0
2026-04-21 00:00:00,0.0
2026-04-21 01:00:00,0.0
2026-04-21 02:00:00,0.0
2026-04-21 03:00:00,0.0
2026-04-21 04:00:00,0.001
2026-04-21 05:00:00,0.0
2026-04-21 06:00:00,0.0
2026-04-21 07:00:00,15.432000000000002
2026-04-21 08:00:00,70.91799999999999
2026-04-21 09:00:00,104.89599999999999
2026-04-21 10:00:00,70.878
2026-04-21 11:00:00,43.181000000000004
2026-04-21 12:00:00,17.698
2026-04-21 13:00:00,10.313
2026-04-21 14:00:00,2.0890000000000004
2026-04-21 15:00:00,5.852
2026-04-21 16:00:00,3.418
2026-04-21 17:00:00,0.0
2026-04-21 18:00:00,0.0
2026-04-21 19:00:00,0.0
2026-04-21 20:00:00,0.0
2026-04-21 21:00:00,0.0
2026-04-21 22:00:00,0.001
2026-04-21 23:00:00,0.0
2026-04-22 00:00:00,0.0
2026-04-22 01:00:00,0.0
2026-04-22 02:00:00,0.0
2026-04-22 03:00:00,0.0
2026-04-22 04:00:00,0.0
2026-04-22 05:00:00,0.0
2026-04-22 06:00:00,0.0
2026-04-22 07:00:00,4.462000000000001
2026-04-22 08:00:00,31.644000000000002
2026-04-22 09:00:00,66.05000000000001
2026-04-22 10:00:00,58.30600000000001
2026-04-22 11:00:00,39.612
2026-04-22 12:00:00,36.309
2026-04-22 13:00:00,65.723
2026-04-22 14:00:00,49.477999999999994
2026-04-22 15:00:00,19.925000000000004
2026-04-22 16:00:00,0.0
2026-04-22 17:00:00,0.0
2026-04-22 18:00:00,0.0
2026-04-22 19:00:00,0.0
2026-04-22 20:00:00,0.0
2026-04-22 21:00:00,0.0
2026-04-22 22:00:00,0.0
2026-04-22 23:00:00,0.0
2026-04-23 00:00:00,0.0
2026-04-23 01:00:00,0.0
2026-04-23 02:00:00,0.0
2026-04-23 03:00:00,0.0
2026-04-23 04:00:00,0.0
2026-04-23 05:00:00,0.0
2026-04-23 06:00:00,2.052
2026-04-23 07:00:00,26.533
2026-04-23 08:00:00,63.557
2026-04-23 09:00:00,125.41300000000001
2026-04-23 10:00:00,116.35699999999999
2026-04-23 11:00:00,88.928
2026-04-23 12:00:00,44.244
2026-04-23 13:00:00,23.051
2026-04-23 14:00:00,11.424000000000001
2026-04-23 15:00:00,11.735
2026-04-23 16:00:00,3.095
2026-04-23 17:00:00,0.634
2026-04-23 18:00:00,7.239000000000001
2026-04-23 19:00:00,0.0
2026-04-23 20:00:00,0.0
2026-04-23 21:00:00,0.0
2026-04-23 22:00:00,0.0
2026-04-23 23:00:00,0.0
2026-04-24 00:00:00,0.0
2026-04-24 01:00:00,0.0
2026-04-24 02:00:00,0.0
2026-04-24 03:00:00,0.0
2026-04-24 04:00:00,0.0
2026-04-24 05:00:00,0.0
2026-04-24 06:00:00,4.069
2026-04-24 07:00:00,23.669
2026-04-24 08:00:00,70.12199999999999
2026-04-24 09:00:00,136.029
2026-04-24 10:00:00,119.274
2026-04-24 11:00:00,82.27000000000001
2026-04-24 12:00:00,47.03999999999999
2026-04-24 13:00:00,25.237000000000002
2026-04-24 14:00:00,19.835
2026-04-24 15:00:00,7.9079999999999995
2026-04-24 16:00:00,0.0
2026-04-24 17:00:00,0.0
2026-04-24 18:00:00,0.0
2026-04-24 19:00:00,0.0
2026-04-24 20:00:00,0.0
2026-04-24 21:00:00,0.0
2026-04-24 22:00:00,0.0
2026-04-24 23:00:00,0.0
2026-04-25 00:00:00,0.0
2026-04-25 01:00:00,0.0
2026-04-25 02:00:00,0.0
2026-04-25 03:00:00,0.0
2026-04-25 04:00:00,0.0
2026-04-25 05:00:00,0.0
2026-04-25 06:00:00,0.0
2026-04-25 07:00:00,0.0
2026-04-25 08:00:00,0.0
2026-04-25 09:00:00,0.0
2026-04-25 10:00:00,0.0
2026-04-25 11:00:00,0.0
2026-04-25 12:00:00,0.0
2026-04-25 13:00:00,0.001
2026-04-25 14:00:00,0.0
2026-04-25 15:00:00,0.0
2026-04-25 16:00:00,0.001
2026-04-25 17:00:00,0.0
2026-04-25 18:00:00,0.0
2026-04-25 19:00:00,0.0
2026-04-25 20:00:00,0.0
2026-04-25 21:00:00,0.0
2026-04-25 22:00:00,0.0
2026-04-25 23:00:00,0.0
2026-04-26 00:00:00,0.0
2026-04-26 01:00:00,0.0
2026-04-26 02:00:00,0.0
2026-04-26 03:00:00,0.0
2026-04-26 04:00:00,0.0
2026-04-26 05:00:00,0.0
2026-04-26 06:00:00,0.0
2026-04-26 07:00:00,0.0
2026-04-26 08:00:00,0.0
2026-04-26 09:00:00,0.0
2026-04-26 10:00:00,0.0
2026-04-26 11:00:00,0.0
2026-04-26 12:00:00,0.0
2026-04-26 13:00:00,0.0
2026-04-26 14:00:00,0.0
2026-04-26 15:00:00,0.0
2026-04-26 16:00:00,0.0
2026-04-26 17:00:00,0.0
2026-04-26 18:00:00,0.0
2026-04-26 19:00:00,0.001
2026-04-26 20:00:00,0.0
2026-04-26 21:00:00,0.0
2026-04-26 22:00:00,0.0
2026-04-26 23:00:00,0.001
2026-04-27 00:00:00,0.0
2026-04-27 01:00:00,0.0
2026-04-27 02:00:00,0.0
2026-04-27 03:00:00,0.0
2026-04-27 04:00:00,0.0
2026-04-27 05:00:00,0.0
2026-04-27 06:00:00,0.0
2026-04-27 07:00:00,21.978
2026-04-27 08:00:00,105.38400000000001
2026-04-27 09:00:00,182.72499999999997
2026-04-27 10:00:00,154.555
2026-04-27 11:00:00,109.33900000000001
2026-04-27 12:00:00,53.446
2026-04-27 13:00:00,37.581999999999994
2026-04-27 14:00:00,24.841
2026-04-27 15:00:00,21.375
2026-04-27 16:00:00,12.388
2026-04-27 17:00:00,14.995999999999999
2026-04-27 18:00:00,10.541
2026-04-27 19:00:00,0.091
2026-04-27 20:00:00,0.0
2026-04-27 21:00:00,0.0
2026-04-27 22:00:00,0.0
2026-04-27 23:00:00,0.0
2026-04-28 00:00:00,0.001
2026-04-28 01:00:00,0.0
2026-04-28 02:00:00,0.0
2026-04-28 03:00:00,0.0
2026-04-28 04:00:00,0.0
2026-04-28 05:00:00,0.0
2026-04-28 06:00:00,0.0
2026-04-28 07:00:00,21.114
2026-04-28 08:00:00,132.31
2026-04-28 09:00:00,194.14300000000003
2026-04-28 10:00:00,129.296
2026-04-28 11:00:00,88.849
2026-04-28 12:00:00,53.304
2026-04-28 13:00:00,35.492999999999995
2026-04-28 14:00:00,24.117999999999995
2026-04-28 15:00:00,22.391
2026-04-28 16:00:00,19.356
2026-04-28 17:00:00,4.48
2026-04-28 18:00:00,0.797
2026-04-28 19:00:00,0.0
2026-04-28 20:00:00,0.0
2026-04-28 21:00:00,0.0
2026-04-28 22:00:00,0.0
2026-04-28 23:00:00,0.0
2026-04-29 00:00:00,0.0
2026-04-29 01:00:00,0.0
2026-04-29 02:00:00,0.0
2026-04-29 03:00:00,0.0
2026-04-29 04:00:00,0.0
2026-04-29 05:00:00,1.796
2026-04-29 06:00:00,7.684
2026-04-29 07:00:00,27.037000000000003
2026-04-29 08:00:00,84.875
2026-04-29 09:00:00,114.053
2026-04-29 10:00:00,88.02799999999999
2026-04-29 11:00:00,49.08200000000001
2026-04-29 12:00:00,0.385
2026-04-29 13:00:00,3.2139999999999995
2026-04-29 14:00:00,11.105
2026-04-29 15:00:00,11.509
2026-04-29 16:00:00,12.025
2026-04-29 17:00:00,1.3010000000000002
2026-04-29 18:00:00,0.0
2026-04-29 19:00:00,0.0
2026-04-29 20:00:00,0.0
2026-04-29 21:00:00,0.0
2026-04-29 22:00:00,0.0
2026-04-29 23:00:00,0.0
2026-04-30 00:00:00,0.0
2026-04-30 01:00:00,0.0
2026-04-30 02:00:00,0.0
2026-04-30 03:00:00,0.0
2026-04-30 04:00:00,0.0
2026-04-30 05:00:00,1.953
2026-04-30 06:00:00,12.990000000000002
2026-04-30 07:00:00,26.432000000000002
2026-04-30 08:00:00,103.84300000000002
2026-04-30 09:00:00,155.96400000000006
2026-04-30 10:00:00,128.731
2026-04-30 11:00:00,98.05600000000001
2026-04-30 12:00:00,66.162
2026-04-30 13:00:00,29.134000000000004
2026-04-30 14:00:00,27.409999999999997
2026-04-30 15:00:00,0.001
2026-04-30 16:00:00,0.002
2026-04-30 17:00:00,0.436
2026-04-30 18:00:00,0.0
2026-04-30 19:00:00,0.0
2026-04-30 20:00:00,0.0
2026-04-30 21:00:00,0.0
2026-04-30 22:00:00,0.0
2026-04-30 23:00:00,0.0
2026-05-01 00:00:00,0.0
2026-05-01 01:00:00,0.0
2026-05-01 02:00:00,0.0
2026-05-01 03:00:00,0.0
2026-05-01 04:00:00,0.0
2026-05-01 05:00:00,0.0
2026-05-01 06:00:00,0.0
2026-05-01 07:00:00,0.0
2026-05-01 08:00:00,0.0
2026-05-01 09:00:00,0.0
2026-05-01 10:00:00,0.0
2026-05-01 11:00:00,0.0
2026-05-01 12:00:00,0.0
2026-05-01 13:00:00,0.0
2026-05-01 14:00:00,0.0
2026-05-01 15:00:00,0.0
2026-05-01 16:00:00,0.0
2026-05-01 17:00:00,0.0
2026-05-01 18:00:00,0.0
2026-05-01 19:00:00,0.0
2026-05-01 20:00:00,0.0
2026-05-01 21:00:00,0.0
2026-05-01 22:00:00,0.0
2026-05-01 23:00:00,0.0
