datetime,productie_kwh,afname_kwh,injectie_kwh,totaal_verbruik_kwh,verbruik_ev_kwh,verbruik_gebouw_kwh
2025-05-06 00:00:00,0.0,355.0,0.0,355.0,0.0,355.0
2025-05-06 01:00:00,0.0,334.38,0.0,334.38,0.01,334.37
2025-05-06 02:00:00,0.0,364.38,0.0,364.38,0.01,364.37
2025-05-06 03:00:00,0.0,383.75,0.0,383.75,0.01,383.74
2025-05-06 04:00:00,0.0,356.88,0.0,356.88,0.01,356.87
2025-05-06 05:00:00,0.0,365.0,0.0,365.0,0.01,364.99
2025-05-06 06:00:00,1.46,384.51,0.0,385.97,0.01,385.97
2025-05-06 07:00:00,7.96,355.08,0.0,363.05,3.15,359.9
2025-05-06 08:00:00,22.32,431.19,0.0,453.51,55.23,398.28
2025-05-06 09:00:00,33.21,472.79,0.0,506.0,90.53,415.47
2025-05-06 10:00:00,129.82,390.35,0.0,520.17,62.87,457.3
2025-05-06 11:00:00,517.85,0.0,16.89,500.96,42.93,458.04
2025-05-06 12:00:00,340.75,56.73,0.0,397.47,27.11,370.37
2025-05-06 13:00:00,283.82,99.64,0.0,383.46,9.23,374.23
2025-05-06 14:00:00,77.5,308.39,0.0,385.89,4.16,381.73
2025-05-06 15:00:00,226.28,224.11,0.0,450.39,0.01,450.39
2025-05-06 16:00:00,37.42,412.0,0.0,449.42,3.06,446.36
2025-05-06 17:00:00,114.76,296.1,0.0,410.86,11.97,398.89
2025-05-06 18:00:00,172.59,260.82,0.0,433.41,8.85,424.56
2025-05-06 19:00:00,285.08,157.07,0.0,442.15,0.01,442.14
2025-05-06 20:00:00,62.47,323.94,0.0,386.41,0.01,386.41
2025-05-06 21:00:00,1.46,377.39,0.0,378.86,0.01,378.85
2025-05-06 22:00:00,0.0,381.88,0.0,381.88,0.01,381.87
2025-05-06 23:00:00,0.0,387.5,0.0,387.5,0.01,387.49
2025-05-07 00:00:00,0.0,386.88,0.0,386.88,0.01,386.87
2025-05-07 01:00:00,0.0,319.38,0.0,319.38,0.01,319.37
2025-05-07 02:00:00,0.0,355.0,0.0,355.0,0.01,354.99
2025-05-07 03:00:00,0.0,393.75,0.0,393.75,0.0,393.74
2025-05-07 04:00:00,0.0,383.12,0.0,383.12,0.01,383.12
2025-05-07 05:00:00,0.0,410.0,0.0,410.0,0.01,409.99
2025-05-07 06:00:00,4.78,437.23,0.0,442.0,0.01,442.0
2025-05-07 07:00:00,60.45,372.37,0.0,432.82,13.86,418.97
2025-05-07 08:00:00,125.26,404.2,0.0,529.46,69.41,460.05
2025-05-07 09:00:00,161.79,364.52,0.0,526.31,94.59,431.71
2025-05-07 10:00:00,538.54,41.97,0.0,580.51,94.06,486.46
2025-05-07 11:00:00,524.12,37.45,0.0,561.57,81.67,479.89
2025-05-07 12:00:00,752.96,0.0,254.36,498.6,53.48,445.12
2025-05-07 13:00:00,889.88,0.0,391.81,498.08,40.27,457.81
2025-05-07 14:00:00,890.52,0.0,420.25,470.27,22.97,447.3
2025-05-07 15:00:00,886.02,0.0,421.37,464.65,18.84,445.81
2025-05-07 16:00:00,858.39,0.0,414.59,443.79,12.44,431.36
2025-05-07 17:00:00,699.21,0.0,271.0,428.21,0.03,428.18
2025-05-07 18:00:00,494.22,0.0,62.6,431.62,0.01,431.62
2025-05-07 19:00:00,272.33,149.8,0.0,422.13,0.01,422.12
2025-05-07 20:00:00,67.06,342.51,0.0,409.56,0.01,409.56
2025-05-07 21:00:00,2.39,409.96,0.0,412.35,0.01,412.34
2025-05-07 22:00:00,0.0,385.0,0.0,385.0,0.0,385.0
2025-05-07 23:00:00,0.0,343.12,0.0,343.12,0.01,343.12
2025-05-08 00:00:00,0.0,350.0,0.0,350.0,0.01,349.99
2025-05-08 01:00:00,0.0,307.5,0.0,307.5,0.01,307.49
2025-05-08 02:00:00,0.0,321.88,0.0,321.88,0.01,321.87
2025-05-08 03:00:00,0.0,384.38,0.0,384.38,0.01,384.37
2025-05-08 04:00:00,0.0,413.75,0.0,413.75,0.01,413.74
2025-05-08 05:00:00,0.0,463.14,0.0,463.14,0.01,463.13
2025-05-08 06:00:00,2.09,445.36,0.0,447.44,0.0,447.44
2025-05-08 07:00:00,15.04,433.14,0.0,448.18,8.14,440.04
2025-05-08 08:00:00,51.14,482.02,0.0,533.16,72.44,460.72
2025-05-08 09:00:00,182.1,336.7,0.0,518.8,94.51,424.29
2025-05-08 10:00:00,315.88,256.37,0.0,572.26,85.96,486.29
2025-05-08 11:00:00,341.34,192.54,0.0,533.89,60.26,473.63
2025-05-08 12:00:00,506.77,0.0,13.35,493.43,36.76,456.67
2025-05-08 13:00:00,519.13,0.0,48.81,470.32,23.67,446.65
2025-05-08 14:00:00,470.62,0.0,14.38,456.23,11.97,444.26
2025-05-08 15:00:00,528.42,0.0,21.12,507.3,23.58,483.71
2025-05-08 16:00:00,403.18,60.35,0.0,463.53,22.62,440.9
2025-05-08 17:00:00,324.14,56.82,0.0,380.96,2.26,378.7
2025-05-08 18:00:00,209.92,164.67,0.0,374.59,0.0,374.59
2025-05-08 19:00:00,271.43,108.44,0.0,379.87,0.01,379.86
2025-05-08 20:00:00,48.38,320.56,0.0,368.95,0.01,368.94
2025-05-08 21:00:00,2.24,386.38,0.0,388.62,0.01,388.62
2025-05-08 22:00:00,0.0,365.62,0.0,365.62,0.01,365.62
2025-05-08 23:00:00,0.0,360.62,0.0,360.62,0.01,360.62
2025-05-09 00:00:00,0.0,355.0,0.0,355.0,0.01,354.99
2025-05-09 01:00:00,0.0,344.38,0.0,344.38,0.01,344.37
2025-05-09 02:00:00,0.0,358.75,0.0,358.75,0.01,358.74
2025-05-09 03:00:00,0.0,365.0,0.0,365.0,0.01,364.99
2025-05-09 04:00:00,0.0,356.25,0.0,356.25,0.01,356.24
2025-05-09 05:00:00,0.0,380.09,0.0,380.09,0.0,380.08
2025-05-09 06:00:00,12.63,365.86,0.0,378.49,3.8,374.69
2025-05-09 07:00:00,60.93,319.56,0.0,380.49,24.28,356.21
2025-05-09 08:00:00,129.6,315.74,0.0,445.34,87.83,357.51
2025-05-09 09:00:00,198.92,267.91,0.0,466.84,96.19,370.64
2025-05-09 10:00:00,541.1,0.0,37.27,503.83,94.46,409.36
2025-05-09 11:00:00,439.31,23.45,0.0,462.76,74.71,388.04
2025-05-09 12:00:00,760.7,0.0,357.32,403.38,44.58,358.8
2025-05-09 13:00:00,888.94,0.0,510.05,378.89,10.48,368.41
2025-05-09 14:00:00,883.25,0.0,505.21,378.03,7.55,370.48
2025-05-09 15:00:00,831.44,0.0,436.18,395.26,9.23,386.03
2025-05-09 16:00:00,830.92,0.0,502.78,328.15,11.38,316.77
2025-05-09 17:00:00,662.91,0.0,356.21,306.7,5.46,301.24
2025-05-09 18:00:00,468.65,0.0,166.41,302.23,0.01,302.23
2025-05-09 19:00:00,260.65,26.83,0.0,287.48,0.01,287.48
2025-05-09 20:00:00,72.82,91.21,0.0,164.03,0.01,164.02
2025-05-09 21:00:00,2.64,84.54,0.0,87.19,0.01,87.18
2025-05-09 22:00:00,0.0,85.0,0.0,85.0,0.01,84.99
2025-05-09 23:00:00,0.0,85.62,0.0,85.62,0.01,85.62
2025-05-10 00:00:00,0.0,83.12,0.0,83.12,0.01,83.12
2025-05-10 01:00:00,0.0,75.62,0.0,75.62,0.01,75.62
2025-05-10 02:00:00,0.0,73.12,0.0,73.12,0.01,73.12
2025-05-10 03:00:00,0.0,73.12,0.0,73.12,0.01,73.12
2025-05-10 04:00:00,0.0,73.12,0.0,73.12,0.0,73.12
2025-05-10 05:00:00,0.22,72.39,0.0,72.61,0.01,72.61
2025-05-10 06:00:00,26.55,41.05,0.0,67.61,0.01,67.6
2025-05-10 07:00:00,154.5,0.0,85.69,68.81,0.01,68.8
2025-05-10 08:00:00,320.49,0.0,252.16,68.33,0.01,68.32
2025-05-10 09:00:00,533.08,0.0,464.97,68.11,0.01,68.1
2025-05-10 10:00:00,698.02,0.0,631.05,66.97,0.01,66.96
2025-05-10 11:00:00,848.57,0.0,784.58,63.99,0.01,63.99
2025-05-10 12:00:00,879.66,0.0,814.01,65.64,0.01,65.64
2025-05-10 13:00:00,879.74,0.0,811.83,67.91,0.01,67.9
2025-05-10 14:00:00,869.78,0.0,800.23,69.56,0.01,69.55
2025-05-10 15:00:00,878.68,0.0,805.78,72.89,0.01,72.89
2025-05-10 16:00:00,769.02,0.0,694.64,74.38,0.01,74.38
2025-05-10 17:00:00,612.5,0.0,536.51,76.0,0.01,75.99
2025-05-10 18:00:00,429.77,0.0,359.67,70.1,0.01,70.1
2025-05-10 19:00:00,270.23,0.0,200.74,69.49,0.01,69.49
2025-05-10 20:00:00,94.99,0.0,23.41,71.59,0.01,71.58
2025-05-10 21:00:00,5.51,63.03,0.0,68.53,0.01,68.53
2025-05-10 22:00:00,0.0,68.75,0.0,68.75,0.01,68.74
2025-05-10 23:00:00,0.0,67.5,0.0,67.5,0.01,67.49
2025-05-11 00:00:00,0.0,67.5,0.0,67.5,0.01,67.49
2025-05-11 01:00:00,0.0,67.5,0.0,67.5,0.01,67.49
2025-05-11 02:00:00,0.0,68.75,0.0,68.75,0.01,68.74
2025-05-11 03:00:00,0.0,67.5,0.0,67.5,0.01,67.49
2025-05-11 04:00:00,0.0,71.25,0.0,71.25,0.01,71.24
2025-05-11 05:00:00,0.01,74.93,0.0,74.94,0.01,74.94
2025-05-11 06:00:00,26.77,47.23,0.0,74.01,0.01,74.0
2025-05-11 07:00:00,148.37,0.0,82.98,65.39,0.01,65.38
2025-05-11 08:00:00,329.84,0.0,266.64,63.2,0.01,63.2
2025-05-11 09:00:00,548.05,0.0,484.84,63.21,0.01,63.21
2025-05-11 10:00:00,739.07,0.0,675.42,63.65,0.01,63.65
2025-05-11 11:00:00,837.9,0.0,768.22,69.68,0.01,69.68
2025-05-11 12:00:00,785.6,0.0,704.89,80.7,0.01,80.7
2025-05-11 13:00:00,861.29,0.0,776.4,84.89,0.01,84.88
2025-05-11 14:00:00,887.88,0.0,801.58,86.31,0.01,86.3
2025-05-11 15:00:00,807.2,0.0,719.04,88.16,0.01,88.15
2025-05-11 16:00:00,793.76,0.0,707.73,86.03,0.01,86.03
2025-05-11 17:00:00,653.29,0.0,568.86,84.43,0.01,84.42
2025-05-11 18:00:00,454.8,0.0,357.37,97.43,0.01,97.43
2025-05-11 19:00:00,245.97,0.0,85.3,160.67,0.01,160.66
2025-05-11 20:00:00,77.32,63.12,0.0,140.44,0.01,140.43
2025-05-11 21:00:00,3.8,231.82,0.0,235.62,0.01,235.62
2025-05-11 22:00:00,0.0,257.5,0.0,257.5,0.01,257.49
2025-05-11 23:00:00,0.0,264.38,0.0,264.38,0.01,264.37
2025-05-12 00:00:00,0.65,299.35,0.0,300.0,0.01,299.99
2025-05-12 01:00:00,0.0,282.5,0.0,282.5,0.01,282.49
2025-05-12 02:00:00,0.0,300.62,0.0,300.62,0.01,300.62
2025-05-12 03:00:00,5.9,345.97,0.0,351.88,0.01,351.87
2025-05-12 04:00:00,3.34,364.78,0.0,368.12,0.01,368.12
2025-05-12 05:00:00,3.61,361.04,0.0,364.65,0.01,364.64
2025-05-12 06:00:00,38.0,363.6,0.0,401.61,1.21,400.39
2025-05-12 07:00:00,158.13,249.8,0.0,407.93,13.64,394.28
2025-05-12 08:00:00,322.8,129.2,0.0,452.01,58.14,393.87
2025-05-12 09:00:00,420.75,60.65,0.0,481.4,94.43,386.97
2025-05-12 10:00:00,723.49,0.0,171.81,551.68,95.25,456.43
2025-05-12 11:00:00,850.61,0.0,278.45,572.16,66.33,505.83
2025-05-12 12:00:00,807.8,0.0,274.84,532.95,40.41,492.55
2025-05-12 13:00:00,743.19,0.0,240.94,502.25,11.68,490.57
2025-05-12 14:00:00,844.71,0.0,348.71,496.0,10.36,485.63
2025-05-12 15:00:00,767.61,0.0,230.07,537.54,7.75,529.79
2025-05-12 16:00:00,696.1,0.0,241.71,454.39,0.0,454.38
2025-05-12 17:00:00,542.77,0.0,106.17,436.6,0.01,436.59
2025-05-12 18:00:00,506.7,0.0,69.65,437.05,0.01,437.05
2025-05-12 19:00:00,311.3,128.34,0.0,439.64,0.01,439.63
2025-05-12 20:00:00,87.46,290.47,0.0,377.93,0.01,377.92
2025-05-12 21:00:00,5.33,385.73,0.0,391.06,0.01,391.05
2025-05-12 22:00:00,0.0,451.88,0.0,451.88,0.01,451.87
2025-05-12 23:00:00,0.0,394.38,0.0,394.38,0.01,394.37
2025-05-13 00:00:00,0.0,356.88,0.0,356.88,0.01,356.87
2025-05-13 01:00:00,0.0,317.5,0.0,317.5,0.01,317.49
2025-05-13 02:00:00,0.0,338.12,0.0,338.12,0.01,338.12
2025-05-13 03:00:00,0.0,314.38,0.0,314.38,0.01,314.37
2025-05-13 04:00:00,0.0,323.75,0.0,323.75,0.01,323.74
2025-05-13 05:00:00,0.06,365.29,0.0,365.36,0.01,365.35
2025-05-13 06:00:00,19.03,369.03,0.0,388.07,0.01,388.06
2025-05-13 07:00:00,114.69,321.47,0.0,436.16,7.04,429.12
2025-05-13 08:00:00,291.24,232.26,0.0,523.5,61.94,461.56
2025-05-13 09:00:00,406.6,89.72,0.0,496.32,96.97,399.35
2025-05-13 10:00:00,622.48,0.0,71.98,550.5,95.04,455.46
2025-05-13 11:00:00,768.08,0.0,216.87,551.21,70.5,480.71
2025-05-13 12:00:00,575.22,0.0,93.93,481.28,39.41,441.88
2025-05-13 13:00:00,163.06,306.61,0.0,469.66,24.52,445.14
2025-05-13 14:00:00,522.96,0.0,78.1,444.86,14.95,429.91
2025-05-13 15:00:00,680.01,0.0,239.85,440.16,4.52,435.64
2025-05-13 16:00:00,676.46,0.0,286.65,389.81,3.65,386.17
2025-05-13 17:00:00,672.91,0.0,263.87,409.04,5.68,403.36
2025-05-13 18:00:00,669.36,0.0,288.45,380.92,1.47,379.45
2025-05-13 19:00:00,665.81,0.0,300.67,365.15,0.01,365.14
2025-05-13 20:00:00,662.27,0.0,301.72,360.54,0.01,360.53
2025-05-13 21:00:00,658.72,0.0,354.89,303.82,0.01,303.82
2025-05-13 22:00:00,655.17,0.0,319.54,335.62,0.01,335.62
2025-05-13 23:00:00,651.62,0.0,334.12,317.5,0.01,317.49
2025-05-14 00:00:00,648.07,0.0,350.57,297.5,0.01,297.49
2025-05-14 01:00:00,644.52,0.0,372.64,271.88,0.01,271.87
2025-05-14 02:00:00,640.97,0.0,325.97,315.0,0.01,314.99
2025-05-14 03:00:00,637.42,0.0,315.55,321.88,0.0,321.87
2025-05-14 04:00:00,633.87,0.0,335.75,298.12,0.01,298.12
2025-05-14 05:00:00,630.32,0.0,313.92,316.4,0.01,316.4
2025-05-14 06:00:00,626.77,0.0,290.64,336.14,0.01,336.13
2025-05-14 07:00:00,623.23,0.0,239.03,384.19,16.72,367.48
2025-05-14 08:00:00,619.68,0.0,137.9,481.78,58.64,423.14
2025-05-14 09:00:00,616.13,0.0,132.79,483.34,93.79,389.55
2025-05-14 10:00:00,612.58,0.0,197.81,414.77,80.77,334.0
2025-05-14 11:00:00,609.03,0.0,240.24,368.79,39.62,329.17
2025-05-14 12:00:00,605.48,0.0,212.9,392.58,32.94,359.65
2025-05-14 13:00:00,601.93,0.0,196.75,405.18,25.42,379.75
2025-05-14 14:00:00,598.38,0.0,168.89,429.49,10.03,419.46
2025-05-14 15:00:00,594.83,0.0,210.32,384.51,0.01,384.5
2025-05-14 16:00:00,591.28,0.0,237.31,353.98,0.01,353.97
2025-05-14 17:00:00,587.73,0.0,292.04,295.69,0.61,295.08
2025-05-14 18:00:00,584.18,0.0,289.64,294.54,0.01,294.54
2025-05-14 19:00:00,580.64,0.0,287.65,292.99,0.01,292.98
2025-05-14 20:00:00,577.09,0.0,297.53,279.56,0.01,279.55
2025-05-14 21:00:00,573.54,0.0,285.11,288.43,0.0,288.42
2025-05-14 22:00:00,569.99,0.0,236.86,333.12,0.01,333.12
2025-05-14 23:00:00,566.44,0.0,253.31,313.12,0.01,313.12
2025-05-15 00:00:00,562.89,0.0,221.64,341.25,0.01,341.24
2025-05-15 01:00:00,559.34,0.0,252.47,306.88,0.01,306.87
2025-05-15 02:00:00,555.79,0.0,247.04,308.75,0.0,308.74
2025-05-15 03:00:00,552.24,0.0,150.37,401.88,0.01,401.87
2025-05-15 04:00:00,548.69,0.0,201.82,346.88,0.01,346.87
2025-05-15 05:00:00,545.14,0.0,211.35,333.8,0.01,333.79
2025-05-15 06:00:00,541.59,0.0,205.98,335.62,0.01,335.61
2025-05-15 07:00:00,538.05,0.0,183.65,354.39,10.22,344.17
2025-05-15 08:00:00,534.5,0.0,138.56,395.94,57.07,338.87
2025-05-15 09:00:00,530.95,0.0,94.92,436.03,63.31,372.72
2025-05-15 10:00:00,527.4,0.0,36.13,491.27,40.25,451.02
2025-05-15 11:00:00,523.85,0.0,73.13,450.72,21.71,429.01
2025-05-15 12:00:00,520.3,0.0,100.65,419.65,6.4,413.26
2025-05-15 13:00:00,516.75,0.0,110.38,406.37,0.01,406.36
2025-05-15 14:00:00,513.2,0.0,118.52,394.68,0.09,394.59
2025-05-15 15:00:00,509.65,0.0,126.44,383.22,2.19,381.02
2025-05-15 16:00:00,506.1,0.0,142.77,363.34,0.58,362.76
2025-05-15 17:00:00,502.55,0.0,184.24,318.32,0.01,318.31
2025-05-15 18:00:00,499.01,0.0,232.29,266.72,0.01,266.71
2025-05-15 19:00:00,495.46,0.0,156.27,339.18,0.01,339.18
2025-05-15 20:00:00,491.91,0.0,156.71,335.2,0.01,335.2
2025-05-15 21:00:00,488.36,0.0,135.39,352.97,0.01,352.96
2025-05-15 22:00:00,484.81,0.0,135.43,349.38,0.01,349.37
2025-05-15 23:00:00,481.26,0.0,142.51,338.75,0.01,338.74
2025-05-16 00:00:00,477.71,0.0,165.84,311.88,0.0,311.87
2025-05-16 01:00:00,474.16,0.0,144.79,329.38,0.01,329.37
2025-05-16 02:00:00,470.61,0.0,156.24,314.38,0.01,314.37
2025-05-16 03:00:00,467.06,0.0,139.56,327.5,0.01,327.49
2025-05-16 04:00:00,463.51,0.0,146.64,316.88,0.01,316.87
2025-05-16 05:00:00,459.96,0.0,149.42,310.54,0.01,310.54
2025-05-16 06:00:00,456.42,0.0,149.44,306.97,0.01,306.97
2025-05-16 07:00:00,452.87,0.0,89.53,363.34,8.62,354.72
2025-05-16 08:00:00,449.32,0.0,6.1,443.22,50.07,393.15
2025-05-16 09:00:00,445.77,21.93,0.0,467.7,96.6,371.1
2025-05-16 10:00:00,442.22,0.0,25.75,416.47,52.0,364.47
2025-05-16 11:00:00,438.67,0.0,75.18,363.49,34.72,328.77
2025-05-16 12:00:00,435.12,0.0,55.44,379.68,21.35,358.34
2025-05-16 13:00:00,431.57,0.0,32.3,399.27,11.62,387.65
2025-05-16 14:00:00,428.02,29.68,0.0,457.71,9.18,448.53
2025-05-16 15:00:00,424.47,35.57,0.0,460.04,13.72,446.33
2025-05-16 16:00:00,420.92,0.0,30.27,390.65,8.31,382.34
2025-05-16 17:00:00,417.38,0.0,84.57,332.81,0.27,332.53
2025-05-16 18:00:00,413.83,0.0,56.07,357.75,0.01,357.75
2025-05-16 19:00:00,304.07,46.53,0.0,350.6,0.01,350.59
2025-05-16 20:00:00,100.22,232.3,0.0,332.51,0.01,332.51
2025-05-16 21:00:00,7.39,266.68,0.0,274.07,0.01,274.07
2025-05-16 22:00:00,0.0,245.0,0.0,245.0,0.01,244.99
2025-05-16 23:00:00,0.0,263.12,0.0,263.12,0.01,263.12
2025-05-17 00:00:00,0.0,235.62,0.0,235.62,0.01,235.62
2025-05-17 01:00:00,0.0,249.38,0.0,249.38,0.01,249.37
2025-05-17 02:00:00,0.0,269.38,0.0,269.38,0.01,269.37
2025-05-17 03:00:00,0.0,295.0,0.0,295.0,0.01,294.99
2025-05-17 04:00:00,0.0,210.0,0.0,210.0,0.01,209.99
2025-05-17 05:00:00,0.16,86.36,0.0,86.52,0.01,86.51
2025-05-17 06:00:00,31.51,41.13,0.0,72.64,0.01,72.63
2025-05-17 07:00:00,123.68,0.0,54.33,69.35,0.01,69.35
2025-05-17 08:00:00,174.14,0.0,104.66,69.49,0.01,69.48
2025-05-17 09:00:00,289.38,0.0,219.4,69.99,0.01,69.98
2025-05-17 10:00:00,630.5,0.0,562.24,68.26,0.01,68.26
2025-05-17 11:00:00,750.35,0.0,681.2,69.15,0.01,69.14
2025-05-17 12:00:00,882.98,0.0,814.82,68.16,0.01,68.16
2025-05-17 13:00:00,863.65,0.0,795.86,67.79,0.01,67.78
2025-05-17 14:00:00,782.03,0.0,714.26,67.77,0.01,67.76
2025-05-17 15:00:00,847.56,0.0,779.68,67.88,0.01,67.87
2025-05-17 16:00:00,502.68,0.0,434.75,67.93,0.01,67.92
2025-05-17 17:00:00,219.81,0.0,199.92,19.89,0.01,19.89
2025-05-17 18:00:00,106.89,0.0,38.08,68.81,0.01,68.8
2025-05-17 19:00:00,44.33,24.44,0.0,68.77,0.01,68.76
2025-05-17 20:00:00,26.23,45.33,0.0,71.56,0.01,71.56
2025-05-17 21:00:00,1.02,77.44,0.0,78.46,0.01,78.45
2025-05-17 22:00:00,0.0,80.62,0.0,80.62,0.01,80.62
2025-05-17 23:00:00,0.0,80.0,0.0,80.0,0.01,79.99
2025-05-18 00:00:00,0.0,76.88,0.0,76.88,0.01,76.87
2025-05-18 01:00:00,0.0,72.5,0.0,72.5,0.01,72.49
2025-05-18 02:00:00,0.0,71.88,0.0,71.88,0.01,71.87
2025-05-18 03:00:00,0.0,72.5,0.0,72.5,0.01,72.49
2025-05-18 04:00:00,0.0,72.5,0.0,72.5,0.01,72.49
2025-05-18 05:00:00,0.0,71.88,0.0,71.88,0.01,71.87
2025-05-18 06:00:00,8.17,63.28,0.0,71.44,0.01,71.44
2025-05-18 07:00:00,39.47,29.36,0.0,68.83,0.01,68.82
2025-05-18 08:00:00,74.14,0.0,5.77,68.38,0.01,68.37
2025-05-18 09:00:00,95.5,0.0,22.87,72.63,0.01,72.62
2025-05-18 10:00:00,107.66,0.0,31.64,76.02,0.01,76.02
2025-05-18 11:00:00,235.44,0.0,158.86,76.59,0.01,76.58
2025-05-18 12:00:00,454.8,0.0,382.19,72.61,0.01,72.6
2025-05-18 13:00:00,568.29,0.0,500.12,68.17,0.01,68.17
2025-05-18 14:00:00,311.61,0.0,243.4,68.21,0.01,68.21
2025-05-18 15:00:00,131.78,0.0,64.48,67.3,0.01,67.29
2025-05-18 16:00:00,236.45,0.0,168.17,68.29,0.01,68.28
2025-05-18 17:00:00,227.03,0.0,159.13,67.9,0.01,67.9
2025-05-18 18:00:00,257.96,0.0,189.49,68.47,0.01,68.46
2025-05-18 19:00:00,186.0,0.0,51.89,134.11,0.01,134.1
2025-05-18 20:00:00,71.11,77.13,0.0,148.24,0.01,148.23
2025-05-18 21:00:00,7.98,189.13,0.0,197.11,0.01,197.11
2025-05-18 22:00:00,0.0,245.62,0.0,245.62,0.01,245.62
2025-05-18 23:00:00,0.0,288.12,0.0,288.12,0.01,288.12
2025-05-19 00:00:00,0.0,293.75,0.0,293.75,0.01,293.74
2025-05-19 01:00:00,0.0,279.38,0.0,279.38,0.01,279.37
2025-05-19 02:00:00,0.0,343.75,0.0,343.75,0.01,343.74
2025-05-19 03:00:00,0.0,403.75,0.0,403.75,0.01,403.74
2025-05-19 04:00:00,0.0,387.5,0.0,387.5,0.01,387.49
2025-05-19 05:00:00,0.0,419.0,0.0,419.0,0.0,419.0
2025-05-19 06:00:00,7.31,437.13,0.0,444.44,0.01,444.43
2025-05-19 07:00:00,30.79,460.06,0.0,490.85,0.01,490.85
2025-05-19 08:00:00,115.1,475.01,0.0,590.11,63.64,526.47
2025-05-19 09:00:00,233.46,392.6,0.0,626.06,88.35,537.71
2025-05-19 10:00:00,285.36,361.23,0.0,646.59,78.89,567.7
2025-05-19 11:00:00,596.53,63.38,0.0,659.91,77.67,582.24
2025-05-19 12:00:00,769.44,0.0,189.01,580.43,22.77,557.66
2025-05-19 13:00:00,886.7,0.0,320.9,565.81,21.49,544.31
2025-05-19 14:00:00,878.9,0.0,364.53,514.37,13.18,501.2
2025-05-19 15:00:00,870.18,0.0,346.37,523.81,9.27,514.54
2025-05-19 16:00:00,840.49,0.0,334.15,506.35,11.39,494.95
2025-05-19 17:00:00,690.53,0.0,226.3,464.23,3.22,461.01
2025-05-19 18:00:00,495.91,0.0,69.64,426.28,0.01,426.26
2025-05-19 19:00:00,287.48,127.97,0.0,415.45,0.01,415.44
2025-05-19 20:00:00,101.65,280.34,0.0,381.99,0.01,381.98
2025-05-19 21:00:00,9.47,397.18,0.0,406.65,0.01,406.64
2025-05-19 22:00:00,0.0,398.75,0.0,398.75,0.01,398.74
2025-05-19 23:00:00,0.0,362.5,0.0,362.5,0.01,362.49
2025-05-20 00:00:00,0.0,381.88,0.0,381.88,0.01,381.87
2025-05-20 01:00:00,0.0,343.75,0.0,343.75,0.01,343.74
2025-05-20 02:00:00,0.0,391.25,0.0,391.25,0.01,391.24
2025-05-20 03:00:00,0.0,396.25,0.0,396.25,0.01,396.24
2025-05-20 04:00:00,0.0,384.38,0.0,384.38,0.01,384.37
2025-05-20 05:00:00,0.39,365.72,0.0,366.11,0.01,366.11
2025-05-20 06:00:00,9.76,325.77,0.0,335.53,0.01,335.52
2025-05-20 07:00:00,32.53,325.06,0.0,357.59,8.73,348.86
2025-05-20 08:00:00,152.63,295.31,0.0,447.94,76.97,370.97
2025-05-20 09:00:00,184.16,352.22,0.0,536.38,135.08,401.3
2025-05-20 10:00:00,194.17,381.49,0.0,575.66,124.27,451.39
2025-05-20 11:00:00,463.54,107.63,0.0,571.17,101.1,470.07
2025-05-20 12:00:00,668.34,0.0,136.21,532.12,75.21,456.91
2025-05-20 13:00:00,695.92,0.0,214.76,481.17,66.47,414.7
2025-05-20 14:00:00,752.83,0.0,253.7,499.14,21.42,477.72
2025-05-20 15:00:00,663.17,0.0,172.35,490.82,2.4,488.42
2025-05-20 16:00:00,479.56,0.99,0.0,480.54,0.69,479.86
2025-05-20 17:00:00,340.28,119.28,0.0,459.56,0.74,458.82
2025-05-20 18:00:00,202.87,258.27,0.0,461.14,0.01,461.13
2025-05-20 19:00:00,37.49,398.24,0.0,435.73,0.01,435.72
2025-05-20 20:00:00,15.32,389.84,0.0,405.16,0.01,405.15
2025-05-20 21:00:00,0.58,383.64,0.0,384.22,0.01,384.22
2025-05-20 22:00:00,0.0,403.12,0.0,403.12,0.01,403.12
2025-05-20 23:00:00,0.0,406.88,0.0,406.88,0.01,406.87
2025-05-21 00:00:00,0.0,403.75,0.0,403.75,0.01,403.74
2025-05-21 01:00:00,0.0,352.5,0.0,352.5,0.01,352.49
2025-05-21 02:00:00,0.0,416.88,0.0,416.88,0.01,416.87
2025-05-21 03:00:00,0.0,398.12,0.0,398.12,0.01,398.12
2025-05-21 04:00:00,0.0,408.12,0.0,408.12,0.0,408.12
2025-05-21 05:00:00,0.51,427.92,0.0,428.43,0.01,428.42
2025-05-21 06:00:00,21.76,466.12,0.0,487.88,0.01,487.87
2025-05-21 07:00:00,62.94,462.38,0.0,525.32,8.32,517.0
2025-05-21 08:00:00,55.97,530.25,0.0,586.22,48.62,537.59
2025-05-21 09:00:00,105.56,492.61,0.0,598.17,74.85,523.32
2025-05-21 10:00:00,112.46,472.8,0.0,585.27,85.96,499.31
2025-05-21 11:00:00,167.3,437.08,0.0,604.38,70.7,533.68
2025-05-21 12:00:00,267.52,207.05,0.0,474.57,33.46,441.11
2025-05-21 13:00:00,187.45,264.07,0.0,451.52,22.83,428.69
2025-05-21 14:00:00,179.08,298.18,0.0,477.26,5.5,471.76
2025-05-21 15:00:00,199.88,268.47,0.0,468.35,0.01,468.34
2025-05-21 16:00:00,195.77,285.29,0.0,481.06,0.01,481.05
2025-05-21 17:00:00,139.45,303.09,0.0,442.53,0.43,442.11
2025-05-21 18:00:00,140.63,299.81,0.0,440.44,0.01,440.43
2025-05-21 19:00:00,81.75,332.44,0.0,414.19,0.01,414.18
2025-05-21 20:00:00,8.15,417.63,0.0,425.78,0.01,425.77
2025-05-21 21:00:00,0.33,432.82,0.0,433.15,0.01,433.14
2025-05-21 22:00:00,0.0,443.12,0.0,443.12,0.01,443.12
2025-05-21 23:00:00,0.0,437.5,0.0,437.5,0.01,437.49
2025-05-22 00:00:00,0.0,461.25,0.0,461.25,0.01,461.24
2025-05-22 01:00:00,0.0,413.75,0.0,413.75,0.0,413.74
2025-05-22 02:00:00,0.0,436.25,0.0,436.25,0.01,436.24
2025-05-22 03:00:00,0.0,427.5,0.0,427.5,0.01,427.49
2025-05-22 04:00:00,0.0,418.12,0.0,418.12,0.01,418.12
2025-05-22 05:00:00,0.0,432.37,0.0,432.37,0.01,432.37
2025-05-22 06:00:00,11.34,450.89,0.0,462.23,0.01,462.23
2025-05-22 07:00:00,60.62,377.81,0.0,438.44,7.74,430.7
2025-05-22 08:00:00,154.75,321.16,0.0,475.91,23.54,452.37
2025-05-22 09:00:00,221.72,268.85,0.0,490.57,57.05,433.52
2025-05-22 10:00:00,220.15,217.16,0.0,437.31,50.19,387.12
2025-05-22 11:00:00,420.88,0.0,9.94,410.94,14.81,396.12
2025-05-22 12:00:00,375.52,25.71,0.0,401.23,0.04,401.2
2025-05-22 13:00:00,489.74,0.0,83.01,406.73,0.62,406.12
2025-05-22 14:00:00,368.11,61.28,0.0,429.38,2.43,426.95
2025-05-22 15:00:00,212.74,199.79,0.0,412.52,4.12,408.41
2025-05-22 16:00:00,485.49,0.0,99.74,385.75,11.15,374.6
2025-05-22 17:00:00,548.97,0.0,179.42,369.55,8.75,360.8
2025-05-22 18:00:00,349.19,0.0,39.42,309.77,0.01,309.76
2025-05-22 19:00:00,243.38,92.54,0.0,335.92,0.01,335.92
2025-05-22 20:00:00,111.89,231.26,0.0,343.15,0.01,343.14
2025-05-22 21:00:00,9.79,334.41,0.0,344.2,0.01,344.2
2025-05-22 22:00:00,0.0,368.12,0.0,368.12,0.01,368.12
2025-05-22 23:00:00,0.0,365.0,0.0,365.0,0.01,364.99
2025-05-23 00:00:00,0.0,344.38,0.0,344.38,0.01,344.37
2025-05-23 01:00:00,0.0,364.38,0.0,364.38,0.01,364.37
2025-05-23 02:00:00,0.0,386.88,0.0,386.88,0.01,386.87
2025-05-23 03:00:00,0.0,402.5,0.0,402.5,0.01,402.49
2025-05-23 04:00:00,0.0,385.62,0.0,385.62,0.01,385.62
2025-05-23 05:00:00,1.53,384.55,0.0,386.08,0.01,386.07
2025-05-23 06:00:00,44.31,366.39,0.0,410.7,6.25,404.44
2025-05-23 07:00:00,177.36,290.46,0.0,467.82,42.88,424.94
2025-05-23 08:00:00,356.67,215.66,0.0,572.33,94.49,477.84
2025-05-23 09:00:00,482.77,92.46,0.0,575.22,113.6,461.63
2025-05-23 10:00:00,427.96,170.86,0.0,598.82,104.27,494.55
2025-05-23 11:00:00,668.28,0.0,131.35,536.93,80.33,456.6
2025-05-23 12:00:00,769.5,0.0,309.21,460.29,60.15,400.14
2025-05-23 13:00:00,704.38,0.0,311.21,393.18,30.01,363.16
2025-05-23 14:00:00,514.63,0.0,137.78,376.85,18.06,358.8
2025-05-23 15:00:00,387.35,0.0,24.0,363.35,12.64,350.71
2025-05-23 16:00:00,652.39,0.0,306.38,346.01,2.01,344.0
2025-05-23 17:00:00,667.56,0.0,336.52,331.04,0.74,330.3
2025-05-23 18:00:00,508.59,0.0,156.57,352.03,0.14,351.89
2025-05-23 19:00:00,301.84,40.8,0.0,342.65,0.01,342.64
2025-05-23 20:00:00,113.41,233.4,0.0,346.81,0.01,346.81
2025-05-23 21:00:00,14.12,319.22,0.0,333.34,0.01,333.33
2025-05-23 22:00:00,0.0,350.62,0.0,350.62,0.01,350.62
2025-05-23 23:00:00,0.0,360.0,0.0,360.0,0.01,359.99
2025-05-24 00:00:00,0.0,330.62,0.0,330.62,0.01,330.62
2025-05-24 01:00:00,0.0,311.88,0.0,311.88,0.01,311.87
2025-05-24 02:00:00,0.0,323.75,0.0,323.75,0.01,323.74
2025-05-24 03:00:00,0.0,295.62,0.0,295.62,0.0,295.62
2025-05-24 04:00:00,0.0,180.0,0.0,180.0,0.01,179.99
2025-05-24 05:00:00,1.28,75.94,0.0,77.22,0.01,77.21
2025-05-24 06:00:00,26.67,42.95,0.0,69.62,0.01,69.61
2025-05-24 07:00:00,100.4,0.0,30.88,69.51,0.01,69.51
2025-05-24 08:00:00,205.91,0.0,136.59,69.32,0.0,69.31
2025-05-24 09:00:00,343.2,0.0,279.32,63.88,0.01,63.88
2025-05-24 10:00:00,712.52,0.0,634.81,77.71,0.01,77.71
2025-05-24 11:00:00,841.25,0.0,761.53,79.72,0.01,79.71
2025-05-24 12:00:00,848.43,0.0,770.71,77.72,0.01,77.72
2025-05-24 13:00:00,839.17,0.0,764.4,74.77,0.01,74.76
2025-05-24 14:00:00,840.43,0.0,811.0,29.44,0.01,29.43
2025-05-24 15:00:00,665.46,0.0,616.55,48.91,0.01,48.91
2025-05-24 16:00:00,728.11,0.0,630.93,97.18,0.01,97.17
2025-05-24 17:00:00,518.42,0.0,449.0,69.42,0.01,69.42
2025-05-24 18:00:00,432.84,0.0,359.16,73.67,0.01,73.67
2025-05-24 19:00:00,219.18,0.0,151.01,68.16,0.01,68.15
2025-05-24 20:00:00,70.0,0.0,1.56,68.44,0.01,68.43
2025-05-24 21:00:00,13.31,55.24,0.0,68.55,0.01,68.54
2025-05-24 22:00:00,0.0,73.75,0.0,73.75,0.01,73.74
2025-05-24 23:00:00,0.0,80.62,0.0,80.62,0.01,80.62
2025-05-25 00:00:00,0.0,80.62,0.0,80.62,0.01,80.62
2025-05-25 01:00:00,0.0,81.25,0.0,81.25,0.0,81.24
2025-05-25 02:00:00,0.0,73.12,0.0,73.12,0.01,73.12
2025-05-25 03:00:00,0.0,73.12,0.0,73.12,0.01,73.12
2025-05-25 04:00:00,0.0,72.5,0.0,72.5,0.01,72.49
2025-05-25 05:00:00,0.0,72.53,0.0,72.53,0.0,72.53
2025-05-25 06:00:00,7.69,63.25,0.0,70.94,0.01,70.94
2025-05-25 07:00:00,17.9,50.85,0.0,68.75,0.01,68.74
2025-05-25 08:00:00,32.94,29.29,0.0,62.23,0.01,62.22
2025-05-25 09:00:00,52.66,16.98,0.0,69.64,0.01,69.64
2025-05-25 10:00:00,141.94,0.0,64.49,77.45,0.01,77.45
2025-05-25 11:00:00,334.89,0.0,252.44,82.46,0.01,82.45
2025-05-25 12:00:00,524.87,0.0,434.91,89.96,0.01,89.96
2025-05-25 13:00:00,566.19,0.0,496.88,69.31,0.01,69.3
2025-05-25 14:00:00,849.94,0.0,768.57,81.37,0.01,81.37
2025-05-25 15:00:00,788.4,0.0,714.05,74.35,0.01,74.34
2025-05-25 16:00:00,781.13,0.0,675.9,105.22,0.01,105.22
2025-05-25 17:00:00,775.38,0.0,703.26,72.12,0.01,72.12
2025-05-25 18:00:00,509.23,0.0,437.43,71.79,0.01,71.79
2025-05-25 19:00:00,301.19,0.0,167.14,134.05,0.01,134.04
2025-05-25 20:00:00,119.71,13.08,0.0,132.79,0.01,132.78
2025-05-25 21:00:00,15.92,207.08,0.0,223.0,0.01,223.0
2025-05-25 22:00:00,0.0,241.25,0.0,241.25,0.01,241.24
2025-05-25 23:00:00,0.0,229.38,0.0,229.38,0.01,229.37
2025-05-26 00:00:00,0.0,278.75,0.0,278.75,0.01,278.74
2025-05-26 01:00:00,0.0,280.0,0.0,280.0,0.0,280.0
2025-05-26 02:00:00,0.0,310.62,0.0,310.62,0.01,310.62
2025-05-26 03:00:00,0.0,301.25,0.0,301.25,0.01,301.24
2025-05-26 04:00:00,0.0,287.5,0.0,287.5,0.01,287.49
2025-05-26 05:00:00,0.19,336.19,0.0,336.38,0.0,336.37
2025-05-26 06:00:00,6.55,326.26,0.0,332.8,1.55,331.25
2025-05-26 07:00:00,36.95,349.27,0.0,386.21,25.95,360.26
2025-05-26 08:00:00,87.02,391.72,0.0,478.74,91.03,387.7
2025-05-26 09:00:00,144.54,325.66,0.0,470.21,125.69,344.51
2025-05-26 10:00:00,99.42,444.83,0.0,544.26,126.48,417.77
2025-05-26 11:00:00,398.44,95.55,0.0,493.99,85.05,408.94
2025-05-26 12:00:00,667.03,0.0,143.62,523.41,52.34,471.07
2025-05-26 13:00:00,696.0,0.0,211.54,484.46,12.17,472.29
2025-05-26 14:00:00,467.3,45.76,0.0,513.07,4.2,508.87
2025-05-26 15:00:00,538.83,0.0,69.67,469.16,3.66,465.5
2025-05-26 16:00:00,738.34,0.0,283.18,455.16,0.96,454.2
2025-05-26 17:00:00,716.27,0.0,280.6,435.67,0.5,435.17
2025-05-26 18:00:00,518.04,0.0,114.21,403.83,0.01,403.82
2025-05-26 19:00:00,309.35,100.01,0.0,409.37,0.01,409.36
2025-05-26 20:00:00,118.56,285.75,0.0,404.3,0.01,404.3
2025-05-26 21:00:00,15.76,387.07,0.0,402.83,0.01,402.82
2025-05-26 22:00:00,0.0,388.12,0.0,388.12,0.01,388.12
2025-05-26 23:00:00,0.0,388.75,0.0,388.75,0.0,388.74
2025-05-27 00:00:00,0.0,388.75,0.0,388.75,0.01,388.74
2025-05-27 01:00:00,0.0,386.25,0.0,386.25,0.01,386.24
2025-05-27 02:00:00,0.0,438.12,0.0,438.12,0.01,438.12
2025-05-27 03:00:00,0.0,431.25,0.0,431.25,0.01,431.24
2025-05-27 04:00:00,0.0,419.38,0.0,419.38,0.01,419.37
2025-05-27 05:00:00,1.42,407.23,0.0,408.65,0.01,408.65
2025-05-27 06:00:00,37.93,394.28,0.0,432.21,0.01,432.21
2025-05-27 07:00:00,190.71,272.3,0.0,463.01,11.6,451.41
2025-05-27 08:00:00,359.43,167.26,0.0,526.69,33.4,493.29
2025-05-27 09:00:00,558.26,0.0,63.52,494.74,34.82,459.92
2025-05-27 10:00:00,645.83,0.0,128.28,517.54,60.95,456.59
2025-05-27 11:00:00,575.7,0.0,44.87,530.83,36.97,493.86
2025-05-27 12:00:00,633.1,0.0,157.84,475.26,43.28,431.98
2025-05-27 13:00:00,367.93,138.38,0.0,506.32,36.09,470.23
2025-05-27 14:00:00,477.95,42.44,0.0,520.38,23.58,496.81
2025-05-27 15:00:00,348.4,193.47,0.0,541.87,4.28,537.59
2025-05-27 16:00:00,405.99,127.86,0.0,533.85,0.01,533.85
2025-05-27 17:00:00,310.83,180.61,0.0,491.44,0.01,491.44
2025-05-27 18:00:00,260.76,236.48,0.0,497.23,0.01,497.23
2025-05-27 19:00:00,219.78,282.47,0.0,502.24,0.01,502.24
2025-05-27 20:00:00,114.36,345.92,0.0,460.28,0.01,460.28
2025-05-27 21:00:00,23.08,427.78,0.0,450.86,0.01,450.85
2025-05-27 22:00:00,0.0,471.88,0.0,471.88,0.01,471.87
2025-05-27 23:00:00,0.0,462.5,0.0,462.5,0.01,462.49
2025-05-28 00:00:00,0.0,468.12,0.0,468.12,0.01,468.12
2025-05-28 01:00:00,0.0,440.0,0.0,440.0,0.01,439.99
2025-05-28 02:00:00,0.0,463.75,0.0,463.75,0.01,463.74
2025-05-28 03:00:00,0.0,457.5,0.0,457.5,0.01,457.49
2025-05-28 04:00:00,0.0,401.88,0.0,401.88,0.01,401.87
2025-05-28 05:00:00,2.23,401.7,0.0,403.93,0.01,403.92
2025-05-28 06:00:00,55.81,381.32,0.0,437.13,0.01,437.12
2025-05-28 07:00:00,188.88,301.25,0.0,490.13,5.1,485.03
2025-05-28 08:00:00,348.31,216.74,0.0,565.05,63.1,501.95
2025-05-28 09:00:00,476.66,49.09,0.0,525.75,91.32,434.42
2025-05-28 10:00:00,770.19,0.0,273.59,496.6,65.51,431.09
2025-05-28 11:00:00,659.28,0.0,131.99,527.29,57.3,469.99
2025-05-28 12:00:00,239.13,254.12,0.0,493.25,47.49,445.76
2025-05-28 13:00:00,245.3,309.3,0.0,554.6,39.47,515.13
2025-05-28 14:00:00,242.33,300.47,0.0,542.8,15.04,527.76
2025-05-28 15:00:00,194.24,380.79,0.0,575.03,11.39,563.64
2025-05-28 16:00:00,92.91,404.32,0.0,497.23,9.23,488.0
2025-05-28 17:00:00,79.01,395.23,0.0,474.24,1.78,472.46
2025-05-28 18:00:00,194.55,321.26,0.0,515.81,0.01,515.81
2025-05-28 19:00:00,95.73,350.51,0.0,446.24,0.01,446.24
2025-05-28 20:00:00,72.46,168.28,0.0,240.75,0.01,240.74
2025-05-28 21:00:00,3.37,63.96,0.0,67.33,0.01,67.32
2025-05-28 22:00:00,0.0,72.5,0.0,72.5,0.01,72.49
2025-05-28 23:00:00,0.0,71.25,0.0,71.25,0.01,71.24
2025-05-29 00:00:00,0.0,66.25,0.0,66.25,0.01,66.24
2025-05-29 01:00:00,0.0,59.38,0.0,59.38,0.01,59.37
2025-05-29 02:00:00,0.0,60.0,0.0,60.0,0.01,59.99
2025-05-29 03:00:00,0.0,85.0,0.0,85.0,0.01,84.99
2025-05-29 04:00:00,0.0,86.88,0.0,86.88,0.01,86.87
2025-05-29 05:00:00,0.0,85.47,0.0,85.47,0.01,85.46
2025-05-29 06:00:00,15.47,70.54,0.0,86.01,0.01,86.01
2025-05-29 07:00:00,103.95,0.0,18.41,85.54,0.01,85.53
2025-05-29 08:00:00,240.56,0.0,155.63,84.93,0.01,84.92
2025-05-29 09:00:00,209.93,0.0,122.6,87.33,0.01,87.33
2025-05-29 10:00:00,403.41,0.0,317.07,86.34,0.01,86.34
2025-05-29 11:00:00,710.0,0.0,615.73,94.28,0.01,94.27
2025-05-29 12:00:00,629.07,0.0,533.6,95.47,0.01,95.46
2025-05-29 13:00:00,845.95,0.0,750.14,95.81,0.01,95.8
2025-05-29 14:00:00,893.22,0.0,803.91,89.31,0.01,89.3
2025-05-29 15:00:00,889.75,0.0,794.78,94.96,0.01,94.96
2025-05-29 16:00:00,856.53,0.0,764.36,92.16,0.01,92.16
2025-05-29 17:00:00,715.26,0.0,622.29,92.97,0.01,92.96
2025-05-29 18:00:00,517.75,0.0,426.34,91.41,0.01,91.4
2025-05-29 19:00:00,309.0,0.0,218.21,90.79,0.01,90.78
2025-05-29 20:00:00,96.67,0.0,11.87,84.8,0.01,84.79
2025-05-29 21:00:00,7.1,98.18,0.0,105.28,0.01,105.27
2025-05-29 22:00:00,0.0,118.89,0.0,118.89,0.01,118.89
2025-05-29 23:00:00,0.0,168.75,0.0,168.75,0.01,168.74
2025-05-30 00:00:00,0.0,143.12,0.0,143.12,0.01,143.12
2025-05-30 01:00:00,0.0,150.62,0.0,150.62,0.01,150.62
2025-05-30 02:00:00,0.0,152.5,0.0,152.5,0.01,152.49
2025-05-30 03:00:00,0.0,139.38,0.0,139.38,0.01,139.37
2025-05-30 04:00:00,0.0,100.62,0.0,100.62,0.01,100.62
2025-05-30 05:00:00,0.55,122.95,0.0,123.49,2.29,121.2
2025-05-30 06:00:00,19.45,128.02,0.0,147.47,20.21,127.26
2025-05-30 07:00:00,68.65,80.11,0.0,148.76,32.96,115.8
2025-05-30 08:00:00,132.97,28.19,0.0,161.16,47.25,113.91
2025-05-30 09:00:00,141.62,50.78,0.0,192.4,59.82,132.59
2025-05-30 10:00:00,255.85,0.0,77.29,178.56,42.52,136.04
2025-05-30 11:00:00,377.54,0.0,241.1,136.43,21.37,115.06
2025-05-30 12:00:00,365.05,0.0,214.87,150.18,10.69,139.49
2025-05-30 13:00:00,492.02,0.0,340.81,151.21,10.67,140.55
2025-05-30 14:00:00,601.24,0.0,440.68,160.56,10.6,149.96
2025-05-30 15:00:00,550.97,0.0,410.78,140.18,2.91,137.27
2025-05-30 16:00:00,526.92,0.0,391.78,135.15,0.01,135.14
2025-05-30 17:00:00,570.43,0.0,457.63,112.8,0.03,112.77
2025-05-30 18:00:00,275.18,0.0,155.76,119.43,0.01,119.42
2025-05-30 19:00:00,144.15,0.0,26.33,117.82,0.01,117.81
2025-05-30 20:00:00,32.84,65.67,0.0,98.52,0.01,98.51
2025-05-30 21:00:00,5.82,43.4,0.0,49.22,0.01,49.22
2025-05-30 22:00:00,0.0,48.16,0.0,48.16,0.01,48.15
2025-05-30 23:00:00,0.0,49.38,0.0,49.38,0.01,49.37
2025-05-31 00:00:00,0.0,53.12,0.0,53.12,0.01,53.12
2025-05-31 01:00:00,0.17,52.95,0.0,53.12,0.01,53.12
2025-05-31 02:00:00,5.56,44.44,0.0,50.0,0.01,49.99
2025-05-31 03:00:00,2.88,42.74,0.0,45.62,0.01,45.62
2025-05-31 04:00:00,0.0,45.0,0.0,45.0,0.01,44.99
2025-05-31 05:00:00,0.0,43.4,0.0,43.4,0.01,43.4
2025-05-31 06:00:00,7.95,33.65,0.0,41.6,0.01,41.59
2025-05-31 07:00:00,43.99,16.9,0.0,60.89,0.01,60.88
2025-05-31 08:00:00,65.16,4.43,0.0,69.59,0.01,69.58
2025-05-31 09:00:00,132.33,0.0,63.97,68.36,0.01,68.35
2025-05-31 10:00:00,199.02,0.0,130.43,68.59,0.01,68.59
2025-05-31 11:00:00,257.89,0.0,187.66,70.23,0.01,70.23
2025-05-31 12:00:00,440.65,0.0,370.76,69.88,0.01,69.88
2025-05-31 13:00:00,564.32,0.0,493.13,71.19,0.01,71.19
2025-05-31 14:00:00,581.85,0.0,498.52,83.33,0.01,83.32
2025-05-31 15:00:00,671.9,0.0,600.25,71.66,0.01,71.65
2025-05-31 16:00:00,577.07,0.0,505.85,71.22,0.01,71.21
2025-05-31 17:00:00,410.45,0.0,336.76,73.69,0.01,73.68
2025-05-31 18:00:00,224.38,0.0,152.6,71.78,0.01,71.77
2025-05-31 19:00:00,57.19,12.48,0.0,69.67,0.01,69.66
2025-05-31 20:00:00,22.69,53.92,0.0,76.62,0.01,76.61
2025-05-31 21:00:00,4.1,64.26,0.0,68.36,0.01,68.35
2025-05-31 22:00:00,0.0,72.5,0.0,72.5,0.01,72.49
2025-05-31 23:00:00,0.0,72.5,0.0,72.5,0.01,72.49
2025-06-01 00:00:00,0.0,72.5,0.0,72.5,0.01,72.49
2025-06-01 01:00:00,0.0,71.88,0.0,71.88,0.01,71.87
2025-06-01 02:00:00,0.0,75.0,0.0,75.0,0.01,74.99
2025-06-01 03:00:00,0.0,79.38,0.0,79.38,0.01,79.37
2025-06-01 04:00:00,0.0,78.75,0.0,78.75,0.01,78.74
2025-06-01 05:00:00,0.0,77.59,0.0,77.59,0.01,77.58
2025-06-01 06:00:00,1.95,65.93,0.0,67.88,0.01,67.87
2025-06-01 07:00:00,11.23,55.2,0.0,66.43,0.01,66.42
2025-06-01 08:00:00,26.64,40.5,0.0,67.14,0.01,67.14
2025-06-01 09:00:00,53.17,13.62,0.0,66.79,0.01,66.78
2025-06-01 10:00:00,75.73,0.0,7.98,67.75,0.01,67.74
2025-06-01 11:00:00,144.76,0.0,75.49,69.27,0.01,69.26
2025-06-01 12:00:00,173.16,0.0,105.36,67.8,0.01,67.8
2025-06-01 13:00:00,154.36,0.0,86.52,67.85,0.01,67.84
2025-06-01 14:00:00,137.41,0.0,66.43,70.98,0.01,70.98
2025-06-01 15:00:00,86.01,0.0,16.58,69.43,0.01,69.42
2025-06-01 16:00:00,60.85,7.85,0.0,68.7,0.01,68.69
2025-06-01 17:00:00,73.02,0.0,3.27,69.75,0.01,69.75
2025-06-01 18:00:00,47.11,22.47,0.0,69.58,0.01,69.57
2025-06-01 19:00:00,23.13,100.57,0.0,123.7,0.01,123.7
2025-06-01 20:00:00,12.52,142.8,0.0,155.32,0.01,155.31
2025-06-01 21:00:00,1.18,232.8,0.0,233.98,0.01,233.97
2025-06-01 22:00:00,0.0,274.47,0.0,274.47,0.01,274.46
2025-06-01 23:00:00,0.0,301.88,0.0,301.88,0.01,301.87
2025-06-02 00:00:00,0.0,317.5,0.0,317.5,0.01,317.49
2025-06-02 01:00:00,0.0,339.38,0.0,339.38,0.01,339.37
2025-06-02 02:00:00,0.0,351.25,0.0,351.25,0.01,351.24
2025-06-02 03:00:00,0.0,405.0,0.0,405.0,0.01,404.99
2025-06-02 04:00:00,0.0,375.62,0.0,375.62,0.01,375.62
2025-06-02 05:00:00,0.25,404.56,0.0,404.81,0.01,404.8
2025-06-02 06:00:00,13.26,425.95,0.0,439.21,0.01,439.21
2025-06-02 07:00:00,50.67,373.74,0.0,424.42,3.44,420.97
2025-06-02 08:00:00,87.25,425.57,0.0,512.83,41.06,471.76
2025-06-02 09:00:00,207.31,339.01,0.0,546.32,78.07,468.25
2025-06-02 10:00:00,379.66,195.28,0.0,574.94,70.19,504.75
2025-06-02 11:00:00,493.34,68.46,0.0,561.8,61.43,500.37
2025-06-02 12:00:00,573.87,0.0,42.25,531.62,55.72,475.9
2025-06-02 13:00:00,732.15,0.0,226.91,505.24,49.1,456.14
2025-06-02 14:00:00,743.98,0.0,223.66,520.32,46.17,474.15
2025-06-02 15:00:00,726.86,0.0,231.97,494.89,25.5,469.39
2025-06-02 16:00:00,598.6,0.0,98.69,499.91,15.88,484.03
2025-06-02 17:00:00,468.35,0.0,1.46,466.89,14.91,451.98
2025-06-02 18:00:00,316.31,159.05,0.0,475.36,7.42,467.94
2025-06-02 19:00:00,189.35,278.94,0.0,468.3,0.01,468.29
2025-06-02 20:00:00,151.18,285.1,0.0,436.27,0.01,436.27
2025-06-02 21:00:00,22.59,423.75,0.0,446.34,0.01,446.33
2025-06-02 22:00:00,0.04,469.33,0.0,469.38,0.01,469.37
2025-06-02 23:00:00,0.0,459.38,0.0,459.38,0.01,459.37
2025-06-03 00:00:00,0.0,416.25,0.0,416.25,0.01,416.24
2025-06-03 01:00:00,0.0,408.75,0.0,408.75,0.01,408.74
2025-06-03 02:00:00,0.0,453.75,0.0,453.75,0.01,453.74
2025-06-03 03:00:00,0.0,445.62,0.0,445.62,0.01,445.62
2025-06-03 04:00:00,0.0,444.38,0.0,444.38,0.01,444.37
2025-06-03 05:00:00,4.02,450.26,0.0,454.29,0.01,454.28
2025-06-03 06:00:00,36.62,441.93,0.0,478.55,0.01,478.54
2025-06-03 07:00:00,139.63,316.91,0.0,456.55,3.05,453.5
2025-06-03 08:00:00,340.12,244.47,0.0,584.59,81.19,503.4
2025-06-03 09:00:00,480.59,138.26,0.0,618.85,122.62,496.23
2025-06-03 10:00:00,392.23,221.84,0.0,614.07,106.11,507.96
2025-06-03 11:00:00,508.95,84.63,0.0,593.58,67.49,526.09
2025-06-03 12:00:00,590.66,0.0,74.19,516.47,25.52,490.95
2025-06-03 13:00:00,774.87,0.0,243.69,531.17,26.17,505.0
2025-06-03 14:00:00,858.23,0.0,349.41,508.82,1.15,507.67
2025-06-03 15:00:00,875.22,0.0,369.9,505.32,0.01,505.32
2025-06-03 16:00:00,761.61,0.0,275.57,486.04,0.01,486.03
2025-06-03 17:00:00,511.74,0.0,67.4,444.34,0.46,443.88
2025-06-03 18:00:00,351.68,72.41,0.0,424.08,0.01,424.08
2025-06-03 19:00:00,160.92,242.36,0.0,403.28,0.01,403.28
2025-06-03 20:00:00,46.34,353.2,0.0,399.54,0.01,399.54
2025-06-03 21:00:00,10.85,383.64,0.0,394.49,0.01,394.49
2025-06-03 22:00:00,0.0,406.25,0.0,406.25,0.01,406.24
2025-06-03 23:00:00,0.0,411.88,0.0,411.88,0.01,411.87
2025-06-04 00:00:00,0.0,400.0,0.0,400.0,0.01,399.99
2025-06-04 01:00:00,0.0,400.62,0.0,400.62,0.01,400.62
2025-06-04 02:00:00,0.0,408.12,0.0,408.12,0.01,408.12
2025-06-04 03:00:00,0.0,411.88,0.0,411.88,0.01,411.87
2025-06-04 04:00:00,0.0,393.12,0.0,393.12,0.01,393.12
2025-06-04 05:00:00,1.14,383.22,0.0,384.35,0.01,384.35
2025-06-04 06:00:00,41.78,331.63,0.0,373.42,0.14,373.28
2025-06-04 07:00:00,92.72,318.14,0.0,410.86,18.71,392.15
2025-06-04 08:00:00,191.43,289.46,0.0,480.89,69.4,411.49
2025-06-04 09:00:00,442.47,0.0,1.03,441.44,96.5,344.94
2025-06-04 10:00:00,520.28,0.0,86.81,433.47,71.62,361.85
2025-06-04 11:00:00,664.18,0.0,219.19,444.99,32.22,412.77
2025-06-04 12:00:00,687.19,0.0,271.03,416.16,4.74,411.42
2025-06-04 13:00:00,621.23,0.0,164.61,456.61,9.8,446.81
2025-06-04 14:00:00,637.91,0.0,190.23,447.67,8.64,439.03
2025-06-04 15:00:00,514.01,0.0,61.8,452.21,9.54,442.67
2025-06-04 16:00:00,469.89,0.0,28.66,441.23,4.73,436.5
2025-06-04 17:00:00,479.38,0.0,50.85,428.53,0.86,427.67
2025-06-04 18:00:00,296.93,122.28,0.0,419.21,0.03,419.18
2025-06-04 19:00:00,108.31,313.62,0.0,421.93,0.01,421.92
2025-06-04 20:00:00,47.59,364.73,0.0,412.32,0.01,412.32
2025-06-04 21:00:00,5.93,378.98,0.0,384.9,0.01,384.9
2025-06-04 22:00:00,0.0,439.38,0.0,439.38,0.01,439.37
2025-06-04 23:00:00,0.0,388.12,0.0,388.12,0.01,388.12
2025-06-05 00:00:00,0.0,371.88,0.0,371.88,0.01,371.87
2025-06-05 01:00:00,0.0,371.25,0.0,371.25,0.01,371.24
2025-06-05 02:00:00,0.0,416.25,0.0,416.25,0.01,416.24
2025-06-05 03:00:00,0.0,408.12,0.0,408.12,0.01,408.12
2025-06-05 04:00:00,0.0,400.0,0.0,400.0,0.01,399.99
2025-06-05 05:00:00,3.11,410.79,0.0,413.9,0.01,413.9
2025-06-05 06:00:00,66.32,375.58,0.0,441.9,1.78,440.12
2025-06-05 07:00:00,156.38,309.41,0.0,465.79,18.99,446.8
2025-06-05 08:00:00,379.97,176.05,0.0,556.03,83.27,472.76
2025-06-05 09:00:00,525.02,43.14,0.0,568.16,103.04,465.12
2025-06-05 10:00:00,703.44,0.0,156.83,546.61,76.0,470.61
2025-06-05 11:00:00,833.61,0.0,283.27,550.33,64.06,486.27
2025-06-05 12:00:00,879.88,0.0,371.57,508.31,51.42,456.89
2025-06-05 13:00:00,805.0,0.0,310.0,495.0,30.88,464.12
2025-06-05 14:00:00,792.61,0.0,333.7,458.91,3.24,455.67
2025-06-05 15:00:00,879.47,0.0,399.55,479.92,0.01,479.91
2025-06-05 16:00:00,855.3,0.0,399.92,455.38,0.01,455.37
2025-06-05 17:00:00,719.64,0.0,286.8,432.84,0.01,432.83
2025-06-05 18:00:00,528.79,0.0,96.72,432.07,0.01,432.06
2025-06-05 19:00:00,323.28,84.57,0.0,407.85,0.01,407.85
2025-06-05 20:00:00,140.66,232.75,0.0,373.41,0.0,373.4
2025-06-05 21:00:00,33.93,343.72,0.0,377.65,0.01,377.64
2025-06-05 22:00:00,0.32,404.06,0.0,404.38,0.01,404.37
2025-06-05 23:00:00,0.0,390.62,0.0,390.62,0.01,390.62
2025-06-06 00:00:00,0.0,412.5,0.0,412.5,0.01,412.49
2025-06-06 01:00:00,0.0,383.12,0.0,383.12,0.01,383.12
2025-06-06 02:00:00,0.0,453.12,0.0,453.12,0.0,453.12
2025-06-06 03:00:00,0.0,458.12,0.0,458.12,0.01,458.12
2025-06-06 04:00:00,0.0,438.12,0.0,438.12,0.01,438.12
2025-06-06 05:00:00,1.28,403.6,0.0,404.88,0.01,404.87
2025-06-06 06:00:00,37.45,375.74,0.0,413.19,1.75,411.44
2025-06-06 07:00:00,185.05,294.77,0.0,479.82,13.58,466.24
2025-06-06 08:00:00,230.26,285.64,0.0,515.9,28.39,487.51
2025-06-06 09:00:00,413.79,63.39,0.0,477.18,49.19,427.99
2025-06-06 10:00:00,425.71,48.54,0.0,474.25,32.54,441.7
2025-06-06 11:00:00,354.58,40.26,0.0,394.84,12.84,382.0
2025-06-06 12:00:00,729.7,0.0,356.19,373.5,3.19,370.32
2025-06-06 13:00:00,894.27,0.0,501.32,392.95,0.01,392.94
2025-06-06 14:00:00,868.96,0.0,471.54,397.42,0.01,397.42
2025-06-06 15:00:00,885.06,0.0,499.19,385.87,0.01,385.86
2025-06-06 16:00:00,857.63,0.0,519.81,337.83,0.01,337.82
2025-06-06 17:00:00,738.05,0.0,401.09,336.96,0.01,336.95
2025-06-06 18:00:00,534.13,0.0,189.18,344.95,0.01,344.94
2025-06-06 19:00:00,323.27,20.11,0.0,343.38,0.01,343.37
2025-06-06 20:00:00,90.53,183.82,0.0,274.34,0.01,274.33
2025-06-06 21:00:00,10.96,261.25,0.0,272.22,0.01,272.21
2025-06-06 22:00:00,0.01,273.86,0.0,273.87,0.01,273.86
2025-06-06 23:00:00,0.0,279.38,0.0,279.38,0.01,279.37
2025-06-07 00:00:00,0.0,271.88,0.0,271.88,0.01,271.87
2025-06-07 01:00:00,0.0,267.5,0.0,267.5,0.01,267.49
2025-06-07 02:00:00,0.0,261.88,0.0,261.88,0.01,261.87
2025-06-07 03:00:00,0.0,259.38,0.0,259.38,0.01,259.37
2025-06-07 04:00:00,0.0,256.88,0.0,256.88,0.01,256.87
2025-06-07 05:00:00,3.87,305.0,0.0,308.87,0.01,308.86
2025-06-07 06:00:00,62.48,252.83,0.0,315.31,0.01,315.31
2025-06-07 07:00:00,192.86,118.15,0.0,311.0,0.01,311.0
2025-06-07 08:00:00,377.39,0.0,76.43,300.96,0.01,300.95
2025-06-07 09:00:00,574.38,0.0,281.21,293.17,0.01,293.16
2025-06-07 10:00:00,480.73,0.0,158.82,321.92,0.01,321.91
2025-06-07 11:00:00,860.79,0.0,600.26,260.53,0.01,260.52
2025-06-07 12:00:00,870.8,0.0,680.3,190.5,0.01,190.5
2025-06-07 13:00:00,887.95,0.0,839.5,48.44,0.01,48.44
2025-06-07 14:00:00,878.08,0.0,818.35,59.73,0.01,59.72
2025-06-07 15:00:00,841.57,0.0,797.21,44.36,0.01,44.36
2025-06-07 16:00:00,848.85,0.0,804.77,44.08,0.01,44.07
2025-06-07 17:00:00,714.32,0.0,670.46,43.86,0.01,43.86
2025-06-07 18:00:00,525.58,0.0,461.87,63.71,0.01,63.71
2025-06-07 19:00:00,330.56,0.0,284.92,45.64,0.01,45.64
2025-06-07 20:00:00,142.33,0.0,98.99,43.34,0.01,43.33
2025-06-07 21:00:00,25.37,18.46,0.0,43.83,0.01,43.83
2025-06-07 22:00:00,0.27,54.1,0.0,54.38,0.01,54.37
2025-06-07 23:00:00,0.0,55.0,0.0,55.0,0.01,54.99
2025-06-08 00:00:00,0.0,54.38,0.0,54.38,0.01,54.37
2025-06-08 01:00:00,0.0,46.88,0.0,46.88,0.01,46.87
2025-06-08 02:00:00,0.0,46.88,0.0,46.88,0.01,46.87
2025-06-08 03:00:00,0.0,46.88,0.0,46.88,0.01,46.87
2025-06-08 04:00:00,0.0,47.5,0.0,47.5,0.0,47.5
2025-06-08 05:00:00,3.66,41.93,0.0,45.59,0.01,45.59
2025-06-08 06:00:00,61.0,0.0,14.64,46.36,0.01,46.36
2025-06-08 07:00:00,186.3,0.0,134.77,51.53,0.0,51.53
2025-06-08 08:00:00,323.06,0.0,271.99,51.08,0.01,51.07
2025-06-08 09:00:00,235.11,0.0,185.78,49.33,0.01,49.32
2025-06-08 10:00:00,301.72,0.0,262.13,39.59,0.01,39.58
2025-06-08 11:00:00,585.03,0.0,543.78,41.26,0.01,41.25
2025-06-08 12:00:00,581.77,0.0,531.03,50.74,0.01,50.73
2025-06-08 13:00:00,780.51,0.0,731.53,48.98,0.01,48.97
2025-06-08 14:00:00,896.39,0.0,855.61,40.78,0.01,40.77
2025-06-08 15:00:00,875.68,0.0,831.19,44.49,0.01,44.48
2025-06-08 16:00:00,746.15,0.0,702.17,43.97,0.01,43.97
2025-06-08 17:00:00,324.26,0.0,283.44,40.82,0.01,40.82
2025-06-08 18:00:00,89.13,0.0,44.38,44.75,0.01,44.75
2025-06-08 19:00:00,85.22,0.0,8.31,76.91,0.01,76.9
2025-06-08 20:00:00,73.64,0.0,4.9,68.74,0.01,68.74
2025-06-08 21:00:00,28.54,36.47,0.0,65.01,0.01,65.0
2025-06-08 22:00:00,0.42,62.29,0.0,62.71,0.01,62.71
2025-06-08 23:00:00,0.0,58.12,0.0,58.12,0.01,58.12
2025-06-09 00:00:00,0.0,58.12,0.0,58.12,0.01,58.12
2025-06-09 01:00:00,0.0,58.12,0.0,58.12,0.01,58.12
2025-06-09 02:00:00,0.0,58.12,0.0,58.12,0.01,58.12
2025-06-09 03:00:00,0.0,58.75,0.0,58.75,0.01,58.74
2025-06-09 04:00:00,0.0,60.0,0.0,60.0,0.01,59.99
2025-06-09 05:00:00,4.3,60.4,0.0,64.7,0.01,64.69
2025-06-09 06:00:00,64.45,1.86,0.0,66.31,0.01,66.3
2025-06-09 07:00:00,202.19,0.0,141.59,60.6,0.01,60.59
2025-06-09 08:00:00,393.14,0.0,335.9,57.23,0.01,57.22
2025-06-09 09:00:00,614.38,0.0,560.25,54.13,0.01,54.13
2025-06-09 10:00:00,792.93,0.0,735.52,57.41,0.01,57.4
2025-06-09 11:00:00,856.83,0.0,800.52,56.31,0.01,56.31
2025-06-09 12:00:00,884.49,0.0,821.68,62.81,0.01,62.81
2025-06-09 13:00:00,893.33,0.0,826.06,67.27,0.01,67.26
2025-06-09 14:00:00,865.08,0.0,803.43,61.64,0.01,61.64
2025-06-09 15:00:00,645.9,0.0,585.31,60.59,0.01,60.58
2025-06-09 16:00:00,714.02,0.0,647.2,66.82,0.01,66.81
2025-06-09 17:00:00,723.14,0.0,663.5,59.64,0.01,59.63
2025-06-09 18:00:00,535.73,0.0,384.38,151.35,0.01,151.34
2025-06-09 19:00:00,229.59,0.0,152.53,77.07,0.01,77.06
2025-06-09 20:00:00,70.92,72.37,0.0,143.29,0.01,143.28
2025-06-09 21:00:00,14.21,207.77,0.0,221.98,0.01,221.97
2025-06-09 22:00:00,0.0,258.8,0.0,258.8,0.01,258.79
2025-06-09 23:00:00,0.0,291.88,0.0,291.88,0.01,291.87
2025-06-10 00:00:00,0.0,305.0,0.0,305.0,0.01,304.99
2025-06-10 01:00:00,0.0,288.12,0.0,288.12,0.01,288.12
2025-06-10 02:00:00,0.0,356.25,0.0,356.25,0.01,356.24
2025-06-10 03:00:00,0.0,338.12,0.0,338.12,0.01,338.12
2025-06-10 04:00:00,0.0,339.38,0.0,339.38,0.01,339.37
2025-06-10 05:00:00,0.0,381.9,0.0,381.9,0.01,381.89
2025-06-10 06:00:00,6.11,400.45,0.0,406.55,0.34,406.22
2025-06-10 07:00:00,20.28,391.51,0.0,411.78,11.42,400.36
2025-06-10 08:00:00,64.33,488.92,0.0,553.25,85.8,467.45
2025-06-10 09:00:00,151.21,445.94,0.0,597.15,146.8,450.35
2025-06-10 10:00:00,228.92,359.12,0.0,588.03,110.92,477.11
2025-06-10 11:00:00,484.72,122.03,0.0,606.76,83.8,522.96
2025-06-10 12:00:00,479.96,100.06,0.0,580.02,86.89,493.13
2025-06-10 13:00:00,394.27,130.85,0.0,525.12,74.54,450.58
2025-06-10 14:00:00,460.07,54.52,0.0,514.59,48.33,466.26
2025-06-10 15:00:00,346.61,163.48,0.0,510.09,31.44,478.65
2025-06-10 16:00:00,625.82,0.0,178.45,447.37,6.87,440.51
2025-06-10 17:00:00,631.6,0.0,213.99,417.6,0.78,416.82
2025-06-10 18:00:00,369.17,51.47,0.0,420.64,0.01,420.63
2025-06-10 19:00:00,219.81,162.63,0.0,382.45,0.01,382.44
2025-06-10 20:00:00,142.19,235.2,0.0,377.39,0.01,377.38
2025-06-10 21:00:00,27.03,357.98,0.0,385.0,0.01,385.0
2025-06-10 22:00:00,0.38,390.97,0.0,391.35,0.0,391.35
2025-06-10 23:00:00,0.0,405.72,0.0,405.72,,
2025-06-11 00:00:00,0.0,396.35,0.0,396.35,,
2025-06-11 01:00:00,0.0,370.72,0.0,370.72,0.0,370.72
2025-06-11 02:00:00,0.0,393.12,0.0,393.12,0.01,393.12
2025-06-11 03:00:00,0.0,390.62,0.0,390.62,0.01,390.62
2025-06-11 04:00:00,0.0,390.0,0.0,390.0,0.01,389.99
2025-06-11 05:00:00,4.12,387.24,0.0,391.36,0.01,391.35
2025-06-11 06:00:00,108.38,309.92,0.0,418.3,0.01,418.29
2025-06-11 07:00:00,98.91,307.16,0.0,406.07,1.07,404.99
2025-06-11 08:00:00,163.28,300.69,0.0,463.97,37.8,426.16
2025-06-11 09:00:00,138.6,373.95,0.0,512.55,61.54,451.01
2025-06-11 10:00:00,766.04,0.0,222.36,543.67,53.25,490.43
2025-06-11 11:00:00,775.55,0.0,343.17,432.38,28.76,403.61
2025-06-11 12:00:00,797.46,0.0,355.45,442.01,34.04,407.97
2025-06-11 13:00:00,613.81,0.0,150.46,463.35,32.35,431.0
2025-06-11 14:00:00,806.86,0.0,349.69,457.16,12.36,444.8
2025-06-11 15:00:00,829.35,0.0,363.37,465.98,11.28,454.7
2025-06-11 16:00:00,744.88,0.0,288.57,456.31,1.73,454.58
2025-06-11 17:00:00,511.23,0.0,104.46,406.78,12.76,394.01
2025-06-11 18:00:00,568.53,0.0,159.32,409.21,7.84,401.38
2025-06-11 19:00:00,277.55,127.79,0.0,405.35,0.01,405.34
2025-06-11 20:00:00,137.34,266.21,0.0,403.55,6.94,396.61
2025-06-11 21:00:00,16.33,374.81,0.0,391.13,5.22,385.91
2025-06-11 22:00:00,0.0,382.75,0.0,382.75,0.01,382.75
2025-06-11 23:00:00,0.0,376.88,0.0,376.88,0.01,376.87
2025-06-12 00:00:00,0.0,338.75,0.0,338.75,0.01,338.74
2025-06-12 01:00:00,0.0,326.88,0.0,326.88,0.01,326.87
2025-06-12 02:00:00,0.0,399.38,0.0,399.38,0.0,399.37
2025-06-12 03:00:00,0.0,384.38,0.0,384.38,0.01,384.37
2025-06-12 04:00:00,0.0,343.75,0.0,343.75,0.01,343.74
2025-06-12 05:00:00,4.74,313.28,0.0,318.03,0.0,318.02
2025-06-12 06:00:00,50.72,285.19,0.0,335.91,0.01,335.91
2025-06-12 07:00:00,141.56,208.95,0.0,350.5,7.28,343.22
2025-06-12 08:00:00,346.13,89.09,0.0,435.22,55.87,379.34
2025-06-12 09:00:00,572.36,0.0,137.78,434.58,94.95,339.63
2025-06-12 10:00:00,757.46,0.0,269.18,488.28,90.97,397.31
2025-06-12 11:00:00,667.64,0.0,105.41,562.23,77.79,484.43
2025-06-12 12:00:00,761.19,0.0,263.91,497.28,54.28,443.0
2025-06-12 13:00:00,816.04,0.0,376.99,439.05,37.95,401.1
2025-06-12 14:00:00,890.49,0.0,490.45,400.04,19.92,380.11
2025-06-12 15:00:00,867.38,0.0,439.23,428.15,10.14,418.01
2025-06-12 16:00:00,766.81,0.0,361.46,405.35,2.08,403.27
2025-06-12 17:00:00,769.65,0.0,431.24,338.41,1.5,336.91
2025-06-12 18:00:00,540.6,0.0,201.42,339.18,0.01,339.18
2025-06-12 19:00:00,348.2,18.24,0.0,366.44,0.01,366.43
2025-06-12 20:00:00,120.5,210.09,0.0,330.59,0.01,330.58
2025-06-12 21:00:00,28.97,302.81,0.0,331.79,0.01,331.78
2025-06-12 22:00:00,0.26,357.65,0.0,357.9,0.01,357.9
2025-06-12 23:00:00,0.0,345.0,0.0,345.0,0.01,344.99
2025-06-13 00:00:00,0.0,355.62,0.0,355.62,0.01,355.62
2025-06-13 01:00:00,0.0,322.5,0.0,322.5,0.01,322.49
2025-06-13 02:00:00,0.0,375.62,0.0,375.62,0.01,375.62
2025-06-13 03:00:00,0.0,368.75,0.0,368.75,0.01,368.74
2025-06-13 04:00:00,0.0,360.62,0.0,360.62,0.01,360.62
2025-06-13 05:00:00,4.44,341.17,0.0,345.61,0.01,345.61
2025-06-13 06:00:00,73.43,296.7,0.0,370.12,1.23,368.89
2025-06-13 07:00:00,197.8,197.98,0.0,395.78,11.35,384.43
2025-06-13 08:00:00,390.98,43.09,0.0,434.07,30.78,403.29
2025-06-13 09:00:00,532.41,0.0,101.87,430.54,50.58,379.96
2025-06-13 10:00:00,522.41,0.0,65.43,456.98,43.06,413.92
2025-06-13 11:00:00,469.23,0.0,61.34,407.89,15.5,392.39
2025-06-13 12:00:00,538.29,0.0,145.36,392.93,1.8,391.13
2025-06-13 13:00:00,415.91,6.45,0.0,422.36,3.96,418.4
2025-06-13 14:00:00,554.59,0.0,43.5,511.09,22.0,489.1
2025-06-13 15:00:00,628.14,0.0,119.39,508.74,20.89,487.86
2025-06-13 16:00:00,493.24,27.8,0.0,521.04,6.54,514.5
2025-06-13 17:00:00,307.23,137.36,0.0,444.59,0.01,444.59
2025-06-13 18:00:00,344.74,136.32,0.0,481.06,0.01,481.06
2025-06-13 19:00:00,135.13,345.08,0.0,480.21,0.01,480.21
2025-06-13 20:00:00,49.29,377.7,0.0,426.99,0.01,426.98
2025-06-13 21:00:00,9.55,389.89,0.0,399.43,0.01,399.43
2025-06-13 22:00:00,0.0,398.15,0.0,398.15,0.01,398.14
2025-06-13 23:00:00,0.0,400.0,0.0,400.0,0.01,399.99
2025-06-14 00:00:00,0.0,392.5,0.0,392.5,0.01,392.49
2025-06-14 01:00:00,0.0,367.5,0.0,367.5,0.01,367.49
2025-06-14 02:00:00,0.0,351.88,0.0,351.88,0.01,351.87
2025-06-14 03:00:00,0.0,333.12,0.0,333.12,0.01,333.12
2025-06-14 04:00:00,0.0,207.5,0.0,207.5,0.01,207.49
2025-06-14 05:00:00,1.16,53.26,0.0,54.42,0.01,54.41
2025-06-14 06:00:00,19.03,27.86,0.0,46.89,0.01,46.88
2025-06-14 07:00:00,43.73,0.0,1.49,42.24,0.01,42.23
2025-06-14 08:00:00,70.32,0.0,23.5,46.83,0.01,46.82
2025-06-14 09:00:00,187.54,0.0,130.01,57.54,0.01,57.53
2025-06-14 10:00:00,480.67,0.0,408.49,72.18,0.01,72.18
2025-06-14 11:00:00,455.09,0.0,403.43,51.66,0.01,51.66
2025-06-14 12:00:00,158.15,0.0,102.06,56.09,0.01,56.08
2025-06-14 13:00:00,293.58,0.0,231.52,62.06,0.01,62.05
2025-06-14 14:00:00,668.12,0.0,613.7,54.42,0.01,54.41
2025-06-14 15:00:00,354.94,0.0,297.11,57.83,0.01,57.82
2025-06-14 16:00:00,788.4,0.0,733.95,54.45,0.01,54.44
2025-06-14 17:00:00,623.08,0.0,569.47,53.61,0.01,53.6
2025-06-14 18:00:00,226.8,0.0,172.15,54.64,0.01,54.64
2025-06-14 19:00:00,54.51,0.0,10.83,43.69,0.01,43.68
2025-06-14 20:00:00,21.95,30.18,0.0,52.13,0.01,52.12
2025-06-14 21:00:00,15.41,34.86,0.0,50.27,0.01,50.27
2025-06-14 22:00:00,0.0,52.95,0.0,52.95,0.01,52.95
2025-06-14 23:00:00,0.0,50.62,0.0,50.62,0.01,50.62
2025-06-15 00:00:00,0.0,51.25,0.0,51.25,0.0,51.24
2025-06-15 01:00:00,0.0,50.0,0.0,50.0,0.01,49.99
2025-06-15 02:00:00,0.0,57.5,0.0,57.5,0.01,57.49
2025-06-15 03:00:00,0.0,58.12,0.0,58.12,0.01,58.12
2025-06-15 04:00:00,0.0,50.62,0.0,50.62,0.01,50.62
2025-06-15 05:00:00,0.71,46.36,0.0,47.07,0.01,47.07
2025-06-15 06:00:00,35.55,12.71,0.0,48.27,0.01,48.26
2025-06-15 07:00:00,124.07,0.0,76.08,47.99,0.01,47.98
2025-06-15 08:00:00,372.76,0.0,327.06,45.7,0.01,45.7
2025-06-15 09:00:00,506.18,0.0,461.92,44.26,0.01,44.25
2025-06-15 10:00:00,702.22,0.0,658.65,43.57,0.01,43.56
2025-06-15 11:00:00,505.22,0.0,460.34,44.88,0.01,44.88
2025-06-15 12:00:00,374.73,0.0,320.98,53.75,0.01,53.74
2025-06-15 13:00:00,446.45,0.0,396.64,49.81,0.01,49.81
2025-06-15 14:00:00,662.5,0.0,615.11,47.38,0.01,47.38
2025-06-15 15:00:00,182.61,0.0,134.67,47.94,0.01,47.93
2025-06-15 16:00:00,291.31,0.0,242.55,48.76,0.01,48.75
2025-06-15 17:00:00,342.27,0.0,289.75,52.52,0.01,52.51
2025-06-15 18:00:00,227.48,0.0,171.7,55.78,0.01,55.77
2025-06-15 19:00:00,265.38,0.0,152.17,113.21,0.01,113.21
2025-06-15 20:00:00,155.07,0.0,39.15,115.92,0.01,115.92
2025-06-15 21:00:00,61.0,190.4,0.0,251.39,0.01,251.39
2025-06-15 22:00:00,0.52,278.03,0.0,278.55,0.01,278.55
2025-06-15 23:00:00,0.0,298.12,0.0,298.12,0.01,298.12
2025-06-16 00:00:00,0.0,303.75,0.0,303.75,0.01,303.74
2025-06-16 01:00:00,0.0,295.62,0.0,295.62,0.01,295.62
2025-06-16 02:00:00,0.0,270.62,0.0,270.62,0.01,270.62
2025-06-16 03:00:00,0.0,335.0,0.0,335.0,0.01,334.99
2025-06-16 04:00:00,0.0,313.75,0.0,313.75,0.01,313.74
2025-06-16 05:00:00,3.66,330.63,0.0,334.28,0.01,334.28
2025-06-16 06:00:00,41.81,314.0,0.0,355.81,0.01,355.8
2025-06-16 07:00:00,101.36,289.84,0.0,391.2,11.93,379.27
2025-06-16 08:00:00,214.59,305.54,0.0,520.13,89.28,430.85
2025-06-16 09:00:00,210.18,374.18,0.0,584.36,137.84,446.52
2025-06-16 10:00:00,421.95,214.74,0.0,636.69,141.39,495.3
2025-06-16 11:00:00,488.45,85.91,0.0,574.36,122.75,451.61
2025-06-16 12:00:00,588.21,0.0,82.39,505.83,77.02,428.81
2025-06-16 13:00:00,463.91,26.17,0.0,490.08,73.68,416.4
2025-06-16 14:00:00,606.1,0.0,106.5,499.61,55.56,444.04
2025-06-16 15:00:00,753.46,0.0,268.72,484.74,24.84,459.9
2025-06-16 16:00:00,667.81,0.0,166.19,501.62,17.08,484.54
2025-06-16 17:00:00,677.55,0.0,226.89,450.66,11.25,439.41
2025-06-16 18:00:00,564.96,0.0,155.32,409.64,0.01,409.63
2025-06-16 19:00:00,311.15,126.98,0.0,438.13,0.01,438.12
2025-06-16 20:00:00,142.08,262.15,0.0,404.23,0.01,404.22
2025-06-16 21:00:00,26.98,348.31,0.0,375.29,0.01,375.29
2025-06-16 22:00:00,0.62,387.41,0.0,388.04,0.01,388.03
2025-06-16 23:00:00,0.0,389.38,0.0,389.38,0.01,389.37
2025-06-17 00:00:00,0.0,395.0,0.0,395.0,0.01,394.99
2025-06-17 01:00:00,0.0,345.62,0.0,345.62,0.01,345.62
2025-06-17 02:00:00,0.0,394.38,0.0,394.38,0.01,394.37
2025-06-17 03:00:00,0.0,378.12,0.0,378.12,0.01,378.12
2025-06-17 04:00:00,0.0,351.25,0.0,351.25,0.01,351.24
2025-06-17 05:00:00,1.51,319.41,0.0,320.92,0.01,320.91
2025-06-17 06:00:00,36.91,324.78,0.0,361.69,0.01,361.68
2025-06-17 07:00:00,106.37,249.18,0.0,355.54,6.77,348.77
2025-06-17 08:00:00,364.54,81.0,0.0,445.53,54.92,390.61
2025-06-17 09:00:00,442.63,0.0,19.67,422.96,79.73,343.23
2025-06-17 10:00:00,738.46,0.0,283.65,454.81,79.07,375.73
2025-06-17 11:00:00,791.04,0.0,337.19,453.85,57.57,396.28
2025-06-17 12:00:00,881.81,0.0,504.5,377.32,40.79,336.53
2025-06-17 13:00:00,891.57,0.0,451.31,440.27,29.16,411.11
2025-06-17 14:00:00,869.16,0.0,431.77,437.39,3.73,433.66
2025-06-17 15:00:00,798.21,0.0,325.32,472.9,0.23,472.67
2025-06-17 16:00:00,734.16,0.0,265.15,469.02,0.92,468.1
2025-06-17 17:00:00,662.8,0.0,139.83,522.97,0.23,522.74
2025-06-17 18:00:00,432.44,40.58,0.0,473.01,0.01,473.01
2025-06-17 19:00:00,265.22,190.03,0.0,455.25,0.01,455.24
2025-06-17 20:00:00,146.46,309.49,0.0,455.95,0.01,455.94
2025-06-17 21:00:00,32.56,351.54,0.0,384.09,0.01,384.09
2025-06-17 22:00:00,0.91,402.02,0.0,402.93,0.01,402.92
2025-06-17 23:00:00,0.0,403.75,0.0,403.75,0.01,403.74
2025-06-18 00:00:00,0.0,397.5,0.0,397.5,0.01,397.49
2025-06-18 01:00:00,0.0,378.75,0.0,378.75,0.01,378.74
2025-06-18 02:00:00,0.0,404.38,0.0,404.38,0.01,404.37
2025-06-18 03:00:00,0.0,368.12,0.0,368.12,0.01,368.12
2025-06-18 04:00:00,0.0,393.12,0.0,393.12,0.01,393.12
2025-06-18 05:00:00,0.38,440.76,0.0,441.15,0.01,441.14
2025-06-18 06:00:00,26.6,434.66,0.0,461.26,1.6,459.65
2025-06-18 07:00:00,106.62,350.01,0.0,456.63,10.01,446.62
2025-06-18 08:00:00,123.22,363.95,0.0,487.17,34.51,452.66
2025-06-18 09:00:00,116.17,479.56,0.0,595.72,64.11,531.61
2025-06-18 10:00:00,192.96,414.49,0.0,607.45,67.48,539.97
2025-06-18 11:00:00,203.41,382.22,0.0,585.63,55.94,529.68
2025-06-18 12:00:00,226.45,294.03,0.0,520.49,11.09,509.4
2025-06-18 13:00:00,295.1,196.95,0.0,492.05,0.72,491.34
2025-06-18 14:00:00,258.3,266.24,0.0,524.55,0.13,524.42
2025-06-18 15:00:00,131.05,414.9,0.0,545.95,0.01,545.95
2025-06-18 16:00:00,259.24,311.39,0.0,570.63,0.72,569.91
2025-06-18 17:00:00,166.9,379.43,0.0,546.32,0.01,546.32
2025-06-18 18:00:00,100.6,391.24,0.0,491.84,0.01,491.84
2025-06-18 19:00:00,41.59,423.15,0.0,464.74,0.01,464.73
2025-06-18 20:00:00,74.12,339.21,0.0,413.33,0.01,413.32
2025-06-18 21:00:00,25.85,334.11,0.0,359.95,0.01,359.95
2025-06-18 22:00:00,0.59,374.53,0.0,375.12,0.01,375.11
2025-06-18 23:00:00,0.0,374.38,0.0,374.38,0.01,374.37
2025-06-19 00:00:00,0.0,356.25,0.0,356.25,0.01,356.24
2025-06-19 01:00:00,0.0,340.62,0.0,340.62,0.01,340.62
2025-06-19 02:00:00,0.0,354.38,0.0,354.38,0.01,354.37
2025-06-19 03:00:00,0.0,363.75,0.0,363.75,0.01,363.74
2025-06-19 04:00:00,0.0,367.5,0.0,367.5,0.01,367.49
2025-06-19 05:00:00,5.09,396.12,0.0,401.21,0.01,401.2
2025-06-19 06:00:00,45.69,370.63,0.0,416.32,0.01,416.31
2025-06-19 07:00:00,152.05,279.37,0.0,431.42,11.34,420.08
2025-06-19 08:00:00,341.3,163.57,0.0,504.87,59.0,445.87
2025-06-19 09:00:00,486.38,68.05,0.0,554.43,93.77,460.66
2025-06-19 10:00:00,465.67,123.24,0.0,588.92,77.2,511.72
2025-06-19 11:00:00,524.48,27.54,0.0,552.01,49.07,502.95
2025-06-19 12:00:00,674.76,0.0,158.2,516.55,40.52,476.03
2025-06-19 13:00:00,771.75,0.0,152.72,619.04,47.72,571.32
2025-06-19 14:00:00,869.86,0.0,274.91,594.95,23.82,571.13
2025-06-19 15:00:00,836.99,0.0,271.16,565.83,11.63,554.2
2025-06-19 16:00:00,795.34,0.0,253.29,542.04,2.39,539.65
2025-06-19 17:00:00,759.59,0.0,237.67,521.92,2.46,519.46
2025-06-19 18:00:00,562.23,0.0,21.86,540.38,1.38,538.99
2025-06-19 19:00:00,356.55,170.23,0.0,526.79,0.01,526.78
2025-06-19 20:00:00,162.41,345.86,0.0,508.27,0.01,508.26
2025-06-19 21:00:00,34.92,380.5,0.0,415.41,0.01,415.41
2025-06-19 22:00:00,0.77,409.93,0.0,410.7,0.01,410.69
2025-06-19 23:00:00,0.0,386.25,0.0,386.25,0.01,386.24
2025-06-20 00:00:00,0.0,313.12,0.0,313.12,0.01,313.12
2025-06-20 01:00:00,0.0,303.12,0.0,303.12,0.01,303.12
2025-06-20 02:00:00,0.0,329.38,0.0,329.38,0.01,329.37
2025-06-20 03:00:00,0.0,319.38,0.0,319.38,0.01,319.37
2025-06-20 04:00:00,0.0,329.38,0.0,329.38,0.01,329.37
2025-06-20 05:00:00,2.76,348.7,0.0,351.46,0.01,351.45
2025-06-20 06:00:00,30.41,361.46,0.0,391.87,2.02,389.85
2025-06-20 07:00:00,110.86,354.44,0.0,465.31,23.97,441.34
2025-06-20 08:00:00,128.21,449.63,0.0,577.83,92.27,485.56
2025-06-20 09:00:00,309.06,239.2,0.0,548.26,118.71,429.54
2025-06-20 10:00:00,466.04,41.83,0.0,507.86,96.68,411.19
2025-06-20 11:00:00,640.5,0.0,154.64,485.86,69.28,416.58
2025-06-20 12:00:00,530.02,0.0,101.55,428.47,42.22,386.25
2025-06-20 13:00:00,342.92,68.8,0.0,411.72,14.88,396.84
2025-06-20 14:00:00,642.97,0.0,206.56,436.41,9.29,427.12
2025-06-20 15:00:00,734.07,0.0,319.39,414.68,3.11,411.57
2025-06-20 16:00:00,562.64,0.0,164.17,398.47,1.87,396.6
2025-06-20 17:00:00,463.25,0.0,43.88,419.38,1.73,417.65
2025-06-20 18:00:00,173.81,235.43,0.0,409.24,0.8,408.45
2025-06-20 19:00:00,284.18,46.91,0.0,331.09,0.04,331.04
2025-06-20 20:00:00,65.52,127.84,0.0,193.36,0.01,193.35
2025-06-20 21:00:00,15.34,70.18,0.0,85.51,0.01,85.51
2025-06-20 22:00:00,1.49,70.84,0.0,72.33,0.01,72.33
2025-06-20 23:00:00,0.0,66.88,0.0,66.88,0.01,66.87
2025-06-21 00:00:00,0.0,63.75,0.0,63.75,0.01,63.74
2025-06-21 01:00:00,0.0,63.75,0.0,63.75,0.01,63.74
2025-06-21 02:00:00,0.0,63.12,0.0,63.12,0.01,63.12
2025-06-21 03:00:00,0.0,63.12,0.0,63.12,0.01,63.12
2025-06-21 04:00:00,0.0,63.12,0.0,63.12,0.01,63.12
2025-06-21 05:00:00,3.04,57.09,0.0,60.13,0.01,60.12
2025-06-21 06:00:00,38.55,19.95,0.0,58.5,0.01,58.49
2025-06-21 07:00:00,101.04,0.0,42.85,58.19,0.01,58.18
2025-06-21 08:00:00,157.66,0.0,48.53,109.12,0.01,109.12
2025-06-21 09:00:00,171.73,0.0,101.38,70.35,0.01,70.34
2025-06-21 10:00:00,141.09,0.0,61.67,79.42,0.01,79.41
2025-06-21 11:00:00,227.79,0.0,149.83,77.97,0.01,77.96
2025-06-21 12:00:00,270.53,0.0,192.38,78.14,0.01,78.14
2025-06-21 13:00:00,340.47,0.0,258.2,82.27,0.01,82.27
2025-06-21 14:00:00,688.14,0.0,608.35,79.79,0.01,79.79
2025-06-21 15:00:00,761.31,0.0,682.41,78.9,0.01,78.9
2025-06-21 16:00:00,588.87,0.0,511.21,77.67,0.01,77.66
2025-06-21 17:00:00,682.21,0.0,598.18,84.03,0.01,84.02
2025-06-21 18:00:00,532.34,0.0,441.97,90.36,0.01,90.36
2025-06-21 19:00:00,264.38,0.0,173.63,90.75,0.01,90.75
2025-06-21 20:00:00,176.6,0.0,88.2,88.4,0.01,88.39
2025-06-21 21:00:00,30.33,55.35,0.0,85.68,0.01,85.68
2025-06-21 22:00:00,0.63,85.35,0.0,85.97,0.01,85.97
2025-06-21 23:00:00,0.0,84.38,0.0,84.38,0.01,84.37
2025-06-22 00:00:00,0.0,82.5,0.0,82.5,0.01,82.49
2025-06-22 01:00:00,0.0,83.75,0.0,83.75,0.01,83.74
2025-06-22 02:00:00,0.0,82.5,0.0,82.5,0.01,82.49
2025-06-22 03:00:00,0.0,82.5,0.0,82.5,0.01,82.49
2025-06-22 04:00:00,0.0,75.62,0.0,75.62,0.01,75.62
2025-06-22 05:00:00,5.55,62.95,0.0,68.5,0.01,68.49
2025-06-22 06:00:00,72.57,0.0,6.44,66.12,0.01,66.12
2025-06-22 07:00:00,126.28,0.0,53.63,72.65,0.01,72.65
2025-06-22 08:00:00,205.22,0.0,128.91,76.3,0.01,76.3
2025-06-22 09:00:00,416.97,0.0,354.82,62.15,0.01,62.14
2025-06-22 10:00:00,373.6,0.0,314.46,59.13,0.01,59.13
2025-06-22 11:00:00,536.1,0.0,476.97,59.14,0.01,59.13
2025-06-22 12:00:00,549.25,0.0,485.4,63.85,0.01,63.85
2025-06-22 13:00:00,163.51,0.0,94.13,69.38,0.01,69.38
2025-06-22 14:00:00,337.14,0.0,261.13,76.01,0.01,76.0
2025-06-22 15:00:00,764.16,0.0,685.92,78.24,0.01,78.24
2025-06-22 16:00:00,831.87,0.0,749.52,82.35,0.01,82.35
2025-06-22 17:00:00,643.99,0.0,562.27,81.72,0.01,81.71
2025-06-22 18:00:00,473.6,0.0,394.01,79.6,0.01,79.59
2025-06-22 19:00:00,283.17,0.0,151.39,131.78,0.01,131.77
2025-06-22 20:00:00,119.58,15.4,0.0,134.98,0.01,134.98
2025-06-22 21:00:00,34.83,154.89,0.0,189.71,0.01,189.71
2025-06-22 22:00:00,4.22,224.51,0.0,228.74,0.01,228.73
2025-06-22 23:00:00,2.11,260.39,0.0,262.5,0.01,262.49
2025-06-23 00:00:00,1.58,322.17,0.0,323.75,0.01,323.74
2025-06-23 01:00:00,7.01,299.87,0.0,306.88,0.01,306.87
2025-06-23 02:00:00,8.45,331.55,0.0,340.0,0.01,339.99
2025-06-23 03:00:00,10.13,314.25,0.0,324.38,0.01,324.37
2025-06-23 04:00:00,10.66,327.47,0.0,338.12,0.01,338.12
2025-06-23 05:00:00,15.22,369.98,0.0,385.2,0.01,385.2
2025-06-23 06:00:00,63.86,382.07,0.0,445.92,0.01,445.92
2025-06-23 07:00:00,170.63,265.58,0.0,436.21,5.91,430.3
2025-06-23 08:00:00,316.16,187.92,0.0,504.08,62.99,441.09
2025-06-23 09:00:00,493.13,23.68,0.0,516.8,78.23,438.57
2025-06-23 10:00:00,694.43,0.0,130.89,563.54,56.38,507.17
2025-06-23 11:00:00,853.64,0.0,310.59,543.06,43.7,499.36
2025-06-23 12:00:00,879.38,0.0,350.34,529.05,34.4,494.65
2025-06-23 13:00:00,834.69,0.0,295.36,539.33,26.6,512.74
2025-06-23 14:00:00,773.96,0.0,272.64,501.32,8.73,492.59
2025-06-23 15:00:00,882.56,0.0,415.72,466.84,1.96,464.89
2025-06-23 16:00:00,840.12,0.0,387.02,453.1,8.42,444.68
2025-06-23 17:00:00,708.45,0.0,291.27,417.18,0.01,417.17
2025-06-23 18:00:00,526.69,0.0,119.15,407.54,0.01,407.53
2025-06-23 19:00:00,335.4,101.66,0.0,437.06,0.01,437.05
2025-06-23 20:00:00,155.81,234.87,0.0,390.68,0.01,390.67
2025-06-23 21:00:00,33.66,399.47,0.0,433.13,0.01,433.12
2025-06-23 22:00:00,6.98,411.65,0.0,418.63,0.01,418.63
2025-06-23 23:00:00,8.42,437.21,0.0,445.62,0.01,445.62
2025-06-24 00:00:00,8.47,490.91,0.0,499.38,0.01,499.37
2025-06-24 01:00:00,7.29,458.96,0.0,466.25,0.01,466.24
2025-06-24 02:00:00,7.29,479.59,0.0,486.88,0.01,486.87
2025-06-24 03:00:00,5.56,453.81,0.0,459.38,0.01,459.37
2025-06-24 04:00:00,3.7,476.3,0.0,480.0,0.01,479.99
2025-06-24 05:00:00,11.39,486.99,0.0,498.38,0.01,498.37
2025-06-24 06:00:00,62.01,471.35,0.0,533.36,0.01,533.35
2025-06-24 07:00:00,174.11,376.95,0.0,551.07,4.5,546.56
2025-06-24 08:00:00,330.38,256.23,0.0,586.61,52.76,533.85
2025-06-24 09:00:00,501.26,104.49,0.0,605.75,68.87,536.88
2025-06-24 10:00:00,651.7,0.0,60.36,591.34,53.63,537.71
2025-06-24 11:00:00,745.07,0.0,202.7,542.37,12.93,529.44
2025-06-24 12:00:00,871.71,0.0,361.7,510.01,4.09,505.92
2025-06-24 13:00:00,884.3,0.0,429.86,454.44,0.01,454.43
2025-06-24 14:00:00,886.39,0.0,459.27,427.12,0.01,427.11
2025-06-24 15:00:00,877.67,0.0,386.71,490.95,0.01,490.95
2025-06-24 16:00:00,835.08,0.0,393.26,441.83,0.01,441.82
2025-06-24 17:00:00,697.14,0.0,288.58,408.55,0.02,408.53
2025-06-24 18:00:00,505.6,0.0,40.8,464.8,0.01,464.8
2025-06-24 19:00:00,324.51,136.43,0.0,460.94,0.01,460.93
2025-06-24 20:00:00,149.94,294.92,0.0,444.86,0.01,444.85
2025-06-24 21:00:00,32.65,392.66,0.0,425.31,0.01,425.3
2025-06-24 22:00:00,0.83,462.65,0.0,463.48,0.01,463.48
2025-06-24 23:00:00,0.0,444.38,0.0,444.38,0.01,444.37
2025-06-25 00:00:00,0.0,397.5,0.0,397.5,0.01,397.49
2025-06-25 01:00:00,0.0,366.88,0.0,366.88,0.01,366.87
2025-06-25 02:00:00,0.0,385.0,0.0,385.0,0.01,384.99
2025-06-25 03:00:00,0.0,372.5,0.0,372.5,0.01,372.49
2025-06-25 04:00:00,0.0,368.12,0.0,368.12,0.01,368.12
2025-06-25 05:00:00,4.03,399.41,0.0,403.44,0.01,403.43
2025-06-25 06:00:00,55.54,356.59,0.0,412.13,0.01,412.12
2025-06-25 07:00:00,168.78,240.71,0.0,409.49,2.8,406.69
2025-06-25 08:00:00,332.97,77.81,0.0,410.78,16.67,394.12
2025-06-25 09:00:00,517.11,0.0,103.61,413.5,31.68,381.82
2025-06-25 10:00:00,694.32,0.0,259.25,435.07,27.54,407.54
2025-06-25 11:00:00,830.73,0.0,394.43,436.29,20.02,416.27
2025-06-25 12:00:00,872.02,0.0,481.01,391.02,21.9,369.11
2025-06-25 13:00:00,878.73,0.0,405.16,473.57,21.8,451.77
2025-06-25 14:00:00,878.49,0.0,403.91,474.58,18.52,456.06
2025-06-25 15:00:00,874.93,0.0,407.62,467.31,10.86,456.45
2025-06-25 16:00:00,819.43,0.0,390.39,429.04,2.16,426.89
2025-06-25 17:00:00,668.95,0.0,284.02,384.93,0.01,384.93
2025-06-25 18:00:00,493.43,0.0,82.9,410.53,0.01,410.52
2025-06-25 19:00:00,306.41,107.91,0.0,414.33,0.01,414.32
2025-06-25 20:00:00,137.44,270.86,0.0,408.3,0.01,408.29
2025-06-25 21:00:00,29.9,369.99,0.0,399.89,0.01,399.88
2025-06-25 22:00:00,0.71,418.12,0.0,418.82,0.01,418.82
2025-06-25 23:00:00,0.0,476.25,0.0,476.25,0.01,476.24
2025-06-26 00:00:00,0.0,431.88,0.0,431.88,0.01,431.87
2025-06-26 01:00:00,0.0,415.62,0.0,415.62,0.01,415.62
2025-06-26 02:00:00,0.0,416.25,0.0,416.25,0.01,416.24
2025-06-26 03:00:00,0.0,380.62,0.0,380.62,0.01,380.62
2025-06-26 04:00:00,0.0,380.62,0.0,380.62,0.01,380.62
2025-06-26 05:00:00,4.14,383.24,0.0,387.38,0.01,387.37
2025-06-26 06:00:00,55.78,388.88,0.0,444.66,1.55,443.11
2025-06-26 07:00:00,170.31,364.91,0.0,535.22,20.24,514.98
2025-06-26 08:00:00,337.93,222.25,0.0,560.18,47.61,512.57
2025-06-26 09:00:00,527.54,53.68,0.0,581.22,92.16,489.06
2025-06-26 10:00:00,700.8,0.0,78.28,622.53,77.3,545.22
2025-06-26 11:00:00,830.32,0.0,235.88,594.44,51.16,543.27
2025-06-26 12:00:00,872.2,0.0,266.3,605.9,55.42,550.48
2025-06-26 13:00:00,877.29,0.0,297.49,579.8,31.55,548.25
2025-06-26 14:00:00,878.97,0.0,301.9,577.07,6.67,570.4
2025-06-26 15:00:00,841.88,0.0,319.44,522.44,3.66,518.78
2025-06-26 16:00:00,764.4,0.0,238.12,526.28,0.88,525.4
2025-06-26 17:00:00,674.6,0.0,240.71,433.89,0.01,433.88
2025-06-26 18:00:00,500.67,0.0,3.36,497.31,0.01,497.3
2025-06-26 19:00:00,311.7,170.99,0.0,482.69,0.01,482.69
2025-06-26 20:00:00,145.58,298.3,0.0,443.88,0.01,443.87
2025-06-26 21:00:00,34.21,374.59,0.0,408.8,0.01,408.8
2025-06-26 22:00:00,0.79,420.78,0.0,421.56,0.01,421.56
2025-06-26 23:00:00,0.0,388.12,0.0,388.12,0.01,388.12
2025-06-27 00:00:00,0.0,405.0,0.0,405.0,0.01,404.99
2025-06-27 01:00:00,2.49,371.89,0.0,374.38,0.01,374.37
2025-06-27 02:00:00,8.04,379.46,0.0,387.5,0.01,387.49
2025-06-27 03:00:00,9.08,384.67,0.0,393.75,0.01,393.74
2025-06-27 04:00:00,9.51,336.74,0.0,346.25,0.01,346.24
2025-06-27 05:00:00,11.38,385.77,0.0,397.14,0.01,397.14
2025-06-27 06:00:00,55.53,346.87,0.0,402.4,1.4,401.0
2025-06-27 07:00:00,168.01,241.35,0.0,409.35,10.72,398.63
2025-06-27 08:00:00,288.95,171.14,0.0,460.09,29.48,430.61
2025-06-27 09:00:00,437.65,21.57,0.0,459.22,58.56,400.66
2025-06-27 10:00:00,528.58,0.0,51.06,477.51,56.68,420.83
2025-06-27 11:00:00,479.02,0.0,59.01,420.01,40.85,379.16
2025-06-27 12:00:00,710.02,0.0,288.18,421.85,24.98,396.87
2025-06-27 13:00:00,708.17,0.0,264.25,443.92,28.83,415.09
2025-06-27 14:00:00,762.7,0.0,316.16,446.54,23.06,423.47
2025-06-27 15:00:00,818.44,0.0,319.72,498.71,9.14,489.57
2025-06-27 16:00:00,770.82,0.0,220.84,549.98,3.23,546.74
2025-06-27 17:00:00,606.82,0.0,239.32,367.5,0.54,366.96
2025-06-27 18:00:00,391.59,0.0,34.2,357.39,0.01,357.38
2025-06-27 19:00:00,157.07,199.09,0.0,356.16,0.01,356.16
2025-06-27 20:00:00,113.28,205.43,0.0,318.7,0.01,318.7
2025-06-27 21:00:00,43.19,284.39,0.0,327.58,0.01,327.58
2025-06-27 22:00:00,1.48,306.6,0.0,308.08,0.01,308.07
2025-06-27 23:00:00,0.29,290.96,0.0,291.25,0.01,291.24
2025-06-28 00:00:00,2.91,254.59,0.0,257.5,0.01,257.49
2025-06-28 01:00:00,0.0,211.88,0.0,211.88,0.01,211.87
2025-06-28 02:00:00,0.0,190.0,0.0,190.0,0.01,189.99
2025-06-28 03:00:00,0.0,192.5,0.0,192.5,0.01,192.49
2025-06-28 04:00:00,0.58,170.05,0.0,170.62,0.01,170.62
2025-06-28 05:00:00,7.81,51.43,0.0,59.24,0.01,59.24
2025-06-28 06:00:00,54.67,2.86,0.0,57.52,0.01,57.52
2025-06-28 07:00:00,184.12,0.0,122.77,61.35,0.01,61.34
2025-06-28 08:00:00,341.92,0.0,282.68,59.24,0.01,59.23
2025-06-28 09:00:00,526.15,0.0,472.72,53.43,0.01,53.42
2025-06-28 10:00:00,615.62,0.0,552.42,63.21,0.01,63.2
2025-06-28 11:00:00,826.29,0.0,756.5,69.79,0.01,69.78
2025-06-28 12:00:00,867.52,0.0,801.7,65.83,0.01,65.82
2025-06-28 13:00:00,890.38,0.0,819.61,70.77,0.01,70.77
2025-06-28 14:00:00,876.55,0.0,802.46,74.09,0.01,74.08
2025-06-28 15:00:00,849.85,0.0,775.98,73.87,0.01,73.87
2025-06-28 16:00:00,774.1,0.0,699.71,74.39,0.01,74.39
2025-06-28 17:00:00,655.52,0.0,582.18,73.34,0.01,73.33
2025-06-28 18:00:00,522.04,0.0,444.61,77.44,0.01,77.43
2025-06-28 19:00:00,333.87,0.0,253.42,80.45,0.01,80.44
2025-06-28 20:00:00,157.7,0.0,80.24,77.46,0.01,77.45
2025-06-28 21:00:00,30.44,33.81,0.0,64.25,0.01,64.24
2025-06-28 22:00:00,0.63,58.2,0.0,58.83,0.01,58.82
2025-06-28 23:00:00,0.0,59.38,0.0,59.38,0.01,59.37
2025-06-29 00:00:00,0.0,55.0,0.0,55.0,0.01,54.99
2025-06-29 01:00:00,0.0,55.0,0.0,55.0,0.01,54.99
2025-06-29 02:00:00,0.0,55.62,0.0,55.62,0.01,55.62
2025-06-29 03:00:00,0.0,55.0,0.0,55.0,0.01,54.99
2025-06-29 04:00:00,0.0,54.38,0.0,54.38,0.01,54.37
2025-06-29 05:00:00,4.17,47.95,0.0,52.12,0.01,52.12
2025-06-29 06:00:00,63.19,0.0,14.06,49.13,0.01,49.13
2025-06-29 07:00:00,184.88,0.0,141.94,42.93,0.01,42.93
2025-06-29 08:00:00,390.22,0.0,338.8,51.42,0.01,51.41
2025-06-29 09:00:00,531.83,0.0,479.91,51.92,0.01,51.91
2025-06-29 10:00:00,692.68,0.0,640.03,52.66,0.01,52.65
2025-06-29 11:00:00,824.68,0.0,768.78,55.9,0.01,55.89
2025-06-29 12:00:00,850.69,0.0,792.19,58.49,0.01,58.49
2025-06-29 13:00:00,834.42,0.0,773.23,61.19,0.01,61.18
2025-06-29 14:00:00,773.01,0.0,707.38,65.62,0.01,65.62
2025-06-29 15:00:00,802.6,0.0,731.28,71.32,0.01,71.32
2025-06-29 16:00:00,367.37,0.0,300.3,67.07,0.01,67.06
2025-06-29 17:00:00,195.75,0.0,127.47,68.28,0.01,68.27
2025-06-29 18:00:00,50.95,25.07,0.0,76.02,0.01,76.01
2025-06-29 19:00:00,101.54,78.7,0.0,180.24,0.01,180.23
2025-06-29 20:00:00,72.58,58.32,0.0,130.91,0.01,130.9
2025-06-29 21:00:00,19.67,177.62,0.0,197.29,0.01,197.28
2025-06-29 22:00:00,0.14,235.94,0.0,236.08,0.01,236.07
2025-06-29 23:00:00,0.0,240.62,0.0,240.62,0.01,240.62
2025-06-30 00:00:00,0.0,258.75,0.0,258.75,0.01,258.74
2025-06-30 01:00:00,0.0,254.38,0.0,254.38,0.01,254.37
2025-06-30 02:00:00,0.0,277.5,0.0,277.5,0.01,277.49
2025-06-30 03:00:00,0.0,336.25,0.0,336.25,0.01,336.24
2025-06-30 04:00:00,0.0,297.5,0.0,297.5,0.01,297.49
2025-06-30 05:00:00,3.88,331.05,0.0,334.94,0.01,334.93
2025-06-30 06:00:00,46.42,310.2,0.0,356.62,0.01,356.61
2025-06-30 07:00:00,130.0,233.19,0.0,363.19,0.39,362.8
2025-06-30 08:00:00,196.17,212.81,0.0,408.98,60.69,348.29
2025-06-30 09:00:00,421.04,56.8,0.0,477.84,117.34,360.5
2025-06-30 10:00:00,599.86,0.0,72.89,526.97,104.38,422.59
2025-06-30 11:00:00,440.65,69.02,0.0,509.67,78.48,431.2
2025-06-30 12:00:00,687.38,0.0,123.18,564.19,82.03,482.17
2025-06-30 13:00:00,646.61,0.0,143.44,503.17,83.77,419.4
2025-06-30 14:00:00,677.72,0.0,204.25,473.47,51.37,422.1
2025-06-30 15:00:00,395.18,58.12,0.0,453.3,51.47,401.83
2025-06-30 16:00:00,183.82,271.76,0.0,455.58,35.08,420.49
2025-06-30 17:00:00,139.51,233.93,0.0,373.44,6.92,366.52
2025-06-30 18:00:00,62.54,328.84,0.0,391.38,0.21,391.17
2025-06-30 19:00:00,114.26,260.41,0.0,374.66,0.01,374.66
2025-06-30 20:00:00,37.14,279.72,0.0,316.86,0.01,316.85
2025-06-30 21:00:00,12.21,320.4,0.0,332.61,0.01,332.6
2025-06-30 22:00:00,0.3,367.9,0.0,368.2,0.01,368.19
2025-06-30 23:00:00,0.0,361.25,0.0,361.25,0.01,361.24
2025-07-01 00:00:00,0.0,359.38,0.0,359.38,0.01,359.37
2025-07-01 01:00:00,0.0,341.25,0.0,341.25,0.01,341.24
2025-07-01 02:00:00,0.0,383.75,0.0,383.75,0.01,383.74
2025-07-01 03:00:00,0.0,404.38,0.0,404.38,0.01,404.37
2025-07-01 04:00:00,0.0,380.62,0.0,380.62,0.01,380.62
2025-07-01 05:00:00,8.77,349.18,0.0,357.95,0.01,357.94
2025-07-01 06:00:00,74.24,323.96,0.0,398.19,0.63,397.56
2025-07-01 07:00:00,219.34,228.04,0.0,447.38,14.23,433.15
2025-07-01 08:00:00,103.9,414.16,0.0,518.06,64.93,453.13
2025-07-01 09:00:00,121.37,439.86,0.0,561.23,121.13,440.1
2025-07-01 10:00:00,314.45,286.38,0.0,600.84,124.42,476.42
2025-07-01 11:00:00,445.55,102.21,0.0,547.75,84.98,462.77
2025-07-01 12:00:00,719.21,0.0,183.55,535.65,56.0,479.65
2025-07-01 13:00:00,642.85,0.0,157.37,485.48,28.55,456.94
2025-07-01 14:00:00,811.05,0.0,343.6,467.46,8.38,459.08
2025-07-01 15:00:00,850.86,0.0,383.39,467.47,4.2,463.27
2025-07-01 16:00:00,833.89,0.0,456.84,377.05,2.83,374.22
2025-07-01 17:00:00,693.64,0.0,338.33,355.31,3.4,351.91
2025-07-01 18:00:00,515.3,0.0,134.64,380.66,0.93,379.73
2025-07-01 19:00:00,222.13,138.35,0.0,360.48,0.01,360.47
2025-07-01 20:00:00,92.9,263.7,0.0,356.6,0.01,356.59
2025-07-01 21:00:00,11.56,347.26,0.0,358.82,0.01,358.82
2025-07-01 22:00:00,0.0,349.25,0.0,349.25,0.01,349.25
2025-07-01 23:00:00,0.0,344.38,0.0,344.38,0.01,344.37
2025-07-02 00:00:00,0.0,313.12,0.0,313.12,0.01,313.12
2025-07-02 01:00:00,0.0,288.12,0.0,288.12,0.01,288.12
2025-07-02 02:00:00,0.0,316.25,0.0,316.25,0.01,316.24
2025-07-02 03:00:00,0.0,308.12,0.0,308.12,0.01,308.12
2025-07-02 04:00:00,0.0,305.62,0.0,305.62,0.01,305.62
2025-07-02 05:00:00,0.27,342.63,0.0,342.91,0.01,342.9
2025-07-02 06:00:00,18.17,338.73,0.0,356.9,0.01,356.89
2025-07-02 07:00:00,52.07,316.29,0.0,368.36,0.01,368.35
2025-07-02 08:00:00,115.96,277.56,0.0,393.52,11.98,381.54
2025-07-02 09:00:00,317.35,87.25,0.0,404.6,22.98,381.62
2025-07-02 10:00:00,217.76,226.59,0.0,444.35,24.63,419.72
2025-07-02 11:00:00,269.63,142.39,0.0,412.02,23.01,389.01
2025-07-02 12:00:00,376.29,7.58,0.0,383.88,11.64,372.24
2025-07-02 13:00:00,512.77,0.0,85.4,427.36,13.04,414.33
2025-07-02 14:00:00,340.93,96.18,0.0,437.11,15.83,421.28
2025-07-02 15:00:00,306.11,158.77,0.0,464.88,7.06,457.82
2025-07-02 16:00:00,474.41,10.78,0.0,485.2,0.81,484.39
2025-07-02 17:00:00,427.19,0.0,20.43,406.76,0.01,406.76
2025-07-02 18:00:00,301.97,84.74,0.0,386.71,0.01,386.7
2025-07-02 19:00:00,190.96,229.22,0.0,420.18,0.01,420.17
2025-07-02 20:00:00,54.08,354.65,0.0,408.74,0.01,408.73
2025-07-02 21:00:00,19.68,406.78,0.0,426.45,0.01,426.45
2025-07-02 22:00:00,0.46,415.88,0.0,416.34,0.01,416.33
2025-07-02 23:00:00,0.0,402.5,0.0,402.5,0.01,402.49
2025-07-03 00:00:00,0.0,406.25,0.0,406.25,0.01,406.24
2025-07-03 01:00:00,0.0,377.5,0.0,377.5,0.01,377.49
2025-07-03 02:00:00,0.0,378.12,0.0,378.12,0.01,378.12
2025-07-03 03:00:00,0.0,341.25,0.0,341.25,0.01,341.24
2025-07-03 04:00:00,0.0,318.76,0.0,318.76,0.01,318.75
2025-07-03 05:00:00,2.12,350.39,0.0,352.51,0.01,352.5
2025-07-03 06:00:00,13.88,361.19,0.0,375.08,0.01,375.07
2025-07-03 07:00:00,39.26,371.82,0.0,411.07,0.86,410.21
2025-07-03 08:00:00,24.81,380.03,0.0,404.84,32.45,372.39
2025-07-03 09:00:00,61.61,413.01,0.0,474.62,60.97,413.65
2025-07-03 10:00:00,211.34,303.7,0.0,515.04,49.5,465.54
2025-07-03 11:00:00,246.51,202.68,0.0,449.2,37.51,411.69
2025-07-03 12:00:00,450.2,0.0,18.31,431.88,20.42,411.47
2025-07-03 13:00:00,441.01,32.45,0.0,473.46,17.39,456.07
2025-07-03 14:00:00,740.81,0.0,268.33,472.48,0.01,472.47
2025-07-03 15:00:00,527.31,0.0,87.89,439.42,0.01,439.41
2025-07-03 16:00:00,140.9,361.85,0.0,502.75,0.01,502.74
2025-07-03 17:00:00,164.84,292.93,0.0,457.78,0.05,457.73
2025-07-03 18:00:00,185.82,300.77,0.0,486.59,0.01,486.58
2025-07-03 19:00:00,135.12,373.9,0.0,509.01,0.01,509.01
2025-07-03 20:00:00,54.6,431.59,0.0,486.18,0.01,486.18
2025-07-03 21:00:00,6.39,400.89,0.0,407.28,0.01,407.27
2025-07-03 22:00:00,0.0,405.45,0.0,405.45,0.01,405.44
2025-07-03 23:00:00,0.0,431.88,0.0,431.88,0.01,431.87
2025-07-04 00:00:00,0.0,424.38,0.0,424.38,0.01,424.37
2025-07-04 01:00:00,0.0,415.62,0.0,415.62,0.01,415.62
2025-07-04 02:00:00,0.0,425.0,0.0,425.0,0.01,424.99
2025-07-04 03:00:00,0.0,430.62,0.0,430.62,0.01,430.62
2025-07-04 04:00:00,0.0,400.62,0.0,400.62,0.01,400.62
2025-07-04 05:00:00,0.54,394.43,0.0,394.96,0.01,394.96
2025-07-04 06:00:00,14.12,412.82,0.0,426.94,3.61,423.33
2025-07-04 07:00:00,105.92,365.76,0.0,471.68,36.7,434.98
2025-07-04 08:00:00,193.05,362.84,0.0,555.89,122.34,433.54
2025-07-04 09:00:00,274.74,288.5,0.0,563.24,154.86,408.38
2025-07-04 10:00:00,506.54,51.8,0.0,558.34,122.25,436.09
2025-07-04 11:00:00,786.64,0.0,283.27,503.37,92.95,410.41
2025-07-04 12:00:00,850.69,0.0,417.25,433.44,57.66,375.78
2025-07-04 13:00:00,874.13,0.0,455.15,418.98,16.44,402.55
2025-07-04 14:00:00,897.0,0.0,482.84,414.16,12.58,401.58
2025-07-04 15:00:00,887.23,0.0,513.18,374.06,7.46,366.59
2025-07-04 16:00:00,853.26,0.0,510.0,343.26,5.09,338.17
2025-07-04 17:00:00,714.35,0.0,219.15,495.21,3.34,491.86
2025-07-04 18:00:00,577.19,0.0,240.62,336.57,1.95,334.62
2025-07-04 19:00:00,300.92,0.0,12.3,288.62,0.01,288.61
2025-07-04 20:00:00,109.37,168.27,0.0,277.64,0.01,277.64
2025-07-04 21:00:00,25.62,284.74,0.0,310.36,0.01,310.35
2025-07-04 22:00:00,0.25,305.1,0.0,305.35,0.01,305.35
2025-07-04 23:00:00,0.0,324.38,0.0,324.38,0.01,324.37
2025-07-05 00:00:00,0.0,301.88,0.0,301.88,0.01,301.87
2025-07-05 01:00:00,0.0,210.62,0.0,210.62,0.01,210.62
2025-07-05 02:00:00,0.0,241.88,0.0,241.88,0.01,241.87
2025-07-05 03:00:00,0.0,208.75,0.0,208.75,0.01,208.74
2025-07-05 04:00:00,0.0,181.25,0.0,181.25,0.01,181.24
2025-07-05 05:00:00,1.62,61.37,0.0,62.99,0.01,62.98
2025-07-05 06:00:00,18.76,39.38,0.0,58.14,0.01,58.14
2025-07-05 07:00:00,60.91,1.36,0.0,62.27,0.01,62.27
2025-07-05 08:00:00,125.9,0.0,66.91,59.0,0.01,58.99
2025-07-05 09:00:00,240.77,0.0,180.21,60.57,0.01,60.56
2025-07-05 10:00:00,254.25,0.0,192.92,61.33,0.01,61.33
2025-07-05 11:00:00,313.5,0.0,247.9,65.6,0.01,65.6
2025-07-05 12:00:00,263.75,0.0,196.68,67.07,0.01,67.06
2025-07-05 13:00:00,314.44,0.0,248.33,66.11,0.01,66.11
2025-07-05 14:00:00,217.56,0.0,154.55,63.01,0.01,63.01
2025-07-05 15:00:00,187.59,0.0,124.11,63.49,0.01,63.48
2025-07-05 16:00:00,177.5,0.0,115.23,62.27,0.01,62.26
2025-07-05 17:00:00,194.92,0.0,134.13,60.8,0.01,60.79
2025-07-05 18:00:00,141.46,0.0,82.51,58.95,0.01,58.94
2025-07-05 19:00:00,119.46,0.0,60.44,59.02,0.01,59.01
2025-07-05 20:00:00,65.12,0.0,6.43,58.69,0.01,58.68
2025-07-05 21:00:00,18.81,43.1,0.0,61.91,0.01,61.9
2025-07-05 22:00:00,0.09,70.54,0.0,70.62,0.01,70.62
2025-07-05 23:00:00,0.0,69.38,0.0,69.38,0.01,69.37
2025-07-06 00:00:00,0.0,66.25,0.0,66.25,0.01,66.24
2025-07-06 01:00:00,0.0,62.5,0.0,62.5,0.01,62.49
2025-07-06 02:00:00,0.0,61.88,0.0,61.88,0.01,61.87
2025-07-06 03:00:00,0.0,62.5,0.0,62.5,0.01,62.49
2025-07-06 04:00:00,0.0,62.5,0.0,62.5,0.01,62.49
2025-07-06 05:00:00,0.73,61.16,0.0,61.89,0.01,61.88
2025-07-06 06:00:00,12.22,48.07,0.0,60.29,0.01,60.29
2025-07-06 07:00:00,58.05,0.0,0.42,57.63,0.01,57.63
2025-07-06 08:00:00,108.02,0.0,50.46,57.56,0.01,57.55
2025-07-06 09:00:00,342.62,0.0,284.92,57.7,0.01,57.69
2025-07-06 10:00:00,712.34,0.0,654.76,57.58,0.01,57.58
2025-07-06 11:00:00,749.11,0.0,691.24,57.87,0.01,57.86
2025-07-06 12:00:00,688.35,0.0,630.32,58.03,0.01,58.02
2025-07-06 13:00:00,613.47,0.0,556.62,56.84,0.01,56.84
2025-07-06 14:00:00,726.12,0.0,668.24,57.88,0.01,57.87
2025-07-06 15:00:00,619.03,0.0,557.37,61.66,0.01,61.65
2025-07-06 16:00:00,694.62,0.0,630.4,64.22,0.01,64.21
2025-07-06 17:00:00,513.52,0.0,558.98,-45.46,0.01,-45.47
2025-07-06 18:00:00,281.44,0.0,241.4,40.04,0.01,40.04
2025-07-06 19:00:00,214.65,0.0,78.68,135.97,0.01,135.97
2025-07-06 20:00:00,85.6,46.59,0.0,132.19,0.01,132.19
2025-07-06 21:00:00,50.58,133.71,0.0,184.29,0.01,184.28
2025-07-06 22:00:00,3.46,187.28,0.0,190.75,0.01,190.74
2025-07-06 23:00:00,2.32,257.69,0.0,260.0,0.0,260.0
2025-07-07 00:00:00,2.91,303.97,0.0,306.88,0.01,306.87
2025-07-07 01:00:00,3.2,285.55,0.0,288.76,0.01,288.75
2025-07-07 02:00:00,3.08,306.93,0.0,310.01,0.01,310.0
2025-07-07 03:00:00,3.29,321.72,0.0,325.01,0.01,325.01
2025-07-07 04:00:00,3.27,323.0,0.0,326.26,0.01,326.26
2025-07-07 05:00:00,6.23,407.05,0.0,413.28,0.01,413.28
2025-07-07 06:00:00,46.82,329.51,0.0,376.33,0.01,376.33
2025-07-07 07:00:00,161.72,236.9,0.0,398.62,4.61,394.02
2025-07-07 08:00:00,335.25,123.99,0.0,459.24,35.36,423.88
2025-07-07 09:00:00,537.17,0.0,79.92,457.25,61.16,396.09
2025-07-07 10:00:00,601.77,0.0,114.85,486.93,37.95,448.98
2025-07-07 11:00:00,540.48,0.0,67.3,473.17,19.88,453.3
2025-07-07 12:00:00,360.51,107.29,0.0,467.8,3.51,464.29
2025-07-07 13:00:00,308.68,164.66,0.0,473.34,0.01,473.34
2025-07-07 14:00:00,326.89,145.81,0.0,472.7,0.01,472.7
2025-07-07 15:00:00,524.19,0.0,39.42,484.78,0.01,484.77
2025-07-07 16:00:00,439.53,26.85,0.0,466.38,0.35,466.03
2025-07-07 17:00:00,385.34,25.78,0.0,411.12,0.69,410.44
2025-07-07 18:00:00,149.2,281.81,0.0,431.01,0.05,430.96
2025-07-07 19:00:00,140.8,325.13,0.0,465.93,0.01,465.92
2025-07-07 20:00:00,111.83,312.22,0.0,424.05,0.01,424.04
2025-07-07 21:00:00,33.79,387.44,0.0,421.23,0.01,421.22
2025-07-07 22:00:00,3.51,398.23,0.0,401.74,0.01,401.74
2025-07-07 23:00:00,3.17,378.71,0.0,381.88,0.01,381.87
2025-07-08 00:00:00,3.28,339.85,0.0,343.12,0.01,343.12
2025-07-08 01:00:00,3.35,353.53,0.0,356.88,0.01,356.87
2025-07-08 02:00:00,3.38,365.37,0.0,368.75,0.01,368.75
2025-07-08 03:00:00,3.4,351.6,0.0,355.0,0.01,354.99
2025-07-08 04:00:00,3.41,351.59,0.0,355.0,0.01,354.99
2025-07-08 05:00:00,5.89,359.07,0.0,364.96,0.01,364.95
2025-07-08 06:00:00,65.81,338.93,0.0,404.74,1.37,403.37
2025-07-08 07:00:00,164.76,238.02,0.0,402.78,19.57,383.21
2025-07-08 08:00:00,339.61,165.24,0.0,504.85,79.11,425.74
2025-07-08 09:00:00,502.87,17.59,0.0,520.46,113.27,407.19
2025-07-08 10:00:00,414.23,131.58,0.0,545.8,102.08,443.72
2025-07-08 11:00:00,397.18,206.38,0.0,603.56,63.12,540.44
2025-07-08 12:00:00,311.95,183.68,0.0,495.63,38.33,457.31
2025-07-08 13:00:00,311.33,202.35,0.0,513.68,23.07,490.61
2025-07-08 14:00:00,340.63,238.84,0.0,579.47,21.87,557.6
2025-07-08 15:00:00,333.52,260.6,0.0,594.13,15.62,578.51
2025-07-08 16:00:00,390.95,140.12,0.0,531.07,0.05,531.02
2025-07-08 17:00:00,157.55,327.52,0.0,485.08,1.22,483.85
2025-07-08 18:00:00,93.6,398.53,0.0,492.13,0.04,492.08
2025-07-08 19:00:00,50.01,457.08,0.0,507.09,0.01,507.09
2025-07-08 20:00:00,30.03,404.71,0.0,434.75,0.01,434.74
2025-07-08 21:00:00,11.27,409.8,0.0,421.07,0.01,421.06
2025-07-08 22:00:00,3.45,463.12,0.0,466.57,0.01,466.57
2025-07-08 23:00:00,3.6,460.78,0.0,464.38,0.01,464.37
2025-07-09 00:00:00,3.74,467.51,0.0,471.25,0.01,471.24
2025-07-09 01:00:00,3.8,377.45,0.0,381.25,0.01,381.24
2025-07-09 02:00:00,3.83,454.92,0.0,458.75,0.01,458.75
2025-07-09 03:00:00,3.86,459.9,0.0,463.76,0.01,463.75
2025-07-09 04:00:00,3.91,354.86,0.0,358.76,0.01,358.76
2025-07-09 05:00:00,5.43,397.62,0.0,403.04,0.0,403.04
2025-07-09 06:00:00,39.86,419.88,0.0,459.75,0.01,459.74
2025-07-09 07:00:00,81.26,344.36,0.0,425.63,11.63,414.0
2025-07-09 08:00:00,118.54,378.72,0.0,497.26,35.96,461.3
2025-07-09 09:00:00,230.51,211.42,0.0,441.93,56.1,385.84
2025-07-09 10:00:00,451.74,35.92,0.0,487.66,59.28,428.37
2025-07-09 11:00:00,531.56,0.0,42.04,489.52,15.51,474.02
2025-07-09 12:00:00,446.48,37.87,0.0,484.36,13.06,471.3
2025-07-09 13:00:00,304.4,210.04,0.0,514.44,0.87,513.57
2025-07-09 14:00:00,117.24,412.94,0.0,530.18,0.61,529.57
2025-07-09 15:00:00,134.18,379.19,0.0,513.37,7.16,506.21
2025-07-09 16:00:00,26.43,528.98,0.0,555.41,11.73,543.68
2025-07-09 17:00:00,116.95,364.21,0.0,481.16,6.24,474.92
2025-07-09 18:00:00,108.62,400.48,0.0,509.1,8.23,500.87
2025-07-09 19:00:00,192.72,287.76,0.0,480.48,1.19,479.29
2025-07-09 20:00:00,47.12,397.54,0.0,444.67,0.01,444.66
2025-07-09 21:00:00,10.37,427.41,0.0,437.78,0.01,437.78
2025-07-09 22:00:00,4.78,403.07,0.0,407.85,0.01,407.85
2025-07-09 23:00:00,4.93,381.94,0.0,386.88,0.01,386.87
2025-07-10 00:00:00,5.12,361.13,0.0,366.25,0.01,366.24
2025-07-10 01:00:00,5.27,354.73,0.0,360.0,0.01,359.99
2025-07-10 02:00:00,5.13,389.24,0.0,394.38,0.01,394.37
2025-07-10 03:00:00,5.28,397.22,0.0,402.5,0.01,402.49
2025-07-10 04:00:00,5.43,384.57,0.0,390.0,0.01,390.0
2025-07-10 05:00:00,5.45,419.22,0.0,424.67,0.01,424.67
2025-07-10 06:00:00,15.59,441.27,0.0,456.86,0.01,456.85
2025-07-10 07:00:00,72.83,353.41,0.0,426.23,7.43,418.8
2025-07-10 08:00:00,115.16,390.04,0.0,505.2,55.47,449.73
2025-07-10 09:00:00,248.83,281.05,0.0,529.88,75.81,454.07
2025-07-10 10:00:00,502.59,63.03,0.0,565.62,73.11,492.52
2025-07-10 11:00:00,576.5,31.88,0.0,608.38,71.34,537.04
2025-07-10 12:00:00,351.05,182.87,0.0,533.91,39.68,494.23
2025-07-10 13:00:00,394.14,121.96,0.0,516.1,0.01,516.09
2025-07-10 14:00:00,453.1,62.13,0.0,515.23,0.01,515.23
2025-07-10 15:00:00,516.25,5.75,0.0,521.99,0.32,521.67
2025-07-10 16:00:00,400.17,122.34,0.0,522.51,2.22,520.29
2025-07-10 17:00:00,320.82,127.09,0.0,447.91,0.49,447.42
2025-07-10 18:00:00,372.18,133.38,0.0,505.56,0.01,505.55
2025-07-10 19:00:00,297.64,188.6,0.0,486.24,0.01,486.24
2025-07-10 20:00:00,132.77,295.8,0.0,428.57,0.01,428.56
2025-07-10 21:00:00,29.64,417.57,0.0,447.2,0.01,447.2
2025-07-10 22:00:00,9.02,449.35,0.0,458.37,0.01,458.36
2025-07-10 23:00:00,9.49,456.76,0.0,466.25,0.01,466.24
2025-07-11 00:00:00,9.97,458.16,0.0,468.12,0.01,468.12
2025-07-11 01:00:00,10.66,430.59,0.0,441.25,0.01,441.24
2025-07-11 02:00:00,9.45,465.55,0.0,475.0,0.01,474.99
2025-07-11 03:00:00,9.48,460.52,0.0,470.01,0.01,470.0
2025-07-11 04:00:00,9.83,422.05,0.0,431.88,0.01,431.88
2025-07-11 05:00:00,11.22,418.09,0.0,429.31,0.01,429.3
2025-07-11 06:00:00,46.09,365.59,0.0,411.68,1.41,410.28
2025-07-11 07:00:00,157.61,298.81,0.0,456.42,13.52,442.9
2025-07-11 08:00:00,289.59,205.32,0.0,494.91,28.06,466.84
2025-07-11 09:00:00,459.52,35.02,0.0,494.55,45.93,448.62
2025-07-11 10:00:00,543.51,0.0,37.96,505.55,46.7,458.85
2025-07-11 11:00:00,666.62,0.0,176.88,489.75,24.27,465.48
2025-07-11 12:00:00,769.09,0.0,335.13,433.95,13.15,420.81
2025-07-11 13:00:00,773.73,0.0,236.26,537.47,8.21,529.26
2025-07-11 14:00:00,765.95,0.0,227.81,538.14,1.66,536.48
2025-07-11 15:00:00,781.81,0.0,253.86,527.95,0.99,526.97
2025-07-11 16:00:00,585.37,0.0,55.24,530.14,0.8,529.34
2025-07-11 17:00:00,702.27,0.0,289.44,412.83,0.85,411.99
2025-07-11 18:00:00,279.43,129.1,0.0,408.53,0.21,408.33
2025-07-11 19:00:00,158.64,196.52,0.0,355.16,0.01,355.16
2025-07-11 20:00:00,71.36,182.24,0.0,253.6,0.01,253.59
2025-07-11 21:00:00,14.18,89.9,0.0,104.08,0.01,104.08
2025-07-11 22:00:00,6.89,61.65,0.0,68.54,0.01,68.54
2025-07-11 23:00:00,9.99,51.89,0.0,61.88,0.01,61.87
2025-07-12 00:00:00,9.51,49.87,0.0,59.38,0.01,59.37
2025-07-12 01:00:00,3.86,54.26,0.0,58.12,0.01,58.12
2025-07-12 02:00:00,1.61,55.27,0.0,56.88,0.01,56.87
2025-07-12 03:00:00,0.88,56.0,0.0,56.88,0.01,56.87
2025-07-12 04:00:00,0.92,56.58,0.0,57.5,0.01,57.49
2025-07-12 05:00:00,0.97,53.45,0.0,54.42,0.01,54.42
2025-07-12 06:00:00,4.79,48.21,0.0,52.99,0.01,52.98
2025-07-12 07:00:00,14.68,42.72,0.0,57.4,0.01,57.39
2025-07-12 08:00:00,20.96,13.59,0.0,34.55,0.01,34.55
2025-07-12 09:00:00,33.78,20.04,0.0,53.81,0.01,53.81
2025-07-12 10:00:00,45.92,6.85,0.0,52.77,0.01,52.77
2025-07-12 11:00:00,137.9,0.0,87.56,50.34,0.01,50.33
2025-07-12 12:00:00,337.35,0.0,285.39,51.96,0.01,51.95
2025-07-12 13:00:00,253.13,0.0,201.49,51.64,0.01,51.63
2025-07-12 14:00:00,432.84,0.0,380.1,52.75,0.01,52.74
2025-07-12 15:00:00,341.49,0.0,289.12,52.37,0.01,52.37
2025-07-12 16:00:00,437.33,0.0,321.58,115.75,0.01,115.75
2025-07-12 17:00:00,335.2,0.0,295.91,39.29,0.01,39.28
2025-07-12 18:00:00,293.08,0.0,233.61,59.47,0.01,59.46
2025-07-12 19:00:00,107.07,0.0,49.09,57.98,0.01,57.98
2025-07-12 20:00:00,68.58,0.0,13.56,55.02,0.01,55.01
2025-07-12 21:00:00,18.76,36.09,0.0,54.86,0.01,54.85
2025-07-12 22:00:00,8.21,47.19,0.0,55.39,0.01,55.39
2025-07-12 23:00:00,6.7,48.93,0.0,55.62,0.01,55.62
2025-07-13 00:00:00,5.96,49.04,0.0,55.0,0.01,54.99
2025-07-13 01:00:00,5.89,47.24,0.0,53.13,0.01,53.12
2025-07-13 02:00:00,5.43,47.7,0.0,53.13,0.01,53.13
2025-07-13 03:00:00,5.23,47.28,0.0,52.51,0.01,52.5
2025-07-13 04:00:00,5.39,47.13,0.0,52.51,0.01,52.51
2025-07-13 05:00:00,4.45,48.86,0.0,53.3,0.01,53.3
2025-07-13 06:00:00,16.27,33.86,0.0,50.13,0.01,50.13
2025-07-13 07:00:00,71.98,0.0,20.41,51.57,0.01,51.56
2025-07-13 08:00:00,113.24,0.0,64.1,49.14,0.01,49.13
2025-07-13 09:00:00,117.3,0.0,113.25,4.05,0.01,4.04
2025-07-13 10:00:00,183.64,0.0,135.39,48.26,0.01,48.25
2025-07-13 11:00:00,246.52,0.0,196.42,50.1,0.01,50.1
2025-07-13 12:00:00,328.94,0.0,277.47,51.48,0.01,51.47
2025-07-13 13:00:00,465.66,0.0,412.24,53.41,0.01,53.41
2025-07-13 14:00:00,713.23,0.0,654.74,58.49,0.01,58.48
2025-07-13 15:00:00,701.03,0.0,643.19,57.84,0.01,57.83
2025-07-13 16:00:00,505.43,0.0,448.63,56.8,0.01,56.79
2025-07-13 17:00:00,585.57,0.0,560.97,24.6,0.01,24.59
2025-07-13 18:00:00,417.6,0.0,356.67,60.93,0.01,60.93
2025-07-13 19:00:00,265.97,0.0,135.75,130.22,0.01,130.22
2025-07-13 20:00:00,123.03,0.0,9.49,113.54,0.01,113.53
2025-07-13 21:00:00,24.47,197.95,0.0,222.43,0.01,222.42
2025-07-13 22:00:00,5.13,272.66,0.0,277.79,0.01,277.78
2025-07-13 23:00:00,5.21,309.79,0.0,315.0,0.01,314.99
2025-07-14 00:00:00,5.64,327.48,0.0,333.12,0.01,333.12
2025-07-14 01:00:00,5.82,315.43,0.0,321.26,0.01,321.25
2025-07-14 02:00:00,6.07,348.93,0.0,355.0,0.01,355.0
2025-07-14 03:00:00,6.25,355.64,0.0,361.89,0.01,361.88
2025-07-14 04:00:00,6.52,339.74,0.0,346.26,0.01,346.26
2025-07-14 05:00:00,7.54,294.11,0.0,301.65,0.01,301.65
2025-07-14 06:00:00,39.12,309.01,0.0,348.13,1.57,346.56
2025-07-14 07:00:00,146.4,268.09,0.0,414.49,14.67,399.81
2025-07-14 08:00:00,299.88,160.73,0.0,460.61,56.97,403.64
2025-07-14 09:00:00,468.22,62.61,0.0,530.83,91.77,439.06
2025-07-14 10:00:00,487.73,25.3,0.0,513.03,73.37,439.66
2025-07-14 11:00:00,411.6,96.89,0.0,508.49,68.48,440.01
2025-07-14 12:00:00,713.83,0.0,215.33,498.5,62.55,435.95
2025-07-14 13:00:00,794.75,0.0,335.82,458.93,36.77,422.16
2025-07-14 14:00:00,762.03,0.0,234.11,527.92,24.68,503.24
2025-07-14 15:00:00,538.49,0.0,6.19,532.3,19.98,512.32
2025-07-14 16:00:00,497.42,0.0,61.77,435.65,0.62,435.03
2025-07-14 17:00:00,374.55,69.01,0.0,443.57,0.54,443.03
2025-07-14 18:00:00,325.71,149.85,0.0,475.56,0.09,475.47
2025-07-14 19:00:00,314.67,115.03,0.0,429.7,0.01,429.69
2025-07-14 20:00:00,136.67,313.18,0.0,449.86,0.01,449.85
2025-07-14 21:00:00,24.23,422.13,0.0,446.37,0.01,446.36
2025-07-14 22:00:00,0.11,423.02,0.0,423.12,0.01,423.12
2025-07-14 23:00:00,0.0,420.0,0.0,420.0,0.01,419.99
2025-07-15 00:00:00,0.0,416.25,0.0,416.25,0.01,416.24
2025-07-15 01:00:00,0.01,370.62,0.0,370.62,0.01,370.62
2025-07-15 02:00:00,0.29,389.08,0.0,389.38,0.01,389.37
2025-07-15 03:00:00,5.31,365.94,0.0,371.25,0.01,371.24
2025-07-15 04:00:00,6.56,389.07,0.0,395.63,0.0,395.62
2025-07-15 05:00:00,7.95,428.65,0.0,436.61,0.01,436.6
2025-07-15 06:00:00,40.75,467.58,0.0,508.33,0.01,508.32
2025-07-15 07:00:00,140.53,384.38,0.0,524.9,7.08,517.82
2025-07-15 08:00:00,271.88,248.43,0.0,520.31,40.02,480.29
2025-07-15 09:00:00,478.42,107.19,0.0,585.62,68.44,517.18
2025-07-15 10:00:00,513.04,29.98,0.0,543.03,49.71,493.32
2025-07-15 11:00:00,638.03,0.0,114.29,523.74,35.31,488.42
2025-07-15 12:00:00,693.55,0.0,188.52,505.03,28.49,476.54
2025-07-15 13:00:00,703.49,0.0,193.18,510.31,28.18,482.12
2025-07-15 14:00:00,487.08,36.99,0.0,524.07,7.17,516.89
2025-07-15 15:00:00,291.61,236.57,0.0,528.19,0.01,528.18
2025-07-15 16:00:00,81.47,418.62,0.0,500.09,0.29,499.8
2025-07-15 17:00:00,92.41,377.67,0.0,470.08,0.16,469.92
2025-07-15 18:00:00,125.0,347.02,0.0,472.02,0.01,472.01
2025-07-15 19:00:00,54.7,405.93,0.0,460.63,0.01,460.63
2025-07-15 20:00:00,95.04,369.04,0.0,464.08,0.01,464.08
2025-07-15 21:00:00,12.78,467.98,0.0,480.76,0.01,480.76
2025-07-15 22:00:00,0.0,466.36,0.0,466.36,0.0,466.35
2025-07-15 23:00:00,0.0,460.0,0.0,460.0,0.01,459.99
2025-07-16 00:00:00,0.0,488.12,0.0,488.12,0.01,488.12
2025-07-16 01:00:00,0.0,485.62,0.0,485.62,0.01,485.62
2025-07-16 02:00:00,0.0,493.75,0.0,493.75,0.01,493.74
2025-07-16 03:00:00,0.0,436.88,0.0,436.88,0.01,436.87
2025-07-16 04:00:00,0.0,466.25,0.0,466.25,0.01,466.25
2025-07-16 05:00:00,0.83,472.97,0.0,473.81,0.01,473.8
2025-07-16 06:00:00,29.28,465.14,0.0,494.42,0.01,494.42
2025-07-16 07:00:00,62.12,417.97,0.0,480.09,0.01,480.09
2025-07-16 08:00:00,197.35,299.93,0.0,497.28,3.91,493.37
2025-07-16 09:00:00,257.06,268.07,0.0,525.13,42.47,482.66
2025-07-16 10:00:00,340.01,207.17,0.0,547.18,38.46,508.73
2025-07-16 11:00:00,286.38,263.66,0.0,550.04,29.69,520.35
2025-07-16 12:00:00,437.3,73.48,0.0,510.79,29.34,481.45
2025-07-16 13:00:00,658.61,0.0,140.93,517.68,33.81,483.87
2025-07-16 14:00:00,425.59,55.39,0.0,480.98,28.4,452.59
2025-07-16 15:00:00,430.54,58.74,0.0,489.29,24.02,465.26
2025-07-16 16:00:00,372.93,91.7,0.0,464.63,19.02,445.6
2025-07-16 17:00:00,553.46,0.0,127.2,426.25,6.42,419.83
2025-07-16 18:00:00,242.58,209.6,0.0,452.18,0.01,452.17
2025-07-16 19:00:00,72.91,359.24,0.0,432.14,0.01,432.14
2025-07-16 20:00:00,35.72,378.15,0.0,413.87,0.01,413.86
2025-07-16 21:00:00,6.45,397.01,0.0,403.47,0.01,403.46
2025-07-16 22:00:00,0.0,410.17,0.0,410.17,0.01,410.17
2025-07-16 23:00:00,0.0,395.0,0.0,395.0,0.01,394.99
2025-07-17 00:00:00,0.0,368.12,0.0,368.12,0.01,368.12
2025-07-17 01:00:00,0.0,356.25,0.0,356.25,0.01,356.24
2025-07-17 02:00:00,0.0,388.75,0.0,388.75,0.01,388.74
2025-07-17 03:00:00,0.0,453.12,0.0,453.12,0.01,453.12
2025-07-17 04:00:00,0.0,441.25,0.0,441.25,0.01,441.24
2025-07-17 05:00:00,1.96,417.05,0.0,419.01,0.01,419.0
2025-07-17 06:00:00,34.59,398.85,0.0,433.44,0.01,433.44
2025-07-17 07:00:00,157.06,308.92,0.0,465.99,11.97,454.02
2025-07-17 08:00:00,286.37,241.15,0.0,527.53,58.52,469.01
2025-07-17 09:00:00,465.04,81.49,0.0,546.53,76.18,470.35
2025-07-17 10:00:00,593.32,0.0,13.05,580.26,37.05,543.21
2025-07-17 11:00:00,747.02,0.0,233.53,513.49,12.94,500.55
2025-07-17 12:00:00,796.36,0.0,276.91,519.44,12.06,507.39
2025-07-17 13:00:00,850.48,0.0,361.8,488.69,6.67,482.01
2025-07-17 14:00:00,843.81,0.0,385.63,458.18,0.37,457.82
2025-07-17 15:00:00,804.65,0.0,278.02,526.63,0.01,526.62
2025-07-17 16:00:00,745.01,0.0,312.31,432.7,0.01,432.69
2025-07-17 17:00:00,589.29,0.0,158.1,431.2,0.01,431.19
2025-07-17 18:00:00,445.66,0.0,9.47,436.19,0.01,436.19
2025-07-17 19:00:00,262.96,172.54,0.0,435.5,0.01,435.49
2025-07-17 20:00:00,122.76,287.97,0.0,410.73,0.01,410.72
2025-07-17 21:00:00,24.95,390.44,0.0,415.4,0.01,415.39
2025-07-17 22:00:00,0.5,397.0,0.0,397.5,0.01,397.49
2025-07-17 23:00:00,1.03,359.59,0.0,360.62,0.01,360.62
2025-07-18 00:00:00,3.81,328.69,0.0,332.5,0.01,332.49
2025-07-18 01:00:00,10.0,284.37,0.0,294.38,0.01,294.37
2025-07-18 02:00:00,12.28,303.97,0.0,316.25,0.01,316.24
2025-07-18 03:00:00,11.96,327.41,0.0,339.38,0.01,339.37
2025-07-18 04:00:00,11.13,314.49,0.0,325.62,0.01,325.62
2025-07-18 05:00:00,12.76,343.15,0.0,355.92,0.01,355.91
2025-07-18 06:00:00,43.25,340.32,0.0,383.57,3.17,380.4
2025-07-18 07:00:00,120.01,270.62,0.0,390.64,26.44,364.19
2025-07-18 08:00:00,238.18,216.8,0.0,454.99,52.78,402.2
2025-07-18 09:00:00,388.69,78.47,0.0,467.17,70.55,396.62
2025-07-18 10:00:00,563.88,0.0,51.1,512.78,58.93,453.85
2025-07-18 11:00:00,590.13,0.0,141.33,448.79,28.81,419.98
2025-07-18 12:00:00,694.37,0.0,296.18,398.19,1.49,396.7
2025-07-18 13:00:00,599.05,0.0,139.84,459.21,19.67,439.54
2025-07-18 14:00:00,590.02,0.0,101.61,488.4,18.48,469.92
2025-07-18 15:00:00,746.11,0.0,264.4,481.7,2.68,479.03
2025-07-18 16:00:00,747.94,0.0,284.53,463.41,2.17,461.24
2025-07-18 17:00:00,589.94,0.0,177.67,412.27,0.23,412.04
2025-07-18 18:00:00,350.68,98.92,0.0,449.6,0.01,449.6
2025-07-18 19:00:00,188.94,258.79,0.0,447.72,0.01,447.72
2025-07-18 20:00:00,82.65,323.49,0.0,406.14,0.01,406.13
2025-07-18 21:00:00,24.08,334.36,0.0,358.45,0.01,358.44
2025-07-18 22:00:00,0.0,385.0,0.0,385.0,0.01,384.99
2025-07-18 23:00:00,1.13,392.62,0.0,393.75,0.01,393.74
2025-07-19 00:00:00,3.48,384.02,0.0,387.5,0.01,387.49
2025-07-19 01:00:00,3.31,387.31,0.0,390.62,0.01,390.62
2025-07-19 02:00:00,5.33,380.29,0.0,385.62,0.01,385.62
2025-07-19 03:00:00,6.11,382.64,0.0,388.75,0.01,388.74
2025-07-19 04:00:00,2.13,385.99,0.0,388.12,0.01,388.12
2025-07-19 05:00:00,0.01,430.9,0.0,430.91,0.01,430.91
2025-07-19 06:00:00,18.5,386.94,0.0,405.45,0.01,405.44
2025-07-19 07:00:00,85.47,293.01,0.0,378.47,0.01,378.47
2025-07-19 08:00:00,237.98,73.0,0.0,310.98,0.01,310.98
2025-07-19 09:00:00,373.26,0.0,55.28,317.97,0.01,317.97
2025-07-19 10:00:00,453.84,0.0,160.63,293.22,0.01,293.21
2025-07-19 11:00:00,635.78,0.0,324.61,311.17,0.01,311.16
2025-07-19 12:00:00,726.79,0.0,510.05,216.74,0.01,216.73
2025-07-19 13:00:00,832.88,0.0,752.63,80.25,0.01,80.24
2025-07-19 14:00:00,703.17,0.0,630.77,72.39,0.01,72.39
2025-07-19 15:00:00,801.6,0.0,729.33,72.27,0.01,72.27
2025-07-19 16:00:00,759.86,0.0,686.8,73.06,0.01,73.05
2025-07-19 17:00:00,607.61,0.0,535.44,72.17,0.01,72.16
2025-07-19 18:00:00,447.67,0.0,365.67,82.01,0.01,82.0
2025-07-19 19:00:00,258.17,0.0,197.92,60.25,0.01,60.24
2025-07-19 20:00:00,126.61,0.0,68.96,57.65,0.01,57.65
2025-07-19 21:00:00,23.66,32.46,0.0,56.12,0.01,56.11
2025-07-19 22:00:00,0.0,55.0,0.0,55.0,0.01,54.99
2025-07-19 23:00:00,0.0,55.0,0.0,55.0,0.01,54.99
2025-07-20 00:00:00,0.0,53.75,0.0,53.75,0.01,53.74
2025-07-20 01:00:00,0.0,51.88,0.0,51.88,0.01,51.87
2025-07-20 02:00:00,0.0,51.88,0.0,51.88,0.01,51.87
2025-07-20 03:00:00,0.0,51.88,0.0,51.88,0.01,51.87
2025-07-20 04:00:00,0.0,51.88,0.0,51.88,0.01,51.87
2025-07-20 05:00:00,0.28,50.97,0.0,51.25,0.01,51.24
2025-07-20 06:00:00,34.33,14.62,0.0,48.95,0.01,48.94
2025-07-20 07:00:00,118.93,0.0,78.66,40.27,0.01,40.26
2025-07-20 08:00:00,207.51,0.0,149.42,58.09,0.01,58.08
2025-07-20 09:00:00,478.13,0.0,427.29,50.83,0.01,50.83
2025-07-20 10:00:00,571.7,0.0,518.34,53.35,0.01,53.35
2025-07-20 11:00:00,641.84,0.0,590.58,51.26,0.01,51.25
2025-07-20 12:00:00,809.26,0.0,760.51,48.75,0.01,48.74
2025-07-20 13:00:00,845.6,0.0,798.24,47.36,0.01,47.35
2025-07-20 14:00:00,852.54,0.0,804.09,48.45,0.01,48.44
2025-07-20 15:00:00,834.29,0.0,787.47,46.82,0.01,46.81
2025-07-20 16:00:00,722.55,0.0,693.85,28.7,0.01,28.69
2025-07-20 17:00:00,554.44,0.0,495.07,59.37,0.01,59.37
2025-07-20 18:00:00,437.38,0.0,372.1,65.28,0.01,65.27
2025-07-20 19:00:00,259.96,0.0,189.75,70.21,0.01,70.2
2025-07-20 20:00:00,112.9,0.0,36.42,76.48,0.01,76.47
2025-07-20 21:00:00,16.54,48.17,0.0,64.71,0.01,64.71
2025-07-20 22:00:00,0.0,63.12,0.0,63.12,0.01,63.12
2025-07-20 23:00:00,0.0,61.25,0.0,61.25,0.01,61.24
2025-07-21 00:00:00,0.0,61.88,0.0,61.88,0.01,61.87
2025-07-21 01:00:00,0.0,62.5,0.0,62.5,0.01,62.49
2025-07-21 02:00:00,0.0,66.25,0.0,66.25,0.01,66.24
2025-07-21 03:00:00,0.0,72.5,0.0,72.5,0.01,72.49
2025-07-21 04:00:00,0.0,70.62,0.0,70.62,0.01,70.62
2025-07-21 05:00:00,0.0,75.29,0.0,75.29,0.01,75.28
2025-07-21 06:00:00,27.34,45.8,0.0,73.15,0.01,73.14
2025-07-21 07:00:00,70.85,0.0,0.77,70.08,0.01,70.07
2025-07-21 08:00:00,149.19,0.0,99.99,49.2,0.01,49.19
2025-07-21 09:00:00,339.75,0.0,275.33,64.42,0.01,64.41
2025-07-21 10:00:00,564.26,0.0,499.6,64.66,0.01,64.66
2025-07-21 11:00:00,642.54,0.0,575.4,67.14,0.01,67.14
2025-07-21 12:00:00,585.08,0.0,515.37,69.71,0.01,69.7
2025-07-21 13:00:00,701.9,0.0,628.77,73.13,0.01,73.12
2025-07-21 14:00:00,660.16,0.0,583.47,76.69,0.01,76.69
2025-07-21 15:00:00,694.29,0.0,627.26,67.04,0.01,67.03
2025-07-21 16:00:00,566.36,0.0,477.64,88.72,0.01,88.71
2025-07-21 17:00:00,369.66,0.0,304.07,65.59,0.01,65.59
2025-07-21 18:00:00,243.19,0.0,193.1,50.09,0.01,50.09
2025-07-21 19:00:00,149.45,2.93,0.0,152.38,0.01,152.37
2025-07-21 20:00:00,42.96,70.86,0.0,113.82,0.01,113.81
2025-07-21 21:00:00,21.83,243.6,0.0,265.43,0.01,265.42
2025-07-21 22:00:00,0.0,308.75,0.0,308.75,0.01,308.74
2025-07-21 23:00:00,0.0,324.38,0.0,324.38,0.01,324.37
2025-07-22 00:00:00,0.0,282.5,0.0,282.5,0.01,282.49
2025-07-22 01:00:00,0.0,299.38,0.0,299.38,0.01,299.37
2025-07-22 02:00:00,0.0,373.12,0.0,373.12,0.01,373.12
2025-07-22 03:00:00,0.0,398.75,0.0,398.75,0.01,398.74
2025-07-22 04:00:00,6.09,332.66,0.0,338.75,0.01,338.74
2025-07-22 05:00:00,9.39,380.82,0.0,390.21,0.01,390.21
2025-07-22 06:00:00,17.36,319.94,0.0,337.31,0.01,337.3
2025-07-22 07:00:00,108.82,279.56,0.0,388.38,14.25,374.13
2025-07-22 08:00:00,288.14,164.73,0.0,452.87,97.81,355.07
2025-07-22 09:00:00,466.24,44.69,0.0,510.93,133.12,377.81
2025-07-22 10:00:00,474.6,82.24,0.0,556.85,107.67,449.18
2025-07-22 11:00:00,491.75,61.54,0.0,553.28,60.28,493.0
2025-07-22 12:00:00,507.79,34.63,0.0,542.42,46.58,495.84
2025-07-22 13:00:00,521.36,0.0,42.87,478.49,41.1,437.39
2025-07-22 14:00:00,374.74,96.34,0.0,471.08,28.95,442.13
2025-07-22 15:00:00,535.3,0.0,84.24,451.06,5.73,445.33
2025-07-22 16:00:00,303.65,125.32,0.0,428.98,8.08,420.89
2025-07-22 17:00:00,264.13,125.05,0.0,389.18,5.45,383.73
2025-07-22 18:00:00,115.91,280.52,0.0,396.43,2.48,393.95
2025-07-22 19:00:00,104.76,274.96,0.0,379.72,0.01,379.71
2025-07-22 20:00:00,67.8,334.31,0.0,402.11,0.01,402.1
2025-07-22 21:00:00,12.95,384.8,0.0,397.75,0.01,397.74
2025-07-22 22:00:00,0.0,388.75,0.0,388.75,0.01,388.74
2025-07-22 23:00:00,0.0,371.25,0.0,371.25,0.01,371.24
2025-07-23 00:00:00,0.0,355.0,0.0,355.0,0.01,354.99
2025-07-23 01:00:00,0.0,341.25,0.0,341.25,0.01,341.24
2025-07-23 02:00:00,0.0,360.0,0.0,360.0,0.01,359.99
2025-07-23 03:00:00,0.0,357.5,0.0,357.5,0.01,357.49
2025-07-23 04:00:00,0.0,343.75,0.0,343.75,0.01,343.74
2025-07-23 05:00:00,0.0,388.12,0.0,388.12,0.01,388.12
2025-07-23 06:00:00,8.26,406.15,0.0,414.41,0.01,414.4
2025-07-23 07:00:00,33.68,402.78,0.0,436.46,8.3,428.16
2025-07-23 08:00:00,115.84,337.21,0.0,453.05,49.15,403.9
2025-07-23 09:00:00,182.18,216.49,0.0,398.67,81.83,316.84
2025-07-23 10:00:00,227.77,208.28,0.0,436.05,60.93,375.12
2025-07-23 11:00:00,346.41,103.21,0.0,449.63,21.78,427.85
2025-07-23 12:00:00,278.75,126.89,0.0,405.64,17.14,388.51
2025-07-23 13:00:00,424.23,0.0,22.73,401.5,0.72,400.79
2025-07-23 14:00:00,332.36,134.34,0.0,466.7,0.01,466.69
2025-07-23 15:00:00,198.09,238.02,0.0,436.11,0.0,436.1
2025-07-23 16:00:00,105.58,371.96,0.0,477.54,0.01,477.53
2025-07-23 17:00:00,408.03,0.0,47.38,360.65,1.61,359.04
2025-07-23 18:00:00,257.41,124.7,0.0,382.11,0.01,382.1
2025-07-23 19:00:00,213.12,171.64,0.0,384.76,0.01,384.75
2025-07-23 20:00:00,116.17,218.09,0.0,334.26,0.01,334.25
2025-07-23 21:00:00,11.46,354.5,0.0,365.97,0.01,365.96
2025-07-23 22:00:00,0.0,366.25,0.0,366.25,0.01,366.24
2025-07-23 23:00:00,0.0,368.75,0.0,368.75,0.01,368.74
2025-07-24 00:00:00,0.0,336.88,0.0,336.88,0.01,336.87
2025-07-24 01:00:00,0.0,315.0,0.0,315.0,0.01,314.99
2025-07-24 02:00:00,0.0,348.12,0.0,348.12,0.01,348.12
2025-07-24 03:00:00,0.0,345.62,0.0,345.62,0.01,345.62
2025-07-24 04:00:00,0.0,311.25,0.0,311.25,0.01,311.24
2025-07-24 05:00:00,0.0,368.86,0.0,368.86,0.01,368.85
2025-07-24 06:00:00,16.54,374.89,0.0,391.43,0.05,391.38
2025-07-24 07:00:00,89.03,300.15,0.0,389.18,22.52,366.66
2025-07-24 08:00:00,223.36,215.82,0.0,439.18,48.04,391.14
2025-07-24 09:00:00,394.81,81.81,0.0,476.62,89.04,387.57
2025-07-24 10:00:00,606.15,0.0,62.69,543.46,73.43,470.03
2025-07-24 11:00:00,602.19,0.0,126.75,475.44,41.74,433.7
2025-07-24 12:00:00,855.25,0.0,424.36,430.89,18.97,411.92
2025-07-24 13:00:00,867.89,0.0,499.97,367.92,2.89,365.04
2025-07-24 14:00:00,861.07,0.0,536.85,324.22,2.86,321.36
2025-07-24 15:00:00,841.59,0.0,496.88,344.71,2.87,341.84
2025-07-24 16:00:00,724.64,0.0,381.26,343.38,1.7,341.68
2025-07-24 17:00:00,522.32,0.0,245.34,276.98,0.29,276.69
2025-07-24 18:00:00,307.49,0.0,32.54,274.96,0.01,274.95
2025-07-24 19:00:00,226.0,39.27,0.0,265.27,0.01,265.27
2025-07-24 20:00:00,80.88,184.43,0.0,265.3,0.01,265.3
2025-07-24 21:00:00,9.95,238.53,0.0,248.47,0.01,248.47
2025-07-24 22:00:00,0.0,256.88,0.0,256.88,0.01,256.87
2025-07-24 23:00:00,0.0,228.75,0.0,228.75,0.01,228.74
2025-07-25 00:00:00,0.0,239.38,0.0,239.38,0.01,239.37
2025-07-25 01:00:00,0.0,223.12,0.0,223.12,0.01,223.12
2025-07-25 02:00:00,0.0,232.5,0.0,232.5,0.01,232.49
2025-07-25 03:00:00,0.0,238.12,0.0,238.12,0.01,238.12
2025-07-25 04:00:00,0.0,207.5,0.0,207.5,0.01,207.49
2025-07-25 05:00:00,0.0,297.0,0.0,297.0,0.01,296.99
2025-07-25 06:00:00,11.66,324.64,0.0,336.3,4.11,332.19
2025-07-25 07:00:00,77.47,285.24,0.0,362.71,30.26,332.46
2025-07-25 08:00:00,90.76,294.4,0.0,385.15,70.79,314.36
2025-07-25 09:00:00,317.51,42.91,0.0,360.42,80.09,280.32
2025-07-25 10:00:00,308.44,8.73,0.0,317.17,62.9,254.27
2025-07-25 11:00:00,467.33,0.0,174.23,293.1,49.96,243.14
2025-07-25 12:00:00,579.8,0.0,287.16,292.63,30.94,261.69
2025-07-25 13:00:00,409.7,0.0,209.42,200.29,24.04,176.24
2025-07-25 14:00:00,356.17,0.0,223.34,132.83,4.26,128.57
2025-07-25 15:00:00,310.08,0.0,205.82,104.26,0.01,104.25
2025-07-25 16:00:00,188.93,0.0,79.24,109.69,0.73,108.96
2025-07-25 17:00:00,118.41,0.0,19.51,98.9,5.21,93.69
2025-07-25 18:00:00,86.62,5.33,0.0,91.95,1.13,90.82
2025-07-25 19:00:00,70.6,27.29,0.0,97.89,0.01,97.88
2025-07-25 20:00:00,13.68,72.74,0.0,86.42,0.01,86.42
2025-07-25 21:00:00,0.56,79.49,0.0,80.05,0.01,80.04
2025-07-25 22:00:00,0.0,51.25,0.0,51.25,0.01,51.24
2025-07-25 23:00:00,0.0,43.75,0.0,43.75,0.01,43.74
2025-07-26 00:00:00,0.0,41.25,0.0,41.25,0.01,41.24
2025-07-26 01:00:00,0.0,42.5,0.0,42.5,0.01,42.49
2025-07-26 02:00:00,0.0,40.62,0.0,40.62,0.01,40.62
2025-07-26 03:00:00,0.0,41.25,0.0,41.25,0.01,41.24
2025-07-26 04:00:00,0.0,40.62,0.0,40.62,0.01,40.62
2025-07-26 05:00:00,0.0,40.72,0.0,40.72,0.01,40.71
2025-07-26 06:00:00,4.43,35.94,0.0,40.37,0.01,40.37
2025-07-26 07:00:00,70.53,0.0,27.43,43.1,0.01,43.1
2025-07-26 08:00:00,206.9,0.0,144.94,61.96,0.01,61.96
2025-07-26 09:00:00,375.41,0.0,359.43,15.98,0.01,15.98
2025-07-26 10:00:00,524.15,0.0,481.39,42.76,0.01,42.76
2025-07-26 11:00:00,558.49,0.0,508.75,49.74,0.01,49.74
2025-07-26 12:00:00,796.47,0.0,739.89,56.59,0.01,56.58
2025-07-26 13:00:00,862.95,0.0,799.24,63.71,0.01,63.7
2025-07-26 14:00:00,871.18,0.0,805.49,65.69,0.01,65.68
2025-07-26 15:00:00,828.15,0.0,761.7,66.45,0.01,66.44
2025-07-26 16:00:00,623.06,0.0,544.13,78.93,0.01,78.92
2025-07-26 17:00:00,451.68,0.0,324.78,126.9,0.01,126.89
2025-07-26 18:00:00,214.44,0.0,156.14,58.3,0.01,58.3
2025-07-26 19:00:00,194.67,0.0,147.69,46.98,0.01,46.97
2025-07-26 20:00:00,89.41,0.0,50.6,38.81,0.01,38.81
2025-07-26 21:00:00,26.51,11.37,0.0,37.88,0.01,37.87
2025-07-26 22:00:00,0.0,40.62,0.0,40.62,0.01,40.62
2025-07-26 23:00:00,0.0,40.62,0.0,40.62,0.01,40.62
2025-07-27 00:00:00,0.0,41.25,0.0,41.25,0.01,41.24
2025-07-27 01:00:00,0.0,40.62,0.0,40.62,0.01,40.62
2025-07-27 02:00:00,0.0,40.0,0.0,40.0,0.01,39.99
2025-07-27 03:00:00,0.0,40.62,0.0,40.62,0.01,40.62
2025-07-27 04:00:00,0.0,40.0,0.0,40.0,0.01,39.99
2025-07-27 05:00:00,0.0,40.62,0.0,40.62,0.01,40.62
2025-07-27 06:00:00,18.22,17.24,0.0,35.45,0.01,35.45
2025-07-27 07:00:00,90.13,0.0,54.52,35.61,0.01,35.6
2025-07-27 08:00:00,265.39,0.0,229.9,35.49,0.01,35.48
2025-07-27 09:00:00,443.41,0.0,407.4,36.01,0.01,36.0
2025-07-27 10:00:00,451.13,0.0,431.43,19.7,0.01,19.69
2025-07-27 11:00:00,581.46,0.0,520.94,60.52,0.01,60.52
2025-07-27 12:00:00,685.34,0.0,647.5,37.84,0.01,37.84
2025-07-27 13:00:00,743.37,0.0,707.73,35.64,0.01,35.63
2025-07-27 14:00:00,707.04,0.0,673.04,34.0,0.01,34.0
2025-07-27 15:00:00,800.0,0.0,817.74,-17.74,0.01,-17.75
2025-07-27 16:00:00,630.24,0.0,574.85,55.39,0.01,55.38
2025-07-27 17:00:00,556.13,0.0,499.28,56.85,0.01,56.84
2025-07-27 18:00:00,412.97,0.0,362.15,50.82,0.01,50.82
2025-07-27 19:00:00,245.68,0.0,198.31,47.37,0.01,47.37
2025-07-27 20:00:00,72.17,0.0,27.2,44.97,0.01,44.97
2025-07-27 21:00:00,13.58,28.06,0.0,41.64,0.01,41.63
2025-07-27 22:00:00,0.0,42.5,0.0,42.5,0.01,42.49
2025-07-27 23:00:00,0.0,42.5,0.0,42.5,0.01,42.49
2025-07-28 00:00:00,0.0,50.0,0.0,50.0,0.01,49.99
2025-07-28 01:00:00,0.0,49.38,0.0,49.38,0.01,49.37
2025-07-28 02:00:00,0.0,43.75,0.0,43.75,0.01,43.74
2025-07-28 03:00:00,0.0,44.38,0.0,44.38,0.01,44.37
2025-07-28 04:00:00,0.0,47.5,0.0,47.5,0.01,47.49
2025-07-28 05:00:00,0.01,68.74,0.0,68.75,0.01,68.74
2025-07-28 06:00:00,24.94,66.85,0.0,91.79,0.01,91.79
2025-07-28 07:00:00,111.68,14.37,0.0,126.05,5.36,120.69
2025-07-28 08:00:00,250.19,0.0,61.05,189.14,66.1,123.04
2025-07-28 09:00:00,424.57,0.0,177.19,247.39,103.13,144.26
2025-07-28 10:00:00,589.99,0.0,350.3,239.69,85.8,153.88
2025-07-28 11:00:00,723.94,0.0,507.22,216.72,63.34,153.38
2025-07-28 12:00:00,799.63,0.0,598.12,201.51,49.98,151.53
2025-07-28 13:00:00,872.17,0.0,729.33,142.84,34.22,108.62
2025-07-28 14:00:00,871.95,0.0,671.68,200.27,10.5,189.76
2025-07-28 15:00:00,849.6,0.0,725.38,124.22,9.61,114.61
2025-07-28 16:00:00,769.17,0.0,669.89,99.28,6.26,93.02
2025-07-28 17:00:00,620.99,0.0,532.61,88.38,0.48,87.89
2025-07-28 18:00:00,449.36,0.0,360.96,88.4,0.01,88.4
2025-07-28 19:00:00,257.32,0.0,173.06,84.26,0.01,84.25
2025-07-28 20:00:00,92.52,0.0,25.59,66.92,0.01,66.92
2025-07-28 21:00:00,14.85,37.01,0.0,51.86,0.01,51.85
2025-07-28 22:00:00,0.0,42.5,0.0,42.5,0.01,42.49
2025-07-28 23:00:00,0.0,41.25,0.0,41.25,0.01,41.24
2025-07-29 00:00:00,0.0,40.62,0.0,40.62,0.01,40.62
2025-07-29 01:00:00,0.0,40.62,0.0,40.62,0.01,40.62
2025-07-29 02:00:00,0.0,40.62,0.0,40.62,0.01,40.62
2025-07-29 03:00:00,0.0,42.5,0.0,42.5,0.01,42.49
2025-07-29 04:00:00,0.0,45.0,0.0,45.0,0.01,44.99
2025-07-29 05:00:00,0.0,73.75,0.0,73.75,0.01,73.74
2025-07-29 06:00:00,18.65,67.58,0.0,86.23,0.01,86.22
2025-07-29 07:00:00,110.44,0.0,9.8,100.64,7.59,93.04
2025-07-29 08:00:00,255.83,0.0,93.05,162.78,40.7,122.07
2025-07-29 09:00:00,446.6,0.0,201.72,244.88,75.67,169.21
2025-07-29 10:00:00,613.87,0.0,430.97,182.9,54.11,128.79
2025-07-29 11:00:00,749.83,0.0,617.79,132.03,34.28,97.75
2025-07-29 12:00:00,832.29,0.0,704.87,127.42,19.88,107.54
2025-07-29 13:00:00,854.56,0.0,746.36,108.2,4.73,103.47
2025-07-29 14:00:00,853.35,0.0,764.49,88.86,0.01,88.86
2025-07-29 15:00:00,821.29,0.0,742.38,78.91,0.01,78.91
2025-07-29 16:00:00,731.71,0.0,659.45,72.26,0.01,72.25
2025-07-29 17:00:00,593.25,0.0,540.51,52.74,0.76,51.98
2025-07-29 18:00:00,419.28,0.0,370.39,48.89,0.01,48.88
2025-07-29 19:00:00,239.64,0.0,182.79,56.85,0.01,56.84
2025-07-29 20:00:00,76.5,0.0,23.39,53.11,0.01,53.1
2025-07-29 21:00:00,7.21,40.29,0.0,47.5,0.01,47.49
2025-07-29 22:00:00,0.0,45.0,0.0,45.0,0.01,44.99
2025-07-29 23:00:00,0.0,42.5,0.0,42.5,0.01,42.49
2025-07-30 00:00:00,0.0,41.88,0.0,41.88,0.01,41.87
2025-07-30 01:00:00,0.0,41.88,0.0,41.88,0.01,41.87
2025-07-30 02:00:00,0.0,43.12,0.0,43.12,0.01,43.12
2025-07-30 03:00:00,0.0,43.75,0.0,43.75,0.01,43.74
2025-07-30 04:00:00,0.0,46.88,0.0,46.88,0.01,46.87
2025-07-30 05:00:00,0.0,70.0,0.0,70.0,0.01,69.99
2025-07-30 06:00:00,16.89,62.64,0.0,79.53,0.01,79.52
2025-07-30 07:00:00,97.53,0.0,15.68,81.85,0.01,81.85
2025-07-30 08:00:00,240.99,0.0,106.01,134.99,48.03,86.96
2025-07-30 09:00:00,416.83,0.0,263.3,153.53,88.37,65.16
2025-07-30 10:00:00,600.6,0.0,451.59,149.02,68.61,80.4
2025-07-30 11:00:00,739.4,0.0,606.74,132.66,49.47,83.2
2025-07-30 12:00:00,816.03,0.0,703.5,112.53,27.48,85.05
2025-07-30 13:00:00,827.06,0.0,724.81,102.25,2.6,99.65
2025-07-30 14:00:00,816.06,0.0,720.81,95.25,0.0,95.25
2025-07-30 15:00:00,697.14,0.0,598.51,98.63,0.04,98.59
2025-07-30 16:00:00,627.11,0.0,537.88,89.23,0.01,89.23
2025-07-30 17:00:00,541.82,0.0,456.66,85.16,1.78,83.38
2025-07-30 18:00:00,418.83,0.0,338.4,80.43,0.01,80.42
2025-07-30 19:00:00,242.42,0.0,149.66,92.76,0.01,92.75
2025-07-30 20:00:00,86.19,0.0,10.71,75.47,0.01,75.47
2025-07-30 21:00:00,7.66,49.15,0.0,56.81,0.01,56.81
2025-07-30 22:00:00,0.0,45.0,0.0,45.0,0.01,44.99
2025-07-30 23:00:00,0.0,43.12,0.0,43.12,0.01,43.12
2025-07-31 00:00:00,0.0,41.25,0.0,41.25,0.01,41.24
2025-07-31 01:00:00,0.0,40.62,0.0,40.62,0.01,40.62
2025-07-31 02:00:00,0.0,41.25,0.0,41.25,0.01,41.24
2025-07-31 03:00:00,0.0,41.25,0.0,41.25,0.01,41.24
2025-07-31 04:00:00,0.0,45.0,0.0,45.0,0.01,44.99
2025-07-31 05:00:00,0.0,66.88,0.0,66.88,0.01,66.87
2025-07-31 06:00:00,7.5,67.14,0.0,74.65,0.01,74.64
2025-07-31 07:00:00,80.04,10.48,0.0,90.53,14.55,75.98
2025-07-31 08:00:00,183.62,0.0,78.87,104.75,30.56,74.19
2025-07-31 09:00:00,160.31,0.0,24.63,135.68,73.59,62.09
2025-07-31 10:00:00,225.26,0.0,89.31,135.95,58.68,77.28
2025-07-31 11:00:00,349.62,0.0,243.59,106.03,27.6,78.43
2025-07-31 12:00:00,552.2,0.0,429.8,122.4,24.9,97.49
2025-07-31 13:00:00,366.7,0.0,242.15,124.56,24.86,99.7
2025-07-31 14:00:00,371.41,0.0,284.65,86.77,18.18,68.59
2025-07-31 15:00:00,711.7,0.0,644.26,67.44,10.46,56.98
2025-07-31 16:00:00,650.82,0.0,603.74,47.07,0.01,47.07
2025-07-31 17:00:00,578.07,0.0,555.54,22.54,0.51,22.03
2025-07-31 18:00:00,410.67,0.0,371.65,39.02,0.01,39.01
2025-07-31 19:00:00,159.71,0.0,122.59,37.12,0.01,37.11
2025-07-31 20:00:00,98.0,0.0,61.22,36.77,0.01,36.77
2025-07-31 21:00:00,13.45,25.02,0.0,38.47,0.01,38.46
2025-07-31 22:00:00,0.0,39.38,0.0,39.38,0.01,39.37
2025-07-31 23:00:00,0.0,44.38,0.0,44.38,0.01,44.37
2025-08-01 00:00:00,0.0,46.88,0.0,46.88,0.01,46.88
2025-08-01 01:00:00,0.0,43.76,0.0,43.76,0.01,43.76
2025-08-01 02:00:00,0.0,39.4,0.0,39.4,0.01,39.39
2025-08-01 03:00:00,0.0,40.03,0.0,40.03,0.01,40.02
2025-08-01 04:00:00,0.0,42.53,0.0,42.53,0.01,42.53
2025-08-01 05:00:00,0.0,66.28,0.0,66.28,0.01,66.28
2025-08-01 06:00:00,0.11,64.45,0.0,64.56,0.01,64.56
2025-08-01 07:00:00,6.95,60.59,0.0,67.54,0.01,67.53
2025-08-01 08:00:00,14.6,64.39,0.0,78.99,4.51,74.49
2025-08-01 09:00:00,67.1,24.35,0.0,91.44,17.89,73.55
2025-08-01 10:00:00,166.59,0.0,86.21,80.37,17.5,62.87
2025-08-01 11:00:00,349.62,0.0,274.44,75.18,4.61,70.56
2025-08-01 12:00:00,642.63,0.0,549.18,93.45,2.99,90.46
2025-08-01 13:00:00,731.49,0.0,627.5,103.99,11.5,92.5
2025-08-01 14:00:00,802.33,0.0,675.17,127.16,9.56,117.61
2025-08-01 15:00:00,752.12,0.0,660.47,91.65,8.21,83.45
2025-08-01 16:00:00,667.52,0.0,595.68,71.84,2.22,69.62
2025-08-01 17:00:00,540.99,0.0,494.91,46.08,0.01,46.07
2025-08-01 18:00:00,374.92,0.0,328.12,46.8,0.01,46.8
2025-08-01 19:00:00,217.12,0.0,176.81,40.3,0.01,40.3
2025-08-01 20:00:00,52.55,0.0,12.35,40.2,0.01,40.19
2025-08-01 21:00:00,4.6,30.56,0.0,35.15,0.0,35.15
2025-08-01 22:00:00,0.0,35.62,0.0,35.62,0.01,35.62
2025-08-01 23:00:00,0.0,40.62,0.0,40.62,0.01,40.62
2025-08-02 00:00:00,0.0,41.25,0.0,41.25,0.01,41.24
2025-08-02 01:00:00,0.0,38.75,0.0,38.75,0.01,38.74
2025-08-02 02:00:00,0.0,33.12,0.0,33.12,0.01,33.12
2025-08-02 03:00:00,0.0,33.14,0.0,33.14,0.01,33.13
2025-08-02 04:00:00,0.0,33.15,0.0,33.15,0.01,33.14
2025-08-02 05:00:00,0.0,32.53,0.0,32.53,0.01,32.52
2025-08-02 06:00:00,10.42,20.21,0.0,30.62,0.01,30.62
2025-08-02 07:00:00,71.7,0.0,42.77,28.93,0.01,28.92
2025-08-02 08:00:00,178.04,0.0,150.01,28.03,0.01,28.03
2025-08-02 09:00:00,349.59,0.0,332.37,17.21,0.01,17.21
2025-08-02 10:00:00,493.13,0.0,464.57,28.55,0.01,28.55
2025-08-02 11:00:00,654.75,0.0,628.17,26.58,0.01,26.57
2025-08-02 12:00:00,646.55,0.0,612.25,34.3,0.01,34.3
2025-08-02 13:00:00,613.73,0.0,579.62,34.1,0.01,34.1
2025-08-02 14:00:00,778.48,0.0,744.58,33.9,0.01,33.9
2025-08-02 15:00:00,803.88,0.0,774.32,29.56,0.01,29.55
2025-08-02 16:00:00,630.71,0.0,599.11,31.6,0.01,31.59
2025-08-02 17:00:00,470.32,0.0,437.94,32.38,0.01,32.37
2025-08-02 18:00:00,315.06,0.0,284.36,30.7,0.01,30.69
2025-08-02 19:00:00,189.8,0.0,160.88,28.92,0.01,28.91
2025-08-02 20:00:00,64.54,0.0,36.47,28.07,0.01,28.07
2025-08-02 21:00:00,12.23,16.92,0.0,29.15,0.01,29.14
2025-08-02 22:00:00,10.12,27.38,0.0,37.5,0.01,37.49
2025-08-02 23:00:00,10.68,29.32,0.0,40.0,0.01,39.99
2025-08-03 00:00:00,10.49,27.64,0.0,38.12,0.01,38.12
2025-08-03 01:00:00,8.69,23.81,0.0,32.5,0.01,32.49
2025-08-03 02:00:00,10.2,22.3,0.0,32.5,0.01,32.49
2025-08-03 03:00:00,12.67,19.83,0.0,32.5,0.01,32.49
2025-08-03 04:00:00,12.95,18.93,0.0,31.89,0.01,31.88
2025-08-03 05:00:00,13.78,18.12,0.0,31.9,0.01,31.89
2025-08-03 06:00:00,28.6,1.39,0.0,29.99,0.01,29.98
2025-08-03 07:00:00,73.14,0.0,44.57,28.58,0.01,28.57
2025-08-03 08:00:00,143.9,0.0,115.35,28.54,0.01,28.54
2025-08-03 09:00:00,298.05,0.0,268.82,29.23,0.01,29.23
2025-08-03 10:00:00,435.9,0.0,407.12,28.78,0.01,28.78
2025-08-03 11:00:00,301.3,0.0,270.28,31.02,0.01,31.02
2025-08-03 12:00:00,191.87,0.0,153.88,37.99,0.01,37.98
2025-08-03 13:00:00,213.65,0.0,169.9,43.75,0.01,43.75
2025-08-03 14:00:00,216.04,0.0,166.25,49.8,0.01,49.79
2025-08-03 15:00:00,362.01,0.0,310.86,51.15,0.01,51.14
2025-08-03 16:00:00,467.87,0.0,416.71,51.16,0.01,51.15
2025-08-03 17:00:00,343.33,0.0,292.85,50.48,0.01,50.47
2025-08-03 18:00:00,157.21,0.0,111.3,45.91,0.01,45.91
2025-08-03 19:00:00,36.79,0.0,0.47,36.32,0.01,36.31
2025-08-03 20:00:00,24.61,9.52,0.0,34.14,0.01,34.13
2025-08-03 21:00:00,17.54,19.17,0.0,36.71,0.01,36.7
2025-08-03 22:00:00,12.59,23.76,0.0,36.35,0.01,36.35
2025-08-03 23:00:00,13.46,21.03,0.0,34.49,0.01,34.49
2025-08-04 00:00:00,13.45,21.04,0.0,34.49,0.01,34.48
2025-08-04 01:00:00,13.23,21.27,0.0,34.5,0.01,34.5
2025-08-04 02:00:00,12.44,32.06,0.0,44.49,0.01,44.49
2025-08-04 03:00:00,11.42,33.11,0.0,44.53,0.01,44.52
2025-08-04 04:00:00,13.74,30.14,0.0,43.88,0.01,43.87
2025-08-04 05:00:00,14.81,47.8,0.0,62.6,0.01,62.6
2025-08-04 06:00:00,21.58,45.6,0.0,67.17,0.01,67.17
2025-08-04 07:00:00,68.54,7.06,0.0,75.6,4.03,71.57
2025-08-04 08:00:00,168.68,0.0,56.41,112.27,40.86,71.41
2025-08-04 09:00:00,262.09,0.0,156.56,105.53,58.8,46.73
2025-08-04 10:00:00,332.64,0.0,191.48,141.17,65.69,75.48
2025-08-04 11:00:00,400.46,0.0,253.34,147.12,59.02,88.1
2025-08-04 12:00:00,442.92,0.0,306.33,136.59,30.7,105.89
2025-08-04 13:00:00,628.5,0.0,516.8,111.71,6.54,105.17
2025-08-04 14:00:00,734.15,0.0,629.04,105.11,6.18,98.93
2025-08-04 15:00:00,598.79,0.0,517.6,81.19,2.98,78.21
2025-08-04 16:00:00,358.65,0.0,285.15,73.5,2.82,70.68
2025-08-04 17:00:00,316.59,0.0,254.96,61.63,1.1,60.53
2025-08-04 18:00:00,208.4,0.0,150.78,57.62,0.02,57.59
2025-08-04 19:00:00,85.05,0.0,25.85,59.2,0.01,59.19
2025-08-04 20:00:00,55.69,0.0,3.69,52.0,0.01,51.99
2025-08-04 21:00:00,14.03,35.53,0.0,49.56,0.01,49.55
2025-08-04 22:00:00,9.51,34.98,0.0,44.48,0.01,44.48
2025-08-04 23:00:00,10.55,32.05,0.0,42.6,0.01,42.59
2025-08-05 00:00:00,11.32,31.29,0.0,42.62,0.01,42.61
2025-08-05 01:00:00,11.85,31.41,0.0,43.25,0.01,43.25
2025-08-05 02:00:00,11.5,31.78,0.0,43.27,0.01,43.27
2025-08-05 03:00:00,11.81,32.62,0.0,44.43,0.01,44.42
2025-08-05 04:00:00,10.79,35.46,0.0,46.25,0.01,46.24
2025-08-05 05:00:00,9.34,59.41,0.0,68.75,0.01,68.74
2025-08-05 06:00:00,14.89,54.55,0.0,69.45,1.76,67.68
2025-08-05 07:00:00,77.34,5.96,0.0,83.3,11.81,71.49
2025-08-05 08:00:00,222.67,0.0,89.8,132.87,55.88,76.99
2025-08-05 09:00:00,385.65,0.0,235.41,150.24,80.93,69.31
2025-08-05 10:00:00,489.36,0.0,353.82,135.54,62.86,72.67
2025-08-05 11:00:00,558.51,0.0,446.79,111.71,37.9,73.81
2025-08-05 12:00:00,530.63,0.0,430.2,100.43,27.76,72.67
2025-08-05 13:00:00,676.51,0.0,597.74,78.77,13.58,65.19
2025-08-05 14:00:00,773.12,0.0,690.82,82.3,11.12,71.17
2025-08-05 15:00:00,810.79,0.0,722.26,88.53,10.69,77.84
2025-08-05 16:00:00,708.97,0.0,624.23,84.74,9.93,74.81
2025-08-05 17:00:00,566.04,0.0,499.01,67.02,3.02,64.0
2025-08-05 18:00:00,392.23,0.0,325.23,67.0,0.5,66.5
2025-08-05 19:00:00,223.22,0.0,159.97,63.26,0.01,63.25
2025-08-05 20:00:00,69.84,0.0,18.26,51.59,0.01,51.58
2025-08-05 21:00:00,4.69,42.43,0.0,47.12,0.01,47.12
2025-08-05 22:00:00,0.0,43.12,0.0,43.12,0.01,43.12
2025-08-05 23:00:00,0.0,41.88,0.0,41.88,0.01,41.87
2025-08-06 00:00:00,0.0,40.62,0.0,40.62,0.01,40.62
2025-08-06 01:00:00,0.0,38.75,0.0,38.75,0.01,38.74
2025-08-06 02:00:00,0.0,39.38,0.0,39.38,0.01,39.37
2025-08-06 03:00:00,0.05,39.33,0.0,39.38,0.01,39.37
2025-08-06 04:00:00,6.67,35.83,0.0,42.5,0.01,42.49
2025-08-06 05:00:00,13.25,58.63,0.0,71.88,0.01,71.87
2025-08-06 06:00:00,26.0,41.73,0.0,67.73,0.01,67.73
2025-08-06 07:00:00,88.77,0.0,22.4,66.37,2.14,64.23
2025-08-06 08:00:00,209.37,0.0,111.72,97.65,30.81,66.84
2025-08-06 09:00:00,294.12,0.0,175.09,119.03,43.76,75.27
2025-08-06 10:00:00,478.12,0.0,357.74,120.38,45.77,74.61
2025-08-06 11:00:00,595.69,0.0,471.56,124.14,42.48,81.66
2025-08-06 12:00:00,660.6,0.0,537.48,123.12,30.5,92.62
2025-08-06 13:00:00,692.56,0.0,595.99,96.56,14.16,82.41
2025-08-06 14:00:00,451.55,0.0,354.67,96.88,11.47,85.41
2025-08-06 15:00:00,678.89,0.0,588.96,89.93,5.87,84.07
2025-08-06 16:00:00,564.16,0.0,480.44,83.72,0.75,82.97
2025-08-06 17:00:00,512.66,0.0,446.22,66.44,0.01,66.43
2025-08-06 18:00:00,384.01,0.0,321.8,62.21,0.01,62.2
2025-08-06 19:00:00,214.99,0.0,147.46,67.53,0.01,67.52
2025-08-06 20:00:00,41.87,15.8,0.0,57.67,0.01,57.66
2025-08-06 21:00:00,2.6,47.06,0.0,49.66,0.01,49.66
2025-08-06 22:00:00,0.0,48.12,0.0,48.12,0.01,48.12
2025-08-06 23:00:00,0.0,45.62,0.0,45.62,0.01,45.62
2025-08-07 00:00:00,0.0,46.25,0.0,46.25,0.01,46.24
2025-08-07 01:00:00,1.88,44.37,0.0,46.25,0.01,46.24
2025-08-07 02:00:00,4.87,42.0,0.0,46.88,0.01,46.87
2025-08-07 03:00:00,13.43,34.07,0.0,47.5,0.01,47.49
2025-08-07 04:00:00,9.0,42.87,0.0,51.88,0.01,51.87
2025-08-07 05:00:00,7.44,65.69,0.0,73.12,0.01,73.12
2025-08-07 06:00:00,12.86,66.76,0.0,79.61,0.01,79.6
2025-08-07 07:00:00,59.64,25.73,0.0,85.38,0.76,84.62
2025-08-07 08:00:00,169.98,0.0,21.71,148.27,62.24,86.03
2025-08-07 09:00:00,355.91,0.0,203.9,152.02,88.69,63.32
2025-08-07 10:00:00,566.83,0.0,421.11,145.71,66.44,79.28
2025-08-07 11:00:00,646.23,0.0,527.2,119.04,29.64,89.4
2025-08-07 12:00:00,574.55,0.0,465.52,109.03,10.38,98.65
2025-08-07 13:00:00,138.51,0.0,38.55,99.96,0.01,99.95
2025-08-07 14:00:00,131.62,0.0,38.15,93.46,10.16,83.3
2025-08-07 15:00:00,116.25,0.0,13.12,103.13,11.18,91.95
2025-08-07 16:00:00,128.84,0.0,32.05,96.79,11.23,85.57
2025-08-07 17:00:00,88.32,0.0,11.76,76.56,2.26,74.3
2025-08-07 18:00:00,67.32,1.83,0.0,69.15,0.01,69.14
2025-08-07 19:00:00,37.03,38.76,0.0,75.79,0.01,75.78
2025-08-07 20:00:00,13.63,48.55,0.0,62.18,0.01,62.17
2025-08-07 21:00:00,10.74,44.64,0.0,55.38,0.01,55.38
2025-08-07 22:00:00,8.06,41.32,0.0,49.38,0.01,49.37
2025-08-07 23:00:00,5.44,41.43,0.0,46.88,0.01,46.87
2025-08-08 00:00:00,5.56,41.32,0.0,46.88,0.01,46.87
2025-08-08 01:00:00,9.04,37.21,0.0,46.25,0.01,46.24
2025-08-08 02:00:00,4.13,43.37,0.0,47.5,0.01,47.49
2025-08-08 03:00:00,10.07,37.48,0.0,47.55,0.01,47.55
2025-08-08 04:00:00,11.24,40.72,0.0,51.96,0.01,51.95
2025-08-08 05:00:00,9.0,62.97,0.0,71.97,0.01,71.96
2025-08-08 06:00:00,9.25,73.02,0.0,82.26,1.04,81.23
2025-08-08 07:00:00,13.52,79.97,0.0,93.49,14.08,79.41
2025-08-08 08:00:00,21.74,120.9,0.0,142.64,59.45,83.19
2025-08-08 09:00:00,53.81,95.93,0.0,149.74,61.71,88.03
2025-08-08 10:00:00,86.68,29.59,0.0,116.27,28.58,87.69
2025-08-08 11:00:00,96.2,4.51,0.0,100.7,16.38,84.32
2025-08-08 12:00:00,111.5,0.0,15.19,96.3,8.58,87.72
2025-08-08 13:00:00,95.32,12.99,0.0,108.31,7.36,100.95
2025-08-08 14:00:00,95.24,6.41,0.0,101.65,6.26,95.39
2025-08-08 15:00:00,97.22,0.0,12.38,84.83,5.74,79.09
2025-08-08 16:00:00,84.27,0.0,12.21,72.06,2.51,69.55
2025-08-08 17:00:00,70.41,0.0,10.36,60.04,1.69,58.36
2025-08-08 18:00:00,23.74,42.06,0.0,65.8,0.01,65.79
2025-08-08 19:00:00,11.08,52.29,0.0,63.37,0.01,63.37
2025-08-08 20:00:00,7.82,51.83,0.0,59.65,0.01,59.65
2025-08-08 21:00:00,5.71,44.71,0.0,50.42,0.01,50.42
2025-08-08 22:00:00,5.85,37.9,0.0,43.75,0.01,43.74
2025-08-08 23:00:00,5.39,37.11,0.0,42.5,0.01,42.49
2025-08-09 00:00:00,5.23,34.77,0.0,40.0,0.01,39.99
2025-08-09 01:00:00,5.57,38.18,0.0,43.75,0.01,43.75
2025-08-09 02:00:00,5.57,42.56,0.0,48.12,0.01,48.12
2025-08-09 03:00:00,5.64,40.61,0.0,46.25,0.01,46.24
2025-08-09 04:00:00,5.95,34.05,0.0,40.0,0.01,39.99
2025-08-09 05:00:00,6.3,33.08,0.0,39.38,0.01,39.37
2025-08-09 06:00:00,6.36,31.41,0.0,37.78,0.01,37.77
2025-08-09 07:00:00,10.08,26.11,0.0,36.19,0.01,36.18
2025-08-09 08:00:00,13.27,22.33,0.0,35.6,0.01,35.59
2025-08-09 09:00:00,44.91,0.0,10.14,34.77,0.01,34.76
2025-08-09 10:00:00,92.75,0.0,62.34,30.41,0.01,30.4
2025-08-09 11:00:00,170.82,0.0,134.6,36.22,0.01,36.22
2025-08-09 12:00:00,374.67,0.0,329.61,45.06,0.01,45.05
2025-08-09 13:00:00,544.97,0.0,490.46,54.51,0.01,54.5
2025-08-09 14:00:00,667.44,0.0,610.95,56.49,0.01,56.48
2025-08-09 15:00:00,806.9,0.0,749.78,57.11,0.01,57.11
2025-08-09 16:00:00,717.35,0.0,660.98,56.36,0.01,56.36
2025-08-09 17:00:00,562.83,0.0,505.8,57.03,0.01,57.02
2025-08-09 18:00:00,399.5,0.0,339.81,59.69,0.01,59.68
2025-08-09 19:00:00,196.75,0.0,138.85,57.9,0.01,57.89
2025-08-09 20:00:00,60.42,0.0,3.27,57.15,0.01,57.14
2025-08-09 21:00:00,2.82,40.68,0.0,43.5,0.01,43.5
2025-08-09 22:00:00,0.0,39.38,0.0,39.38,0.01,39.37
2025-08-09 23:00:00,0.0,38.12,0.0,38.12,0.01,38.12
2025-08-10 00:00:00,0.0,38.12,0.0,38.12,0.01,38.12
2025-08-10 01:00:00,0.0,38.12,0.0,38.12,0.01,38.12
2025-08-10 02:00:00,0.0,38.12,0.0,38.12,0.01,38.12
2025-08-10 03:00:00,0.0,43.12,0.0,43.12,0.01,43.12
2025-08-10 04:00:00,0.0,45.63,0.0,45.63,0.01,45.62
2025-08-10 05:00:00,0.0,43.13,0.0,43.13,0.01,43.13
2025-08-10 06:00:00,7.33,29.5,0.0,36.83,0.01,36.82
2025-08-10 07:00:00,79.75,0.0,45.5,34.25,0.01,34.25
2025-08-10 08:00:00,215.66,0.0,181.07,34.59,0.01,34.58
2025-08-10 09:00:00,395.68,0.0,357.33,38.35,0.01,38.34
2025-08-10 10:00:00,574.37,0.0,522.14,52.23,0.01,52.22
2025-08-10 11:00:00,710.48,0.0,655.12,55.36,0.01,55.36
2025-08-10 12:00:00,745.4,0.0,688.66,56.74,0.01,56.74
2025-08-10 13:00:00,828.02,0.0,770.08,57.94,0.01,57.93
2025-08-10 14:00:00,827.41,0.0,769.78,57.63,0.01,57.62
2025-08-10 15:00:00,714.15,0.0,656.61,57.55,0.01,57.54
2025-08-10 16:00:00,571.13,0.0,514.37,56.76,0.01,56.75
2025-08-10 17:00:00,505.24,0.0,448.57,56.66,0.01,56.66
2025-08-10 18:00:00,401.77,0.0,341.03,60.74,0.01,60.74
2025-08-10 19:00:00,207.05,0.0,133.17,73.89,0.01,73.88
2025-08-10 20:00:00,53.23,19.11,0.0,72.34,0.01,72.34
2025-08-10 21:00:00,1.35,65.44,0.0,66.8,0.01,66.79
2025-08-10 22:00:00,0.0,46.88,0.0,46.88,0.01,46.87
2025-08-10 23:00:00,0.0,42.5,0.0,42.5,0.01,42.49
2025-08-11 00:00:00,0.0,40.62,0.0,40.62,0.01,40.62
2025-08-11 01:00:00,0.0,43.12,0.0,43.12,0.01,43.12
2025-08-11 02:00:00,0.0,44.38,0.0,44.38,0.01,44.37
2025-08-11 03:00:00,0.0,89.38,0.0,89.38,0.01,89.37
2025-08-11 04:00:00,0.0,157.51,0.0,157.51,0.01,157.5
2025-08-11 05:00:00,0.0,208.14,0.0,208.14,0.01,208.13
2025-08-11 06:00:00,6.02,236.94,0.0,242.96,0.01,242.95
2025-08-11 07:00:00,75.19,227.58,0.0,302.76,4.43,298.34
2025-08-11 08:00:00,208.43,183.93,0.0,392.36,40.63,351.73
2025-08-11 09:00:00,381.39,69.16,0.0,450.55,89.22,361.33
2025-08-11 10:00:00,551.47,0.0,59.99,491.48,75.94,415.54
2025-08-11 11:00:00,682.52,0.0,217.83,464.69,62.59,402.1
2025-08-11 12:00:00,772.63,0.0,373.18,399.46,28.85,370.6
2025-08-11 13:00:00,799.58,0.0,349.28,450.31,15.11,435.2
2025-08-11 14:00:00,827.61,0.0,446.48,381.13,26.37,354.76
2025-08-11 15:00:00,781.25,0.0,340.74,440.51,21.22,419.29
2025-08-11 16:00:00,684.38,0.0,312.39,372.0,1.7,370.3
2025-08-11 17:00:00,536.56,0.0,163.42,373.15,0.28,372.87
2025-08-11 18:00:00,367.93,16.36,0.0,384.29,0.01,384.28
2025-08-11 19:00:00,194.34,183.75,0.0,378.08,0.01,378.07
2025-08-11 20:00:00,45.39,303.33,0.0,348.72,0.01,348.71
2025-08-11 21:00:00,1.94,375.53,0.0,377.46,0.01,377.46
2025-08-11 22:00:00,0.0,368.75,0.0,368.75,0.01,368.74
2025-08-11 23:00:00,0.0,363.12,0.0,363.12,0.01,363.12
2025-08-12 00:00:00,0.0,366.25,0.0,366.25,0.01,366.24
2025-08-12 01:00:00,0.0,323.12,0.0,323.12,0.01,323.12
2025-08-12 02:00:00,0.0,306.88,0.0,306.88,0.01,306.87
2025-08-12 03:00:00,0.0,300.62,0.0,300.62,0.01,300.62
2025-08-12 04:00:00,0.0,319.38,0.0,319.38,0.01,319.37
2025-08-12 05:00:00,0.0,339.38,0.0,339.38,0.01,339.37
2025-08-12 06:00:00,5.32,356.92,0.0,362.24,0.01,362.24
2025-08-12 07:00:00,68.67,288.4,0.0,357.08,1.72,355.36
2025-08-12 08:00:00,193.98,239.43,0.0,433.41,38.74,394.67
2025-08-12 09:00:00,373.37,119.96,0.0,493.33,83.46,409.87
2025-08-12 10:00:00,539.89,0.0,45.69,494.2,52.07,442.13
2025-08-12 11:00:00,669.19,0.0,205.07,464.12,32.55,431.57
2025-08-12 12:00:00,756.88,0.0,326.0,430.88,19.87,411.01
2025-08-12 13:00:00,703.13,0.0,267.12,436.01,31.46,404.55
2025-08-12 14:00:00,116.01,328.21,0.0,444.21,22.43,421.79
2025-08-12 15:00:00,107.95,311.3,0.0,419.24,15.76,403.49
2025-08-12 16:00:00,96.53,314.29,0.0,410.82,11.48,399.34
2025-08-12 17:00:00,67.4,337.25,0.0,404.65,4.62,400.04
2025-08-12 18:00:00,40.1,359.3,0.0,399.4,4.26,395.14
2025-08-12 19:00:00,25.97,376.72,0.0,402.69,1.19,401.5
2025-08-12 20:00:00,8.69,382.04,0.0,390.73,0.01,390.72
2025-08-12 21:00:00,0.07,423.97,0.0,424.04,0.01,424.03
2025-08-12 22:00:00,0.0,421.88,0.0,421.88,0.01,421.87
2025-08-12 23:00:00,0.0,404.38,0.0,404.38,0.01,404.37
2025-08-13 00:00:00,0.0,381.25,0.0,381.25,0.01,381.24
2025-08-13 01:00:00,0.0,373.12,0.0,373.12,0.01,373.12
2025-08-13 02:00:00,0.0,386.25,0.0,386.25,0.01,386.24
2025-08-13 03:00:00,0.0,386.88,0.0,386.88,0.01,386.87
2025-08-13 04:00:00,0.0,355.0,0.0,355.0,0.01,355.0
2025-08-13 05:00:00,0.0,385.0,0.0,385.0,0.01,385.0
2025-08-13 06:00:00,0.06,463.37,0.0,463.43,0.01,463.43
2025-08-13 07:00:00,4.66,451.96,0.0,456.63,19.11,437.52
2025-08-13 08:00:00,6.88,489.3,0.0,496.17,42.72,453.46
2025-08-13 09:00:00,31.36,494.39,0.0,525.75,48.1,477.65
2025-08-13 10:00:00,30.32,509.43,0.0,539.75,30.95,508.8
2025-08-13 11:00:00,43.45,492.06,0.0,535.51,12.92,522.59
2025-08-13 12:00:00,576.44,0.0,74.54,501.9,0.55,501.35
2025-08-13 13:00:00,511.48,0.0,0.34,511.14,0.61,510.53
2025-08-13 14:00:00,615.68,0.0,131.55,484.13,0.62,483.5
2025-08-13 15:00:00,728.03,0.0,237.44,490.59,0.78,489.81
2025-08-13 16:00:00,526.21,0.0,23.77,502.44,0.55,501.89
2025-08-13 17:00:00,252.32,214.43,0.0,466.74,0.61,466.13
2025-08-13 18:00:00,256.01,232.89,0.0,488.9,0.23,488.67
2025-08-13 19:00:00,103.04,305.8,0.0,408.84,0.01,408.84
2025-08-13 20:00:00,43.44,347.41,0.0,390.85,0.01,390.85
2025-08-13 21:00:00,0.55,421.5,0.0,422.05,0.01,422.04
2025-08-13 22:00:00,0.0,424.38,0.0,424.38,0.01,424.37
2025-08-13 23:00:00,0.0,381.88,0.0,381.88,0.01,381.87
2025-08-14 00:00:00,0.0,390.0,0.0,390.0,0.01,389.99
2025-08-14 01:00:00,0.0,370.62,0.0,370.62,0.01,370.62
2025-08-14 02:00:00,0.0,353.12,0.0,353.12,0.01,353.12
2025-08-14 03:00:00,0.0,373.75,0.0,373.75,0.01,373.74
2025-08-14 04:00:00,0.0,335.0,0.0,335.0,0.01,334.99
2025-08-14 05:00:00,0.0,351.88,0.0,351.88,0.01,351.87
2025-08-14 06:00:00,1.06,425.27,0.0,426.33,3.18,423.15
2025-08-14 07:00:00,28.55,412.6,0.0,441.16,24.32,416.84
2025-08-14 08:00:00,104.29,409.74,0.0,514.03,79.93,434.1
2025-08-14 09:00:00,224.17,319.22,0.0,543.39,98.69,444.71
2025-08-14 10:00:00,281.49,251.55,0.0,533.04,71.66,461.38
2025-08-14 11:00:00,499.72,24.27,0.0,523.99,43.86,480.12
2025-08-14 12:00:00,692.42,0.0,313.49,378.93,30.36,348.56
2025-08-14 13:00:00,807.92,0.0,359.61,448.31,23.23,425.08
2025-08-14 14:00:00,814.75,0.0,360.38,454.37,12.73,441.64
2025-08-14 15:00:00,760.2,0.0,319.57,440.63,14.95,425.68
2025-08-14 16:00:00,555.04,0.0,117.22,437.83,9.17,428.66
2025-08-14 17:00:00,409.69,0.0,24.9,384.79,0.01,384.78
2025-08-14 18:00:00,311.02,99.61,0.0,410.63,0.01,410.62
2025-08-14 19:00:00,171.66,233.02,0.0,404.67,0.01,404.67
2025-08-14 20:00:00,34.26,343.36,0.0,377.62,0.01,377.61
2025-08-14 21:00:00,1.07,369.75,0.0,370.82,0.01,370.81
2025-08-14 22:00:00,0.0,365.62,0.0,365.62,0.01,365.62
2025-08-14 23:00:00,0.0,348.12,0.0,348.12,0.01,348.12
2025-08-15 00:00:00,0.0,355.0,0.0,355.0,0.01,354.99
2025-08-15 01:00:00,0.0,334.38,0.0,334.38,0.01,334.37
2025-08-15 02:00:00,0.0,325.62,0.0,325.62,0.01,325.62
2025-08-15 03:00:00,0.0,286.88,0.0,286.88,0.01,286.87
2025-08-15 04:00:00,0.0,194.38,0.0,194.38,0.01,194.37
2025-08-15 05:00:00,0.0,93.13,0.0,93.13,0.01,93.12
2025-08-15 06:00:00,4.55,88.23,0.0,92.77,0.01,92.77
2025-08-15 07:00:00,42.04,33.05,0.0,75.08,0.01,75.08
2025-08-15 08:00:00,100.82,0.0,31.73,69.09,0.01,69.09
2025-08-15 09:00:00,369.32,0.0,296.27,73.05,0.01,73.04
2025-08-15 10:00:00,344.75,0.0,41.95,302.8,0.01,302.79
2025-08-15 11:00:00,644.69,0.0,568.22,76.47,0.01,76.46
2025-08-15 12:00:00,588.35,0.0,505.87,82.48,0.01,82.48
2025-08-15 13:00:00,639.38,0.0,559.21,80.17,0.01,80.16
2025-08-15 14:00:00,599.48,0.0,516.25,83.23,0.01,83.22
2025-08-15 15:00:00,741.04,0.0,658.67,82.36,0.01,82.36
2025-08-15 16:00:00,665.0,0.0,575.2,89.81,0.01,89.8
2025-08-15 17:00:00,505.01,0.0,415.6,89.41,0.01,89.41
2025-08-15 18:00:00,347.28,0.0,264.36,82.92,0.01,82.91
2025-08-15 19:00:00,186.72,0.0,102.94,83.78,0.01,83.77
2025-08-15 20:00:00,38.06,34.52,0.0,72.58,0.01,72.57
2025-08-15 21:00:00,0.54,70.01,0.0,70.55,0.01,70.54
2025-08-15 22:00:00,0.0,57.5,0.0,57.5,0.01,57.49
2025-08-15 23:00:00,0.0,54.38,0.0,54.38,0.01,54.37
2025-08-16 00:00:00,0.0,53.12,0.0,53.12,0.01,53.12
2025-08-16 01:00:00,0.0,51.88,0.0,51.88,0.01,51.87
2025-08-16 02:00:00,0.0,52.5,0.0,52.5,0.01,52.49
2025-08-16 03:00:00,0.0,52.5,0.0,52.5,0.01,52.5
2025-08-16 04:00:00,0.0,51.88,0.0,51.88,0.01,51.87
2025-08-16 05:00:00,0.0,51.88,0.0,51.88,0.01,51.88
2025-08-16 06:00:00,0.0,51.9,0.0,51.9,0.01,51.9
2025-08-16 07:00:00,8.41,39.36,0.0,47.78,0.01,47.77
2025-08-16 08:00:00,43.15,3.55,0.0,46.71,0.01,46.7
2025-08-16 09:00:00,95.21,0.0,47.52,47.69,0.01,47.68
2025-08-16 10:00:00,79.29,0.0,32.19,47.1,0.01,47.09
2025-08-16 11:00:00,146.99,0.0,100.53,46.46,0.01,46.45
2025-08-16 12:00:00,276.96,0.0,228.79,48.17,0.01,48.16
2025-08-16 13:00:00,375.95,0.0,326.45,49.51,0.01,49.5
2025-08-16 14:00:00,355.87,0.0,306.95,48.93,0.01,48.92
2025-08-16 15:00:00,460.81,0.0,414.44,46.37,0.01,46.37
2025-08-16 16:00:00,345.72,0.0,291.56,54.17,0.01,54.16
2025-08-16 17:00:00,242.42,0.0,167.63,74.79,0.01,74.78
2025-08-16 18:00:00,69.67,0.0,7.97,61.69,0.01,61.69
2025-08-16 19:00:00,38.22,11.29,0.0,49.5,0.01,49.5
2025-08-16 20:00:00,12.96,34.58,0.0,47.54,0.01,47.54
2025-08-16 21:00:00,0.12,51.58,0.0,51.7,0.01,51.69
2025-08-16 22:00:00,0.0,51.25,0.0,51.25,0.01,51.24
2025-08-16 23:00:00,0.0,51.88,0.0,51.88,0.01,51.87
2025-08-17 00:00:00,0.0,51.88,0.0,51.88,0.01,51.87
2025-08-17 01:00:00,0.0,50.62,0.0,50.62,0.01,50.62
2025-08-17 02:00:00,0.0,56.88,0.0,56.88,0.01,56.87
2025-08-17 03:00:00,0.0,59.38,0.0,59.38,0.01,59.37
2025-08-17 04:00:00,0.0,53.12,0.0,53.12,0.01,53.12
2025-08-17 05:00:00,0.0,50.62,0.0,50.62,0.01,50.62
2025-08-17 06:00:00,2.44,90.89,0.0,93.33,0.01,93.32
2025-08-17 07:00:00,47.98,13.39,0.0,61.37,0.01,61.36
2025-08-17 08:00:00,158.4,0.0,92.99,65.41,0.01,65.4
2025-08-17 09:00:00,324.4,0.0,260.07,64.34,0.01,64.33
2025-08-17 10:00:00,383.87,0.0,322.36,61.51,0.01,61.51
2025-08-17 11:00:00,532.41,0.0,467.48,64.93,0.01,64.93
2025-08-17 12:00:00,413.25,0.0,349.01,64.25,0.01,64.24
2025-08-17 13:00:00,647.41,0.0,582.87,64.53,0.01,64.53
2025-08-17 14:00:00,768.9,0.0,704.07,64.84,0.01,64.83
2025-08-17 15:00:00,768.43,0.0,702.5,65.94,0.01,65.93
2025-08-17 16:00:00,641.5,0.0,576.9,64.6,0.01,64.6
2025-08-17 17:00:00,485.62,0.0,420.0,65.62,0.01,65.61
2025-08-17 18:00:00,314.4,0.0,243.17,71.24,0.01,71.23
2025-08-17 19:00:00,158.31,0.0,47.28,111.03,0.01,111.02
2025-08-17 20:00:00,37.27,136.55,0.0,173.82,0.01,173.82
2025-08-17 21:00:00,0.25,228.51,0.0,228.76,0.01,228.75
2025-08-17 22:00:00,0.0,205.64,0.0,205.64,0.01,205.64
2025-08-17 23:00:00,0.0,248.77,0.0,248.77,0.01,248.77
2025-08-18 00:00:00,0.0,284.42,0.0,284.42,0.01,284.41
2025-08-18 01:00:00,0.0,297.55,0.0,297.55,0.01,297.54
2025-08-18 02:00:00,0.0,312.56,0.0,312.56,0.01,312.55
2025-08-18 03:00:00,0.0,345.68,0.0,345.68,0.01,345.68
2025-08-18 04:00:00,0.0,348.18,0.0,348.18,0.01,348.17
2025-08-18 05:00:00,0.0,401.94,0.0,401.94,0.01,401.93
2025-08-18 06:00:00,1.91,409.03,0.0,410.94,0.01,410.94
2025-08-18 07:00:00,38.89,381.68,0.0,420.57,7.56,413.01
2025-08-18 08:00:00,129.84,301.98,0.0,431.82,67.56,364.27
2025-08-18 09:00:00,302.56,213.63,0.0,516.19,105.74,410.46
2025-08-18 10:00:00,329.21,187.15,0.0,516.36,98.99,417.37
2025-08-18 11:00:00,554.11,0.0,67.85,486.27,64.91,421.36
2025-08-18 12:00:00,642.8,0.0,204.5,438.3,42.19,396.11
2025-08-18 13:00:00,713.88,0.0,263.27,450.61,25.12,425.49
2025-08-18 14:00:00,762.24,0.0,338.1,424.14,11.57,412.57
2025-08-18 15:00:00,622.22,0.0,150.63,471.6,2.89,468.71
2025-08-18 16:00:00,431.34,15.03,0.0,446.37,1.31,445.06
2025-08-18 17:00:00,515.5,0.0,84.07,431.43,0.01,431.42
2025-08-18 18:00:00,319.25,115.17,0.0,434.42,0.01,434.42
2025-08-18 19:00:00,147.56,312.33,0.0,459.89,0.01,459.89
2025-08-18 20:00:00,28.79,404.68,0.0,433.47,0.01,433.46
2025-08-18 21:00:00,0.25,427.45,0.0,427.7,0.01,427.7
2025-08-18 22:00:00,0.0,405.01,0.0,405.01,0.01,405.01
2025-08-18 23:00:00,0.0,411.89,0.0,411.89,0.01,411.89
2025-08-19 00:00:00,0.0,438.15,0.0,438.15,0.01,438.14
2025-08-19 01:00:00,0.0,383.17,0.0,383.17,0.01,383.17
2025-08-19 02:00:00,0.0,413.78,0.0,413.78,0.01,413.78
2025-08-19 03:00:00,0.0,368.8,0.0,368.8,0.01,368.79
2025-08-19 04:00:00,0.0,386.94,0.0,386.94,0.01,386.93
2025-08-19 05:00:00,0.0,388.81,0.0,388.81,0.01,388.8
2025-08-19 06:00:00,2.41,380.39,0.0,382.8,0.01,382.8
2025-08-19 07:00:00,50.31,385.91,0.0,436.22,2.97,433.25
2025-08-19 08:00:00,160.06,362.59,0.0,522.65,65.77,456.88
2025-08-19 09:00:00,316.98,205.54,0.0,522.52,100.63,421.89
2025-08-19 10:00:00,470.54,57.91,0.0,528.44,65.98,462.46
2025-08-19 11:00:00,590.87,0.0,50.88,540.0,63.96,476.04
2025-08-19 12:00:00,687.04,0.0,109.54,577.5,44.13,533.37
2025-08-19 13:00:00,725.9,0.0,258.87,467.02,29.0,438.02
2025-08-19 14:00:00,596.85,0.0,86.96,509.89,4.24,505.65
2025-08-19 15:00:00,577.35,0.0,41.73,535.61,0.01,535.61
2025-08-19 16:00:00,419.53,67.52,0.0,487.05,0.84,486.22
2025-08-19 17:00:00,418.66,35.88,0.0,454.54,0.02,454.52
2025-08-19 18:00:00,245.71,194.81,0.0,440.53,5.51,435.01
2025-08-19 19:00:00,115.03,312.39,0.0,427.41,0.01,427.41
2025-08-19 20:00:00,19.45,421.79,0.0,441.24,0.01,441.23
2025-08-19 21:00:00,0.0,431.28,0.0,431.28,0.01,431.28
2025-08-19 22:00:00,0.0,408.12,0.0,408.12,0.01,408.12
2025-08-19 23:00:00,0.0,387.5,0.0,387.5,0.01,387.49
2025-08-20 00:00:00,0.0,405.63,0.0,405.63,0.01,405.62
2025-08-20 01:00:00,0.0,398.75,0.0,398.75,0.01,398.74
2025-08-20 02:00:00,0.0,404.38,0.0,404.38,0.01,404.38
2025-08-20 03:00:00,0.0,400.64,0.0,400.64,0.01,400.63
2025-08-20 04:00:00,0.0,364.4,0.0,364.4,0.01,364.39
2025-08-20 05:00:00,0.0,406.27,0.0,406.27,0.01,406.26
2025-08-20 06:00:00,0.74,424.6,0.0,425.33,0.01,425.33
2025-08-20 07:00:00,24.98,407.79,0.0,432.77,2.17,430.59
2025-08-20 08:00:00,102.35,371.96,0.0,474.31,28.88,445.42
2025-08-20 09:00:00,229.42,267.65,0.0,497.07,57.95,439.12
2025-08-20 10:00:00,288.34,211.79,0.0,500.14,52.08,448.06
2025-08-20 11:00:00,482.66,0.0,47.06,435.6,17.74,417.86
2025-08-20 12:00:00,187.8,272.2,0.0,460.0,10.38,449.62
2025-08-20 13:00:00,80.94,397.69,0.0,478.62,0.01,478.62
2025-08-20 14:00:00,113.47,363.06,0.0,476.53,0.01,476.52
2025-08-20 15:00:00,74.43,431.36,0.0,505.79,0.01,505.79
2025-08-20 16:00:00,46.11,443.49,0.0,489.6,0.01,489.59
2025-08-20 17:00:00,70.19,367.49,0.0,437.68,0.01,437.67
2025-08-20 18:00:00,151.28,326.04,0.0,477.32,0.01,477.31
2025-08-20 19:00:00,41.0,441.14,0.0,482.14,0.01,482.13
2025-08-20 20:00:00,21.52,456.64,0.0,478.16,0.01,478.15
2025-08-20 21:00:00,0.0,452.98,0.0,452.98,0.01,452.97
2025-08-20 22:00:00,0.0,448.75,0.0,448.75,0.01,448.74
2025-08-20 23:00:00,0.0,434.38,0.0,434.38,0.01,434.37
2025-08-21 00:00:00,0.0,429.38,0.0,429.38,0.01,429.37
2025-08-21 01:00:00,0.0,396.25,0.0,396.25,0.01,396.24
2025-08-21 02:00:00,2.79,427.84,0.0,430.62,0.01,430.62
2025-08-21 03:00:00,8.76,428.74,0.0,437.5,0.01,437.49
2025-08-21 04:00:00,3.81,423.06,0.0,426.88,0.01,426.87
2025-08-21 05:00:00,0.0,435.62,0.0,435.62,0.01,435.62
2025-08-21 06:00:00,2.32,441.71,0.0,444.03,1.09,442.94
2025-08-21 07:00:00,44.28,389.74,0.0,434.02,5.52,428.5
2025-08-21 08:00:00,147.32,345.58,0.0,492.9,50.36,442.54
2025-08-21 09:00:00,327.25,152.9,0.0,480.16,52.89,427.27
2025-08-21 10:00:00,518.64,0.0,80.58,438.06,37.76,400.3
2025-08-21 11:00:00,675.76,0.0,255.85,419.91,21.23,398.68
2025-08-21 12:00:00,740.31,0.0,271.33,468.98,21.93,447.05
2025-08-21 13:00:00,797.45,0.0,341.1,456.35,17.04,439.31
2025-08-21 14:00:00,795.67,0.0,333.96,461.71,9.0,452.71
2025-08-21 15:00:00,697.69,0.0,237.86,459.83,0.18,459.66
2025-08-21 16:00:00,655.33,0.0,231.88,423.45,0.07,423.38
2025-08-21 17:00:00,496.51,0.0,105.53,390.99,0.01,390.98
2025-08-21 18:00:00,182.05,197.34,0.0,379.39,0.01,379.39
2025-08-21 19:00:00,122.65,267.28,0.0,389.92,0.01,389.92
2025-08-21 20:00:00,36.11,298.52,0.0,334.63,0.01,334.62
2025-08-21 21:00:00,0.07,316.8,0.0,316.88,0.01,316.87
2025-08-21 22:00:00,0.0,343.75,0.0,343.75,0.01,343.74
2025-08-21 23:00:00,0.0,338.75,0.0,338.75,0.01,338.74
2025-08-22 00:00:00,0.0,352.5,0.0,352.5,0.01,352.49
2025-08-22 01:00:00,0.0,323.12,0.0,323.12,0.01,323.12
2025-08-22 02:00:00,0.0,324.38,0.0,324.38,0.01,324.37
2025-08-22 03:00:00,0.0,353.75,0.0,353.75,0.01,353.74
2025-08-22 04:00:00,0.0,341.25,0.0,341.25,0.01,341.24
2025-08-22 05:00:00,0.0,387.5,0.0,387.5,1.06,386.44
2025-08-22 06:00:00,0.88,376.87,0.0,377.75,5.96,371.79
2025-08-22 07:00:00,44.1,390.22,0.0,434.32,15.68,418.63
2025-08-22 08:00:00,168.95,325.26,0.0,494.21,52.71,441.51
2025-08-22 09:00:00,337.78,87.1,0.0,424.88,53.81,371.07
2025-08-22 10:00:00,503.6,0.0,83.0,420.6,28.77,391.83
2025-08-22 11:00:00,508.16,0.7,0.0,508.86,27.94,480.92
2025-08-22 12:00:00,549.7,0.0,86.4,463.3,33.39,429.92
2025-08-22 13:00:00,553.15,0.0,114.56,438.6,25.08,413.52
2025-08-22 14:00:00,579.48,0.0,102.4,477.08,23.02,454.06
2025-08-22 15:00:00,356.67,94.24,0.0,450.91,18.89,432.02
2025-08-22 16:00:00,247.63,164.83,0.0,412.46,4.84,407.62
2025-08-22 17:00:00,131.84,217.15,0.0,348.99,0.01,348.99
2025-08-22 18:00:00,122.02,229.88,0.0,351.9,0.01,351.89
2025-08-22 19:00:00,78.9,265.19,0.0,344.09,0.01,344.08
2025-08-22 20:00:00,11.06,304.03,0.0,315.09,0.01,315.08
2025-08-22 21:00:00,0.0,300.0,0.0,300.0,0.01,299.99
2025-08-22 22:00:00,0.0,295.0,0.0,295.0,0.01,294.99
2025-08-22 23:00:00,0.0,279.38,0.0,279.38,0.01,279.37
2025-08-23 00:00:00,0.0,283.12,0.0,283.12,0.01,283.12
2025-08-23 01:00:00,0.0,270.62,0.0,270.62,0.01,270.62
2025-08-23 02:00:00,0.0,251.25,0.0,251.25,0.01,251.24
2025-08-23 03:00:00,0.0,273.12,0.0,273.12,0.01,273.12
2025-08-23 04:00:00,0.0,262.5,0.0,262.5,0.01,262.49
2025-08-23 05:00:00,0.0,234.38,0.0,234.38,0.01,234.37
2025-08-23 06:00:00,0.14,218.11,0.0,218.25,0.01,218.25
2025-08-23 07:00:00,32.13,181.03,0.0,213.17,0.01,213.16
2025-08-23 08:00:00,80.28,114.45,0.0,194.73,0.01,194.72
2025-08-23 09:00:00,64.85,137.49,0.0,202.34,0.01,202.34
2025-08-23 10:00:00,184.38,7.65,0.0,192.03,0.01,192.02
2025-08-23 11:00:00,123.16,33.27,0.0,156.44,0.01,156.43
2025-08-23 12:00:00,299.33,0.0,212.35,86.98,0.01,86.97
2025-08-23 13:00:00,634.81,0.0,577.41,57.4,0.01,57.39
2025-08-23 14:00:00,688.07,0.0,635.6,52.47,0.01,52.47
2025-08-23 15:00:00,714.94,0.0,663.18,51.76,0.01,51.75
2025-08-23 16:00:00,605.01,0.0,675.31,-70.3,0.01,-70.31
2025-08-23 17:00:00,476.46,0.0,420.9,55.55,0.01,55.55
2025-08-23 18:00:00,294.64,0.0,242.42,52.21,0.01,52.21
2025-08-23 19:00:00,129.24,0.0,75.38,53.86,0.01,53.85
2025-08-23 20:00:00,31.19,20.51,0.0,51.71,0.01,51.7
2025-08-23 21:00:00,0.0,55.0,0.0,55.0,0.01,54.99
2025-08-23 22:00:00,0.0,55.0,0.0,55.0,0.01,54.99
2025-08-23 23:00:00,9.17,45.83,0.0,55.0,0.01,54.99
2025-08-24 00:00:00,10.78,44.22,0.0,55.0,0.01,54.99
2025-08-24 01:00:00,12.62,41.75,0.0,54.38,0.01,54.37
2025-08-24 02:00:00,13.29,41.71,0.0,55.0,0.01,54.99
2025-08-24 03:00:00,14.19,40.18,0.0,54.38,0.01,54.37
2025-08-24 04:00:00,14.57,41.05,0.0,55.62,0.01,55.62
2025-08-24 05:00:00,14.77,40.23,0.0,55.0,0.01,54.99
2025-08-24 06:00:00,15.09,40.59,0.0,55.68,0.01,55.68
2025-08-24 07:00:00,16.85,42.78,0.0,59.62,0.01,59.62
2025-08-24 08:00:00,29.73,30.61,0.0,60.34,0.01,60.33
2025-08-24 09:00:00,56.1,0.0,1.76,54.34,0.01,54.33
2025-08-24 10:00:00,96.42,0.0,45.71,50.72,0.01,50.71
2025-08-24 11:00:00,249.72,0.0,198.45,51.26,0.01,51.26
2025-08-24 12:00:00,235.82,0.0,185.99,49.84,0.01,49.83
2025-08-24 13:00:00,429.98,0.0,377.71,52.27,0.01,52.26
2025-08-24 14:00:00,463.74,0.0,409.49,54.25,0.01,54.25
2025-08-24 15:00:00,141.54,0.0,86.85,54.69,0.01,54.68
2025-08-24 16:00:00,73.1,0.0,74.95,-1.85,0.01,-1.86
2025-08-24 17:00:00,62.59,0.0,5.69,56.9,0.01,56.9
2025-08-24 18:00:00,63.02,0.0,6.94,56.09,0.01,56.08
2025-08-24 19:00:00,55.06,19.84,0.0,74.9,0.01,74.9
2025-08-24 20:00:00,43.93,98.49,0.0,142.42,0.01,142.41
2025-08-24 21:00:00,14.14,251.48,0.0,265.62,0.01,265.62
2025-08-24 22:00:00,12.23,262.14,0.0,274.38,0.01,274.37
2025-08-24 23:00:00,11.67,270.21,0.0,281.88,0.01,281.87
2025-08-25 00:00:00,11.29,306.21,0.0,317.5,0.01,317.49
2025-08-25 01:00:00,10.11,306.76,0.0,316.88,0.01,316.87
2025-08-25 02:00:00,9.28,335.72,0.0,345.0,0.01,344.99
2025-08-25 03:00:00,10.07,367.43,0.0,377.5,0.01,377.49
2025-08-25 04:00:00,9.44,329.93,0.0,339.38,0.01,339.37
2025-08-25 05:00:00,8.91,384.21,0.0,393.12,0.01,393.12
2025-08-25 06:00:00,14.4,430.52,0.0,444.92,1.5,443.42
2025-08-25 07:00:00,54.75,384.68,0.0,439.43,13.95,425.49
2025-08-25 08:00:00,154.46,326.63,0.0,481.09,45.01,436.09
2025-08-25 09:00:00,288.8,170.85,0.0,459.65,41.92,417.74
2025-08-25 10:00:00,381.61,131.22,0.0,512.83,45.05,467.78
2025-08-25 11:00:00,414.83,146.88,0.0,561.71,36.56,525.15
2025-08-25 12:00:00,272.31,235.33,0.0,507.64,28.39,479.25
2025-08-25 13:00:00,353.29,158.16,0.0,511.45,24.58,486.87
2025-08-25 14:00:00,413.83,67.94,0.0,481.76,20.28,461.49
2025-08-25 15:00:00,467.11,79.33,0.0,546.44,15.78,530.66
2025-08-25 16:00:00,393.34,118.64,0.0,511.98,8.3,503.68
2025-08-25 17:00:00,375.85,79.46,0.0,455.31,0.01,455.3
2025-08-25 18:00:00,152.54,356.24,0.0,508.78,0.0,508.78
2025-08-25 19:00:00,114.44,348.32,0.0,462.76,0.01,462.75
2025-08-25 20:00:00,23.49,404.03,0.0,427.52,0.01,427.52
2025-08-25 21:00:00,10.14,402.98,0.0,413.12,0.01,413.12
2025-08-25 22:00:00,11.42,384.83,0.0,396.25,0.01,396.24
2025-08-25 23:00:00,12.58,411.17,0.0,423.75,0.01,423.74
2025-08-26 00:00:00,12.72,448.53,0.0,461.25,0.01,461.24
2025-08-26 01:00:00,13.53,435.22,0.0,448.75,0.01,448.74
2025-08-26 02:00:00,13.26,459.24,0.0,472.5,0.01,472.49
2025-08-26 03:00:00,13.39,447.24,0.0,460.62,0.01,460.62
2025-08-26 04:00:00,13.41,432.84,0.0,446.25,0.01,446.24
2025-08-26 05:00:00,13.31,430.44,0.0,443.75,0.22,443.53
2025-08-26 06:00:00,13.78,444.11,0.0,457.88,3.46,454.42
2025-08-26 07:00:00,32.25,499.01,0.0,531.25,5.86,525.39
2025-08-26 08:00:00,61.53,529.12,0.0,590.66,50.55,540.11
2025-08-26 09:00:00,147.55,476.24,0.0,623.79,107.74,516.04
2025-08-26 10:00:00,302.78,314.94,0.0,617.73,82.82,534.9
2025-08-26 11:00:00,287.63,289.98,0.0,577.6,53.79,523.81
2025-08-26 12:00:00,523.04,22.57,0.0,545.61,44.27,501.34
2025-08-26 13:00:00,499.6,0.0,9.05,490.55,23.38,467.17
2025-08-26 14:00:00,148.62,395.79,0.0,544.41,4.99,539.42
2025-08-26 15:00:00,460.32,30.44,0.0,490.76,21.89,468.87
2025-08-26 16:00:00,289.25,170.36,0.0,459.62,22.3,437.32
2025-08-26 17:00:00,270.9,149.34,0.0,420.24,35.75,384.49
2025-08-26 18:00:00,187.13,236.94,0.0,424.07,19.83,404.25
2025-08-26 19:00:00,110.18,299.59,0.0,409.77,11.21,398.57
2025-08-26 20:00:00,30.93,380.73,0.0,411.65,6.9,404.75
2025-08-26 21:00:00,12.05,398.58,0.0,410.62,0.01,410.62
2025-08-26 22:00:00,12.88,377.12,0.0,390.0,0.01,389.99
2025-08-26 23:00:00,13.82,355.56,0.0,369.38,0.01,369.37
2025-08-27 00:00:00,14.41,381.84,0.0,396.25,0.01,396.24
2025-08-27 01:00:00,14.41,382.46,0.0,396.88,0.01,396.87
2025-08-27 02:00:00,14.84,388.28,0.0,403.12,0.01,403.12
2025-08-27 03:00:00,14.96,385.04,0.0,400.0,0.01,399.99
2025-08-27 04:00:00,14.98,339.39,0.0,354.38,0.01,354.37
2025-08-27 05:00:00,15.23,396.02,0.0,411.25,0.01,411.24
2025-08-27 06:00:00,16.04,440.64,0.0,456.67,1.61,455.06
2025-08-27 07:00:00,61.35,462.27,0.0,523.63,16.24,507.39
2025-08-27 08:00:00,109.58,445.8,0.0,555.37,51.36,504.02
2025-08-27 09:00:00,256.87,336.83,0.0,593.71,71.86,521.85
2025-08-27 10:00:00,421.03,213.28,0.0,634.31,54.54,579.77
2025-08-27 11:00:00,529.91,89.96,0.0,619.87,43.39,576.48
2025-08-27 12:00:00,576.96,0.0,39.9,537.06,25.65,511.4
2025-08-27 13:00:00,670.84,0.0,202.94,467.9,15.99,451.91
2025-08-27 14:00:00,738.12,0.0,307.59,430.54,8.72,421.82
2025-08-27 15:00:00,702.62,0.0,268.99,433.63,10.37,423.26
2025-08-27 16:00:00,596.45,0.0,147.29,449.16,5.96,443.21
2025-08-27 17:00:00,456.88,0.0,35.51,421.37,1.35,420.02
2025-08-27 18:00:00,289.68,156.55,0.0,446.24,0.01,446.23
2025-08-27 19:00:00,112.97,338.2,0.0,451.17,0.01,451.16
2025-08-27 20:00:00,15.77,397.14,0.0,412.91,0.01,412.9
2025-08-27 21:00:00,0.0,430.62,0.0,430.62,0.01,430.62
2025-08-27 22:00:00,0.0,408.75,0.0,408.75,0.01,408.74
2025-08-27 23:00:00,0.0,418.75,0.0,418.75,0.01,418.74
2025-08-28 00:00:00,0.0,422.5,0.0,422.5,0.01,422.49
2025-08-28 01:00:00,0.0,372.5,0.0,372.5,0.01,372.49
2025-08-28 02:00:00,0.64,427.48,0.0,428.12,0.01,428.12
2025-08-28 03:00:00,0.49,403.88,0.0,404.38,0.01,404.37
2025-08-28 04:00:00,11.59,401.54,0.0,413.12,0.01,413.12
2025-08-28 05:00:00,12.92,457.08,0.0,470.0,0.01,469.99
2025-08-28 06:00:00,15.61,398.77,0.0,414.38,1.02,413.35
2025-08-28 07:00:00,52.23,377.63,0.0,429.86,7.43,422.43
2025-08-28 08:00:00,125.12,335.16,0.0,460.29,15.56,444.72
2025-08-28 09:00:00,232.61,246.47,0.0,479.08,36.22,442.86
2025-08-28 10:00:00,330.71,205.0,0.0,535.71,47.42,488.28
2025-08-28 11:00:00,471.74,20.35,0.0,492.09,31.42,460.67
2025-08-28 12:00:00,570.67,0.0,74.87,495.81,23.44,472.37
2025-08-28 13:00:00,605.89,0.0,124.29,481.6,12.68,468.91
2025-08-28 14:00:00,652.38,0.0,188.93,463.45,19.27,444.18
2025-08-28 15:00:00,677.82,0.0,231.99,445.83,14.96,430.87
2025-08-28 16:00:00,572.34,0.0,130.29,442.05,8.1,433.95
2025-08-28 17:00:00,417.09,0.0,26.49,390.6,0.97,389.63
2025-08-28 18:00:00,263.49,138.93,0.0,402.42,0.01,402.42
2025-08-28 19:00:00,105.76,308.31,0.0,414.07,0.01,414.07
2025-08-28 20:00:00,9.81,383.91,0.0,393.72,0.01,393.71
2025-08-28 21:00:00,0.0,364.38,0.0,364.38,0.01,364.37
2025-08-28 22:00:00,0.0,365.0,0.0,365.0,0.01,364.99
2025-08-28 23:00:00,0.0,370.0,0.0,370.0,0.01,369.99
2025-08-29 00:00:00,0.0,385.0,0.0,385.0,0.01,384.99
2025-08-29 01:00:00,0.0,376.25,0.0,376.25,0.01,376.24
2025-08-29 02:00:00,0.0,392.5,0.0,392.5,0.01,392.49
2025-08-29 03:00:00,0.0,450.0,0.0,450.0,0.01,449.99
2025-08-29 04:00:00,0.0,404.38,0.0,404.38,0.01,404.37
2025-08-29 05:00:00,0.0,390.62,0.0,390.62,0.01,390.62
2025-08-29 06:00:00,0.51,339.63,0.0,340.14,1.04,339.1
2025-08-29 07:00:00,41.97,271.53,0.0,313.49,17.44,296.05
2025-08-29 08:00:00,129.39,264.65,0.0,394.04,54.33,339.71
2025-08-29 09:00:00,244.96,193.38,0.0,438.33,70.93,367.41
2025-08-29 10:00:00,329.57,159.94,0.0,489.51,70.8,418.72
2025-08-29 11:00:00,427.51,73.7,0.0,501.21,68.35,432.86
2025-08-29 12:00:00,591.8,0.0,131.8,459.99,56.91,403.08
2025-08-29 13:00:00,706.81,0.0,274.86,431.95,50.34,381.61
2025-08-29 14:00:00,585.36,0.0,154.25,431.11,14.18,416.93
2025-08-29 15:00:00,618.31,0.0,199.06,419.25,0.04,419.21
2025-08-29 16:00:00,545.4,0.0,188.42,356.98,0.0,356.98
2025-08-29 17:00:00,396.88,0.0,132.13,264.75,0.52,264.23
2025-08-29 18:00:00,273.3,0.0,11.77,261.53,0.01,261.53
2025-08-29 19:00:00,107.02,144.4,0.0,251.42,0.01,251.41
2025-08-29 20:00:00,15.78,149.54,0.0,165.32,0.01,165.31
2025-08-29 21:00:00,0.0,58.75,0.0,58.75,0.01,58.74
2025-08-29 22:00:00,0.0,56.88,0.0,56.88,0.01,56.87
2025-08-29 23:00:00,0.0,54.38,0.0,54.38,0.01,54.37
2025-08-30 00:00:00,9.8,47.7,0.0,57.5,0.01,57.49
2025-08-30 01:00:00,12.76,48.49,0.0,61.25,0.01,61.24
2025-08-30 02:00:00,13.49,46.51,0.0,60.0,0.01,59.99
2025-08-30 03:00:00,12.2,43.42,0.0,55.62,0.01,55.62
2025-08-30 04:00:00,12.66,39.84,0.0,52.5,0.01,52.49
2025-08-30 05:00:00,13.24,38.63,0.0,51.88,0.01,51.87
2025-08-30 06:00:00,14.02,38.22,0.0,52.25,0.01,52.24
2025-08-30 07:00:00,35.37,12.43,0.0,47.8,0.01,47.79
2025-08-30 08:00:00,107.65,0.0,60.24,47.41,0.01,47.4
2025-08-30 09:00:00,249.45,0.0,200.18,49.27,0.01,49.26
2025-08-30 10:00:00,346.73,0.0,296.01,50.72,0.01,50.71
2025-08-30 11:00:00,473.73,0.0,486.76,-13.03,0.01,-13.04
2025-08-30 12:00:00,503.32,0.0,454.22,49.1,0.01,49.09
2025-08-30 13:00:00,630.38,0.0,582.96,47.42,0.01,47.41
2025-08-30 14:00:00,693.53,0.0,638.13,55.4,0.01,55.39
2025-08-30 15:00:00,687.89,0.0,624.85,63.03,0.01,63.03
2025-08-30 16:00:00,294.87,0.0,224.71,70.16,0.01,70.16
2025-08-30 17:00:00,114.29,0.0,50.4,63.89,0.01,63.88
2025-08-30 18:00:00,71.74,0.0,26.64,45.1,0.01,45.1
2025-08-30 19:00:00,40.83,13.64,0.0,54.47,0.01,54.46
2025-08-30 20:00:00,6.59,46.16,0.0,52.74,0.01,52.74
2025-08-30 21:00:00,0.0,53.12,0.0,53.12,0.01,53.12
2025-08-30 22:00:00,0.0,51.88,0.0,51.88,0.01,51.87
2025-08-30 23:00:00,0.0,51.88,0.0,51.88,0.01,51.87
2025-08-31 00:00:00,0.0,51.25,0.0,51.25,0.01,51.24
2025-08-31 01:00:00,0.0,51.88,0.0,51.88,0.01,51.87
2025-08-31 02:00:00,0.0,50.62,0.0,50.62,0.01,50.62
2025-08-31 03:00:00,0.0,51.25,0.0,51.25,0.01,51.24
2025-08-31 04:00:00,0.0,50.62,0.0,50.62,0.01,50.62
2025-08-31 05:00:00,0.0,54.38,0.0,54.38,0.01,54.37
2025-08-31 06:00:00,0.0,60.79,0.0,60.79,0.01,60.79
2025-08-31 07:00:00,26.97,28.13,0.0,55.09,0.01,55.09
2025-08-31 08:00:00,138.88,0.0,88.37,50.51,0.01,50.5
2025-08-31 09:00:00,327.22,0.0,279.19,48.03,0.01,48.02
2025-08-31 10:00:00,483.28,0.0,434.12,49.16,0.01,49.16
2025-08-31 11:00:00,630.32,0.0,580.19,50.14,0.01,50.13
2025-08-31 12:00:00,699.0,0.0,651.31,47.68,0.01,47.68
2025-08-31 13:00:00,741.6,0.0,693.35,48.24,0.01,48.24
2025-08-31 14:00:00,707.66,0.0,660.53,47.13,0.01,47.12
2025-08-31 15:00:00,557.59,0.0,508.36,49.22,0.01,49.22
2025-08-31 16:00:00,333.19,0.0,282.41,50.78,0.01,50.77
2025-08-31 17:00:00,239.13,0.0,165.07,74.06,0.01,74.05
2025-08-31 18:00:00,13.0,86.69,0.0,99.69,0.01,99.69
2025-08-31 19:00:00,67.6,12.89,0.0,80.49,0.01,80.48
2025-08-31 20:00:00,11.84,80.75,0.0,92.58,0.01,92.58
2025-08-31 21:00:00,0.0,269.38,0.0,269.38,0.01,269.37
2025-08-31 22:00:00,0.0,281.88,0.0,281.88,0.01,281.87
2025-08-31 23:00:00,0.0,293.12,0.0,293.12,0.01,293.12
2025-09-01 00:00:00,0.0,328.12,0.0,328.12,0.01,328.12
2025-09-01 01:00:00,0.0,326.88,0.0,326.88,0.01,326.87
2025-09-01 02:00:00,0.0,347.5,0.0,347.5,0.01,347.49
2025-09-01 03:00:00,0.0,356.25,0.0,356.25,0.01,356.24
2025-09-01 04:00:00,0.0,348.75,0.0,348.75,0.01,348.74
2025-09-01 05:00:00,0.0,376.25,0.0,376.25,0.01,376.24
2025-09-01 06:00:00,0.0,398.79,0.0,398.79,0.01,398.78
2025-09-01 07:00:00,14.15,378.2,0.0,392.35,0.78,391.57
2025-09-01 08:00:00,55.83,385.36,0.0,441.18,41.78,399.4
2025-09-01 09:00:00,128.33,373.3,0.0,501.63,88.53,413.1
2025-09-01 10:00:00,283.99,213.25,0.0,497.24,72.61,424.63
2025-09-01 11:00:00,422.8,85.34,0.0,508.14,52.68,455.46
2025-09-01 12:00:00,647.71,0.0,175.52,472.19,40.14,432.05
2025-09-01 13:00:00,675.42,0.0,194.83,480.59,14.18,466.41
2025-09-01 14:00:00,678.33,0.0,210.87,467.46,12.02,455.44
2025-09-01 15:00:00,628.43,0.0,142.17,486.25,11.45,474.8
2025-09-01 16:00:00,539.44,0.0,76.31,463.13,11.44,451.69
2025-09-01 17:00:00,398.93,31.29,0.0,430.22,11.17,419.05
2025-09-01 18:00:00,220.6,211.21,0.0,431.81,0.01,431.81
2025-09-01 19:00:00,75.57,341.96,0.0,417.54,0.01,417.53
2025-09-01 20:00:00,8.62,353.55,0.0,362.16,0.01,362.16
2025-09-01 21:00:00,0.0,374.38,0.0,374.38,0.01,374.37
2025-09-01 22:00:00,0.0,370.0,0.0,370.0,0.01,369.99
2025-09-01 23:00:00,0.0,385.62,0.0,385.62,0.01,385.62
2025-09-02 00:00:00,0.0,358.75,0.0,358.75,0.01,358.74
2025-09-02 01:00:00,0.0,311.88,0.0,311.88,0.01,311.87
2025-09-02 02:00:00,0.0,356.88,0.0,356.88,0.01,356.87
2025-09-02 03:00:00,0.0,375.0,0.0,375.0,0.01,374.99
2025-09-02 04:00:00,0.0,348.75,0.0,348.75,0.01,348.74
2025-09-02 05:00:00,0.0,448.12,0.0,448.12,0.01,448.12
2025-09-02 06:00:00,0.0,448.88,0.0,448.88,0.01,448.88
2025-09-02 07:00:00,25.8,433.32,0.0,459.13,8.93,450.2
2025-09-02 08:00:00,127.53,457.78,0.0,585.31,71.9,513.41
2025-09-02 09:00:00,271.9,328.67,0.0,600.57,115.01,485.55
2025-09-02 10:00:00,455.67,111.42,0.0,567.09,71.11,495.98
2025-09-02 11:00:00,582.24,35.2,0.0,617.44,31.57,585.87
2025-09-02 12:00:00,657.23,0.0,132.0,525.23,26.58,498.65
2025-09-02 13:00:00,598.16,0.0,95.13,503.03,16.05,486.98
2025-09-02 14:00:00,570.45,0.0,86.12,484.33,2.45,481.88
2025-09-02 15:00:00,542.52,0.0,68.97,473.54,1.72,471.83
2025-09-02 16:00:00,363.62,93.32,0.0,456.94,0.91,456.03
2025-09-02 17:00:00,367.44,81.01,0.0,448.44,3.93,444.52
2025-09-02 18:00:00,217.74,210.62,0.0,428.36,0.14,428.22
2025-09-02 19:00:00,55.91,323.04,0.0,378.95,0.01,378.94
2025-09-02 20:00:00,3.92,400.02,0.0,403.93,0.01,403.93
2025-09-02 21:00:00,0.0,405.0,0.0,405.0,0.01,404.99
2025-09-02 22:00:00,0.0,410.0,0.0,410.0,0.01,409.99
2025-09-02 23:00:00,0.0,408.75,0.0,408.75,0.01,408.74
2025-09-03 00:00:00,0.0,385.63,0.0,385.63,0.01,385.62
2025-09-03 01:00:00,0.0,345.0,0.0,345.0,0.01,344.99
2025-09-03 02:00:00,0.0,386.88,0.0,386.88,0.01,386.87
2025-09-03 03:00:00,0.0,425.62,0.0,425.62,0.01,425.62
2025-09-03 04:00:00,0.0,391.88,0.0,391.88,0.0,391.87
2025-09-03 05:00:00,0.0,426.88,0.0,426.88,0.01,426.87
2025-09-03 06:00:00,0.0,430.62,0.0,430.62,0.01,430.62
2025-09-03 07:00:00,16.3,444.32,0.0,460.62,20.83,439.79
2025-09-03 08:00:00,53.69,464.82,0.0,518.52,38.27,480.25
2025-09-03 09:00:00,120.07,429.12,0.0,549.18,63.32,485.86
2025-09-03 10:00:00,228.59,279.62,0.0,508.2,39.84,468.37
2025-09-03 11:00:00,366.68,134.9,0.0,501.58,29.69,471.89
2025-09-03 12:00:00,342.59,109.83,0.0,452.42,5.48,446.94
2025-09-03 13:00:00,338.28,142.02,0.0,480.3,0.01,480.29
2025-09-03 14:00:00,211.56,274.98,0.0,486.54,0.01,486.53
2025-09-03 15:00:00,276.43,209.87,0.0,486.3,0.01,486.29
2025-09-03 16:00:00,112.0,364.62,0.0,476.62,0.01,476.61
2025-09-03 17:00:00,133.32,307.84,0.0,441.17,0.5,440.67
2025-09-03 18:00:00,135.36,288.72,0.0,424.07,7.94,416.13
2025-09-03 19:00:00,46.94,382.56,0.0,429.5,0.01,429.49
2025-09-03 20:00:00,6.0,383.97,0.0,389.97,0.01,389.97
2025-09-03 21:00:00,0.0,383.75,0.0,383.75,0.01,383.74
2025-09-03 22:00:00,0.0,389.38,0.0,389.38,0.01,389.37
2025-09-03 23:00:00,0.0,408.12,0.0,408.12,0.01,408.12
2025-09-04 00:00:00,0.0,374.38,0.0,374.38,0.01,374.37
2025-09-04 01:00:00,0.0,381.25,0.0,381.25,0.01,381.24
2025-09-04 02:00:00,0.0,416.88,0.0,416.88,0.01,416.87
2025-09-04 03:00:00,0.0,421.88,0.0,421.88,0.01,421.87
2025-09-04 04:00:00,0.0,410.62,0.0,410.62,0.01,410.62
2025-09-04 05:00:00,0.0,415.62,0.0,415.62,0.01,415.62
2025-09-04 06:00:00,0.0,423.77,0.0,423.77,0.01,423.77
2025-09-04 07:00:00,7.1,505.29,0.0,512.4,5.58,506.82
2025-09-04 08:00:00,107.4,489.87,0.0,597.27,61.66,535.61
2025-09-04 09:00:00,220.98,400.46,0.0,621.45,113.22,508.23
2025-09-04 10:00:00,281.09,375.43,0.0,656.52,77.4,579.12
2025-09-04 11:00:00,318.62,333.5,0.0,652.12,65.3,586.82
2025-09-04 12:00:00,291.22,316.19,0.0,607.41,56.03,551.38
2025-09-04 13:00:00,422.18,122.7,0.0,544.87,31.95,512.92
2025-09-04 14:00:00,242.09,348.6,0.0,590.7,23.83,566.86
2025-09-04 15:00:00,106.4,458.72,0.0,565.12,6.32,558.8
2025-09-04 16:00:00,94.66,399.71,0.0,494.37,0.01,494.37
2025-09-04 17:00:00,93.17,356.64,0.0,449.8,0.54,449.27
2025-09-04 18:00:00,93.86,368.11,0.0,461.97,0.01,461.96
2025-09-04 19:00:00,43.79,370.82,0.0,414.6,0.01,414.6
2025-09-04 20:00:00,2.71,402.77,0.0,405.48,0.01,405.47
2025-09-04 21:00:00,0.0,421.25,0.0,421.25,0.01,421.24
2025-09-04 22:00:00,0.0,432.5,0.0,432.5,0.01,432.49
2025-09-04 23:00:00,0.0,428.75,0.0,428.75,0.01,428.74
2025-09-05 00:00:00,0.0,413.12,0.0,413.12,0.01,413.12
2025-09-05 01:00:00,0.0,407.5,0.0,407.5,0.01,407.49
2025-09-05 02:00:00,0.0,416.88,0.0,416.88,0.01,416.87
2025-09-05 03:00:00,0.0,390.0,0.0,390.0,0.01,389.99
2025-09-05 04:00:00,0.0,374.38,0.0,374.38,0.01,374.37
2025-09-05 05:00:00,0.0,391.25,0.0,391.25,0.01,391.24
2025-09-05 06:00:00,0.0,413.15,0.0,413.15,1.89,411.27
2025-09-05 07:00:00,21.41,420.92,0.0,442.33,32.43,409.9
2025-09-05 08:00:00,89.6,430.16,0.0,519.76,97.54,422.22
2025-09-05 09:00:00,194.75,335.37,0.0,530.12,130.13,399.99
2025-09-05 10:00:00,164.96,312.98,0.0,477.94,85.62,392.32
2025-09-05 11:00:00,242.58,219.3,0.0,461.87,53.82,408.05
2025-09-05 12:00:00,253.86,150.66,0.0,404.52,35.34,369.19
2025-09-05 13:00:00,188.97,244.38,0.0,433.34,21.64,411.7
2025-09-05 14:00:00,181.05,246.87,0.0,427.92,15.58,412.34
2025-09-05 15:00:00,190.75,225.09,0.0,415.84,7.0,408.85
2025-09-05 16:00:00,232.56,175.96,0.0,408.53,3.03,405.5
2025-09-05 17:00:00,124.67,241.5,0.0,366.17,0.28,365.89
2025-09-05 18:00:00,129.32,255.76,0.0,385.08,0.01,385.07
2025-09-05 19:00:00,44.38,298.01,0.0,342.39,0.01,342.39
2025-09-05 20:00:00,3.07,346.83,0.0,349.9,0.01,349.9
2025-09-05 21:00:00,0.0,315.0,0.0,315.0,0.01,314.99
2025-09-05 22:00:00,0.0,331.25,0.0,331.25,0.01,331.24
2025-09-05 23:00:00,0.0,298.75,0.0,298.75,0.01,298.74
2025-09-06 00:00:00,0.0,291.88,0.0,291.88,0.01,291.87
2025-09-06 01:00:00,0.0,258.12,0.0,258.12,0.01,258.12
2025-09-06 02:00:00,0.0,290.62,0.0,290.62,0.01,290.62
2025-09-06 03:00:00,0.0,283.12,0.0,283.12,0.01,283.12
2025-09-06 04:00:00,0.0,183.75,0.0,183.75,0.01,183.74
2025-09-06 05:00:00,0.0,61.25,0.0,61.25,0.01,61.24
2025-09-06 06:00:00,0.0,58.85,0.0,58.85,0.01,58.84
2025-09-06 07:00:00,10.61,45.23,0.0,55.84,0.01,55.84
2025-09-06 08:00:00,49.36,8.55,0.0,57.91,0.01,57.91
2025-09-06 09:00:00,90.06,0.0,32.56,57.5,0.01,57.49
2025-09-06 10:00:00,36.33,19.44,0.0,55.77,0.01,55.77
2025-09-06 11:00:00,51.41,6.47,0.0,57.88,0.01,57.87
2025-09-06 12:00:00,135.75,0.0,77.84,57.9,0.01,57.9
2025-09-06 13:00:00,152.97,0.0,84.27,68.7,0.01,68.69
2025-09-06 14:00:00,97.68,0.0,27.52,70.15,0.01,70.15
2025-09-06 15:00:00,74.62,0.25,0.0,74.87,0.01,74.86
2025-09-06 16:00:00,84.96,2.7,0.0,87.66,0.01,87.66
2025-09-06 17:00:00,98.3,0.0,31.42,66.87,0.01,66.86
2025-09-06 18:00:00,62.73,15.27,0.0,78.0,0.01,77.99
2025-09-06 19:00:00,12.28,50.21,0.0,62.49,0.01,62.48
2025-09-06 20:00:00,0.08,60.6,0.0,60.68,0.01,60.67
2025-09-06 21:00:00,0.0,57.5,0.0,57.5,0.01,57.49
2025-09-06 22:00:00,0.0,56.25,0.0,56.25,0.01,56.24
2025-09-06 23:00:00,0.0,55.0,0.0,55.0,0.01,54.99
2025-09-07 00:00:00,0.0,55.0,0.0,55.0,0.01,54.99
2025-09-07 01:00:00,0.0,55.0,0.0,55.0,0.01,54.99
2025-09-07 02:00:00,0.0,54.38,0.0,54.38,0.01,54.37
2025-09-07 03:00:00,0.0,54.38,0.0,54.38,0.01,54.37
2025-09-07 04:00:00,0.0,53.75,0.0,53.75,0.01,53.74
2025-09-07 05:00:00,0.0,53.75,0.0,53.75,0.01,53.74
2025-09-07 06:00:00,0.0,55.62,0.0,55.62,0.01,55.62
2025-09-07 07:00:00,20.16,30.96,0.0,51.13,0.01,51.12
2025-09-07 08:00:00,131.51,0.0,81.28,50.23,0.01,50.22
2025-09-07 09:00:00,288.47,0.0,238.55,49.92,0.01,49.91
2025-09-07 10:00:00,422.05,0.0,369.81,52.23,0.01,52.23
2025-09-07 11:00:00,463.53,0.0,408.06,55.47,0.01,55.47
2025-09-07 12:00:00,474.04,0.0,403.06,70.98,0.01,70.97
2025-09-07 13:00:00,647.3,0.0,575.56,71.74,0.01,71.74
2025-09-07 14:00:00,569.72,0.0,496.58,73.14,0.01,73.13
2025-09-07 15:00:00,619.94,0.0,547.07,72.87,0.01,72.87
2025-09-07 16:00:00,292.23,0.0,219.27,72.96,0.01,72.95
2025-09-07 17:00:00,126.05,0.0,24.19,101.86,0.01,101.86
2025-09-07 18:00:00,55.08,93.59,0.0,148.66,0.01,148.66
2025-09-07 19:00:00,11.15,108.56,0.0,119.71,0.01,119.7
2025-09-07 20:00:00,0.0,138.89,0.0,138.89,0.01,138.88
2025-09-07 21:00:00,0.0,231.25,0.0,231.25,0.01,231.24
2025-09-07 22:00:00,0.0,271.88,0.0,271.88,0.01,271.87
2025-09-07 23:00:00,0.0,292.5,0.0,292.5,0.01,292.49
2025-09-08 00:00:00,0.0,329.38,0.0,329.38,0.01,329.37
2025-09-08 01:00:00,0.0,313.12,0.0,313.12,0.01,313.12
2025-09-08 02:00:00,0.0,309.38,0.0,309.38,0.01,309.37
2025-09-08 03:00:00,0.0,368.12,0.0,368.12,0.01,368.12
2025-09-08 04:00:00,0.0,370.63,0.0,370.63,0.01,370.62
2025-09-08 05:00:00,0.0,395.0,0.0,395.0,0.01,394.99
2025-09-08 06:00:00,0.0,402.5,0.0,402.5,0.01,402.49
2025-09-08 07:00:00,18.42,401.57,0.0,419.99,10.25,409.74
2025-09-08 08:00:00,102.11,377.15,0.0,479.26,42.35,436.91
2025-09-08 09:00:00,171.58,330.4,0.0,501.98,80.27,421.71
2025-09-08 10:00:00,444.87,76.03,0.0,520.9,69.78,451.12
2025-09-08 11:00:00,576.52,0.0,77.18,499.34,49.2,450.13
2025-09-08 12:00:00,527.08,0.0,34.01,493.07,34.33,458.74
2025-09-08 13:00:00,646.02,0.0,132.81,513.21,26.47,486.74
2025-09-08 14:00:00,693.68,0.0,179.96,513.72,40.1,473.62
2025-09-08 15:00:00,603.88,0.0,90.63,513.26,23.24,490.02
2025-09-08 16:00:00,372.94,108.93,0.0,481.87,6.64,475.22
2025-09-08 17:00:00,106.82,339.0,0.0,445.81,0.84,444.98
2025-09-08 18:00:00,87.57,366.23,0.0,453.8,0.01,453.79
2025-09-08 19:00:00,14.84,491.97,0.0,506.8,0.02,506.78
2025-09-08 20:00:00,0.24,484.24,0.0,484.47,0.01,484.47
2025-09-08 21:00:00,0.0,451.25,0.0,451.25,0.01,451.24
2025-09-08 22:00:00,0.0,434.38,0.0,434.38,0.01,434.37
2025-09-08 23:00:00,0.0,406.88,0.0,406.88,0.01,406.87
2025-09-09 00:00:00,0.0,414.38,0.0,414.38,0.01,414.37
2025-09-09 01:00:00,0.0,381.88,0.0,381.88,0.01,381.87
2025-09-09 02:00:00,0.0,365.0,0.0,365.0,0.01,364.99
2025-09-09 03:00:00,0.0,396.25,0.0,396.25,0.01,396.24
2025-09-09 04:00:00,0.0,395.62,0.0,395.62,0.01,395.62
2025-09-09 05:00:00,0.0,439.38,0.0,439.38,0.01,439.37
2025-09-09 06:00:00,0.0,396.25,0.0,396.25,0.01,396.24
2025-09-09 07:00:00,6.26,384.65,0.0,390.91,9.13,381.78
2025-09-09 08:00:00,57.34,441.39,0.0,498.73,88.33,410.4
2025-09-09 09:00:00,233.25,298.42,0.0,531.67,149.64,382.03
2025-09-09 10:00:00,337.99,174.47,0.0,512.46,123.14,389.32
2025-09-09 11:00:00,325.01,177.42,0.0,502.43,58.54,443.89
2025-09-09 12:00:00,383.02,103.73,0.0,486.76,37.32,449.44
2025-09-09 13:00:00,264.06,219.03,0.0,483.09,21.26,461.83
2025-09-09 14:00:00,418.41,81.3,0.0,499.71,17.07,482.64
2025-09-09 15:00:00,229.95,282.49,0.0,512.45,4.53,507.92
2025-09-09 16:00:00,184.91,321.68,0.0,506.58,0.01,506.58
2025-09-09 17:00:00,64.98,401.73,0.0,466.71,1.31,465.4
2025-09-09 18:00:00,47.34,443.13,0.0,490.48,0.92,489.55
2025-09-09 19:00:00,11.11,432.89,0.0,444.0,0.01,444.0
2025-09-09 20:00:00,0.02,444.14,0.0,444.16,0.01,444.15
2025-09-09 21:00:00,0.0,451.25,0.0,451.25,0.01,451.24
2025-09-09 22:00:00,0.0,429.38,0.0,429.38,0.01,429.37
2025-09-09 23:00:00,0.0,384.38,0.0,384.38,0.01,384.37
2025-09-10 00:00:00,0.0,402.5,0.0,402.5,0.0,402.5
2025-09-10 01:00:00,0.0,360.0,0.0,360.0,0.01,359.99
2025-09-10 02:00:00,0.0,395.62,0.0,395.62,0.01,395.62
2025-09-10 03:00:00,0.0,374.38,0.0,374.38,0.01,374.37
2025-09-10 04:00:00,0.0,404.38,0.0,404.38,0.01,404.37
2025-09-10 05:00:00,0.0,398.75,0.0,398.75,0.01,398.74
2025-09-10 06:00:00,0.0,425.0,0.0,425.0,0.01,424.99
2025-09-10 07:00:00,26.99,429.48,0.0,456.47,14.04,442.44
2025-09-10 08:00:00,131.88,435.42,0.0,567.3,99.6,467.7
2025-09-10 09:00:00,236.02,365.41,0.0,601.43,140.48,460.95
2025-09-10 10:00:00,213.71,298.56,0.0,512.27,111.69,400.58
2025-09-10 11:00:00,70.91,487.01,0.0,557.92,62.3,495.62
2025-09-10 12:00:00,114.43,364.58,0.0,479.01,33.65,445.36
2025-09-10 13:00:00,107.29,401.33,0.0,508.62,15.65,492.97
2025-09-10 14:00:00,110.39,425.93,0.0,536.32,0.0,536.32
2025-09-10 15:00:00,169.98,363.57,0.0,533.55,0.01,533.55
2025-09-10 16:00:00,76.89,438.7,0.0,515.59,0.02,515.58
2025-09-10 17:00:00,97.44,317.55,0.0,414.98,0.46,414.52
2025-09-10 18:00:00,40.9,383.21,0.0,424.11,0.09,424.01
2025-09-10 19:00:00,16.56,397.83,0.0,414.39,0.01,414.39
2025-09-10 20:00:00,0.0,438.8,0.0,438.8,0.01,438.8
2025-09-10 21:00:00,0.0,379.38,0.0,379.38,0.01,379.37
2025-09-10 22:00:00,0.0,376.88,0.0,376.88,0.01,376.87
2025-09-10 23:00:00,0.0,348.75,0.0,348.75,0.01,348.74
2025-09-11 00:00:00,0.0,331.25,0.0,331.25,0.01,331.24
2025-09-11 01:00:00,0.0,340.0,0.0,340.0,0.01,339.99
2025-09-11 02:00:00,0.0,386.25,0.0,386.25,0.01,386.24
2025-09-11 03:00:00,0.0,376.88,0.0,376.88,0.01,376.87
2025-09-11 04:00:00,0.0,367.5,0.0,367.5,0.01,367.49
2025-09-11 05:00:00,0.0,378.12,0.0,378.12,0.01,378.12
2025-09-11 06:00:00,2.77,380.98,0.0,383.75,0.01,383.74
2025-09-11 07:00:00,9.15,401.5,0.0,410.65,2.7,407.96
2025-09-11 08:00:00,88.27,434.46,0.0,522.73,80.51,442.22
2025-09-11 09:00:00,165.73,405.93,0.0,571.66,141.84,429.82
2025-09-11 10:00:00,431.38,134.21,0.0,565.59,121.5,444.09
2025-09-11 11:00:00,437.51,56.53,0.0,494.04,72.07,421.97
2025-09-11 12:00:00,474.87,0.0,62.69,412.19,55.7,356.49
2025-09-11 13:00:00,734.47,0.0,270.29,464.18,31.49,432.69
2025-09-11 14:00:00,539.37,0.0,14.04,525.33,24.08,501.26
2025-09-11 15:00:00,595.91,0.0,122.1,473.82,14.7,459.11
2025-09-11 16:00:00,539.41,0.0,75.14,464.27,22.49,441.78
2025-09-11 17:00:00,257.73,156.05,0.0,413.78,22.4,391.38
2025-09-11 18:00:00,106.46,307.45,0.0,413.91,5.55,408.37
2025-09-11 19:00:00,49.63,364.28,0.0,413.91,11.29,402.62
2025-09-11 20:00:00,2.52,408.27,0.0,410.79,11.28,399.5
2025-09-11 21:00:00,1.93,409.32,0.0,411.25,5.92,405.33
2025-09-11 22:00:00,3.59,398.91,0.0,402.5,0.04,402.46
2025-09-11 23:00:00,5.11,388.01,0.0,393.12,0.01,393.12
2025-09-12 00:00:00,4.74,367.13,0.0,371.88,0.01,371.87
2025-09-12 01:00:00,4.2,360.17,0.0,364.38,0.01,364.37
2025-09-12 02:00:00,2.92,381.46,0.0,384.38,0.01,384.37
2025-09-12 03:00:00,2.25,394.63,0.0,396.88,0.01,396.87
2025-09-12 04:00:00,1.13,390.75,0.0,391.88,0.01,391.87
2025-09-12 05:00:00,0.0,403.12,0.0,403.12,0.01,403.12
2025-09-12 06:00:00,0.0,405.62,0.0,405.62,2.63,403.0
2025-09-12 07:00:00,8.74,380.33,0.0,389.07,21.19,367.87
2025-09-12 08:00:00,78.44,380.35,0.0,458.79,58.47,400.32
2025-09-12 09:00:00,207.21,258.81,0.0,466.02,96.57,369.45
2025-09-12 10:00:00,299.82,150.42,0.0,450.24,94.71,355.53
2025-09-12 11:00:00,440.4,0.0,31.69,408.71,54.05,354.66
2025-09-12 12:00:00,617.5,0.0,216.68,400.83,31.6,369.23
2025-09-12 13:00:00,704.6,0.0,330.57,374.03,10.8,363.23
2025-09-12 14:00:00,589.74,0.0,210.43,379.31,0.46,378.85
2025-09-12 15:00:00,409.7,0.0,85.45,324.25,0.01,324.24
2025-09-12 16:00:00,430.27,0.0,79.5,350.77,0.0,350.77
2025-09-12 17:00:00,220.47,54.27,0.0,274.74,0.0,274.74
2025-09-12 18:00:00,55.98,232.27,0.0,288.24,0.01,288.24
2025-09-12 19:00:00,25.4,205.5,0.0,230.9,0.01,230.89
2025-09-12 20:00:00,0.85,211.54,0.0,212.4,0.01,212.39
2025-09-12 21:00:00,0.0,69.38,0.0,69.38,0.01,69.37
2025-09-12 22:00:00,0.0,62.5,0.0,62.5,0.01,62.49
2025-09-12 23:00:00,0.0,60.0,0.0,60.0,0.01,59.99
2025-09-13 00:00:00,0.0,59.38,0.0,59.38,0.01,59.37
2025-09-13 01:00:00,0.0,55.62,0.0,55.62,0.01,55.62
2025-09-13 02:00:00,0.0,55.62,0.0,55.62,0.01,55.62
2025-09-13 03:00:00,0.0,53.75,0.0,53.75,0.01,53.74
2025-09-13 04:00:00,0.0,58.12,0.0,58.12,0.01,58.12
2025-09-13 05:00:00,0.0,61.88,0.0,61.88,0.01,61.87
2025-09-13 06:00:00,0.0,61.25,0.0,61.25,0.01,61.24
2025-09-13 07:00:00,6.47,48.56,0.0,55.03,0.01,55.03
2025-09-13 08:00:00,65.71,0.0,17.26,48.44,0.01,48.44
2025-09-13 09:00:00,81.2,0.0,31.23,49.96,0.01,49.96
2025-09-13 10:00:00,142.12,0.0,136.2,5.92,0.01,5.91
2025-09-13 11:00:00,485.34,0.0,436.15,49.18,0.01,49.18
2025-09-13 12:00:00,402.24,0.0,352.67,49.57,0.01,49.57
2025-09-13 13:00:00,478.12,0.0,428.27,49.85,0.01,49.84
2025-09-13 14:00:00,607.93,0.0,558.05,49.88,0.01,49.87
2025-09-13 15:00:00,351.01,0.0,299.48,51.53,0.01,51.53
2025-09-13 16:00:00,229.07,0.0,228.36,0.7,0.01,0.7
2025-09-13 17:00:00,216.37,0.0,157.89,58.48,0.01,58.47
2025-09-13 18:00:00,220.71,0.0,169.78,50.93,0.01,50.93
2025-09-13 19:00:00,42.64,1.44,0.0,44.08,0.01,44.07
2025-09-13 20:00:00,0.4,53.11,0.0,53.51,0.01,53.5
2025-09-13 21:00:00,0.0,53.12,0.0,53.12,0.01,53.12
2025-09-13 22:00:00,0.0,53.75,0.0,53.75,0.01,53.74
2025-09-13 23:00:00,0.0,53.12,0.0,53.12,0.01,53.12
2025-09-14 00:00:00,0.0,53.12,0.0,53.12,0.01,53.12
2025-09-14 01:00:00,0.0,53.75,0.0,53.75,0.01,53.74
2025-09-14 02:00:00,0.0,53.12,0.0,53.12,0.01,53.12
2025-09-14 03:00:00,0.0,61.25,0.0,61.25,0.01,61.24
2025-09-14 04:00:00,0.0,61.25,0.0,61.25,0.01,61.24
2025-09-14 05:00:00,0.0,61.25,0.0,61.25,0.01,61.24
2025-09-14 06:00:00,0.0,56.88,0.0,56.88,0.01,56.87
2025-09-14 07:00:00,13.86,37.36,0.0,51.22,0.01,51.22
2025-09-14 08:00:00,106.05,0.0,56.92,49.13,0.01,49.12
2025-09-14 09:00:00,283.6,0.0,233.65,49.94,0.01,49.94
2025-09-14 10:00:00,422.0,0.0,371.03,50.98,0.01,50.97
2025-09-14 11:00:00,507.49,0.0,640.58,-133.09,0.01,-133.1
2025-09-14 12:00:00,530.25,0.0,479.07,51.18,0.01,51.17
2025-09-14 13:00:00,583.21,0.0,531.89,51.32,0.01,51.31
2025-09-14 14:00:00,452.64,0.0,401.24,51.4,0.01,51.39
2025-09-14 15:00:00,561.0,0.0,510.74,50.26,0.01,50.25
2025-09-14 16:00:00,456.52,0.0,406.16,50.36,0.01,50.35
2025-09-14 17:00:00,322.11,0.0,225.24,96.87,0.01,96.86
2025-09-14 18:00:00,150.97,0.0,58.37,92.6,0.01,92.59
2025-09-14 19:00:00,30.82,93.82,0.0,124.64,0.01,124.63
2025-09-14 20:00:00,4.82,152.22,0.0,157.03,0.01,157.03
2025-09-14 21:00:00,4.25,227.0,0.0,231.25,0.01,231.24
2025-09-14 22:00:00,5.36,254.64,0.0,260.0,0.01,259.99
2025-09-14 23:00:00,5.76,265.49,0.0,271.25,0.01,271.24
2025-09-15 00:00:00,5.63,293.12,0.0,298.75,0.01,298.74
2025-09-15 01:00:00,4.95,240.67,0.0,245.62,0.01,245.62
2025-09-15 02:00:00,5.42,273.96,0.0,279.38,0.01,279.37
2025-09-15 03:00:00,5.56,313.19,0.0,318.75,0.01,318.74
2025-09-15 04:00:00,5.08,311.79,0.0,316.88,0.01,316.87
2025-09-15 05:00:00,4.68,340.95,0.0,345.62,0.01,345.62
2025-09-15 06:00:00,4.4,379.97,0.0,384.38,0.01,384.37
2025-09-15 07:00:00,16.04,389.71,0.0,405.75,8.77,396.98
2025-09-15 08:00:00,102.65,400.79,0.0,503.45,72.91,430.53
2025-09-15 09:00:00,242.51,324.9,0.0,567.4,92.64,474.76
2025-09-15 10:00:00,400.87,191.33,0.0,592.2,86.26,505.94
2025-09-15 11:00:00,416.36,136.16,0.0,552.52,61.13,491.39
2025-09-15 12:00:00,466.46,45.57,0.0,512.02,39.34,472.68
2025-09-15 13:00:00,607.75,0.0,57.23,550.53,32.08,518.44
2025-09-15 14:00:00,596.47,0.0,73.85,522.62,4.26,518.36
2025-09-15 15:00:00,544.49,0.0,11.7,532.8,0.01,532.79
2025-09-15 16:00:00,434.48,0.0,28.02,406.46,0.01,406.45
2025-09-15 17:00:00,247.69,159.2,0.0,406.89,0.01,406.88
2025-09-15 18:00:00,132.07,280.24,0.0,412.31,0.01,412.3
2025-09-15 19:00:00,33.72,373.02,0.0,406.74,0.01,406.73
2025-09-15 20:00:00,9.48,374.51,0.0,383.99,0.01,383.98
2025-09-15 21:00:00,10.66,412.47,0.0,423.12,0.01,423.12
2025-09-15 22:00:00,12.97,364.53,0.0,377.5,0.01,377.49
2025-09-15 23:00:00,14.19,352.69,0.0,366.88,0.01,366.87
2025-09-16 00:00:00,14.1,390.9,0.0,405.0,0.01,404.99
2025-09-16 01:00:00,13.5,366.5,0.0,380.0,0.01,379.99
2025-09-16 02:00:00,13.78,393.72,0.0,407.5,0.01,407.49
2025-09-16 03:00:00,13.57,393.93,0.0,407.5,0.01,407.49
2025-09-16 04:00:00,13.74,428.14,0.0,441.88,0.01,441.87
2025-09-16 05:00:00,13.68,387.57,0.0,401.25,0.01,401.24
2025-09-16 06:00:00,14.03,446.6,0.0,460.62,0.01,460.62
2025-09-16 07:00:00,14.85,448.13,0.0,462.98,0.46,462.52
2025-09-16 08:00:00,54.57,545.18,0.0,599.76,82.91,516.85
2025-09-16 09:00:00,128.5,505.38,0.0,633.88,131.46,502.41
2025-09-16 10:00:00,206.45,461.62,0.0,668.07,119.2,548.87
2025-09-16 11:00:00,487.84,72.47,0.0,560.31,90.21,470.1
2025-09-16 12:00:00,391.38,103.41,0.0,494.79,67.2,427.59
2025-09-16 13:00:00,541.4,0.0,34.49,506.91,42.94,463.97
2025-09-16 14:00:00,602.18,0.0,98.47,503.71,25.82,477.9
2025-09-16 15:00:00,570.01,0.0,93.92,476.1,2.82,473.28
2025-09-16 16:00:00,410.06,47.25,0.0,457.3,0.03,457.27
2025-09-16 17:00:00,257.07,170.92,0.0,427.98,0.01,427.98
2025-09-16 18:00:00,174.58,227.9,0.0,402.48,0.01,402.48
2025-09-16 19:00:00,33.11,404.95,0.0,438.06,0.01,438.06
2025-09-16 20:00:00,7.32,422.06,0.0,429.38,0.01,429.37
2025-09-16 21:00:00,7.99,408.88,0.0,416.88,0.01,416.87
2025-09-16 22:00:00,8.51,438.99,0.0,447.5,0.01,447.49
2025-09-16 23:00:00,9.14,424.61,0.0,433.75,0.01,433.74
2025-09-17 00:00:00,9.27,426.98,0.0,436.25,0.01,436.24
2025-09-17 01:00:00,9.29,416.96,0.0,426.25,0.01,426.24
2025-09-17 02:00:00,10.05,443.7,0.0,453.75,0.01,453.74
2025-09-17 03:00:00,9.62,450.38,0.0,460.0,0.01,459.99
2025-09-17 04:00:00,9.61,390.39,0.0,400.0,0.01,399.99
2025-09-17 05:00:00,9.68,401.57,0.0,411.25,0.01,411.24
2025-09-17 06:00:00,9.83,416.42,0.0,426.25,0.01,426.24
2025-09-17 07:00:00,16.23,412.06,0.0,428.29,2.27,426.02
2025-09-17 08:00:00,83.36,370.0,0.0,453.36,23.01,430.35
2025-09-17 09:00:00,157.41,323.95,0.0,481.37,60.18,421.19
2025-09-17 10:00:00,202.05,241.86,0.0,443.91,45.55,398.36
2025-09-17 11:00:00,337.04,93.42,0.0,430.46,33.69,396.77
2025-09-17 12:00:00,441.37,0.0,67.42,373.95,12.28,361.67
2025-09-17 13:00:00,391.15,29.24,0.0,420.39,11.09,409.3
2025-09-17 14:00:00,449.14,0.0,17.62,431.52,10.37,421.15
2025-09-17 15:00:00,325.18,85.96,0.0,411.13,1.73,409.4
2025-09-17 16:00:00,212.42,196.79,0.0,409.21,0.02,409.18
2025-09-17 17:00:00,292.08,94.46,0.0,386.55,0.01,386.54
2025-09-17 18:00:00,144.3,254.01,0.0,398.31,0.03,398.28
2025-09-17 19:00:00,39.23,335.93,0.0,375.16,0.01,375.15
2025-09-17 20:00:00,10.21,349.16,0.0,359.38,0.01,359.37
2025-09-17 21:00:00,10.22,349.78,0.0,360.0,0.01,359.99
2025-09-17 22:00:00,10.3,359.7,0.0,370.0,0.01,369.99
2025-09-17 23:00:00,10.47,346.41,0.0,356.88,0.01,356.87
2025-09-18 00:00:00,10.87,350.38,0.0,361.25,0.01,361.24
2025-09-18 01:00:00,10.79,331.08,0.0,341.88,0.01,341.87
2025-09-18 02:00:00,11.01,377.11,0.0,388.12,0.01,388.12
2025-09-18 03:00:00,11.24,390.01,0.0,401.25,0.01,401.24
2025-09-18 04:00:00,11.31,375.57,0.0,386.88,0.01,386.87
2025-09-18 05:00:00,11.68,380.82,0.0,392.5,0.01,392.49
2025-09-18 06:00:00,11.83,420.04,0.0,431.88,1.4,430.47
2025-09-18 07:00:00,17.47,487.82,0.0,505.29,11.95,493.34
2025-09-18 08:00:00,76.35,474.53,0.0,550.88,46.6,504.28
2025-09-18 09:00:00,170.2,452.04,0.0,622.24,84.99,537.25
2025-09-18 10:00:00,207.26,399.91,0.0,607.17,68.15,539.02
2025-09-18 11:00:00,337.94,233.52,0.0,571.46,47.02,524.44
2025-09-18 12:00:00,524.42,0.0,59.28,465.14,23.4,441.75
2025-09-18 13:00:00,612.13,0.0,141.4,470.73,13.84,456.89
2025-09-18 14:00:00,612.17,0.0,150.45,461.72,11.22,450.5
2025-09-18 15:00:00,545.31,0.0,87.61,457.7,3.2,454.5
2025-09-18 16:00:00,436.24,0.0,9.85,426.39,0.05,426.35
2025-09-18 17:00:00,274.52,133.14,0.0,407.66,0.01,407.66
2025-09-18 18:00:00,129.24,292.71,0.0,421.95,0.01,421.95
2025-09-18 19:00:00,25.97,353.41,0.0,379.38,0.01,379.38
2025-09-18 20:00:00,4.51,379.86,0.0,384.38,0.01,384.37
2025-09-18 21:00:00,5.05,362.45,0.0,367.5,0.01,367.49
2025-09-18 22:00:00,5.35,352.78,0.0,358.12,0.01,358.12
2025-09-18 23:00:00,5.09,298.66,0.0,303.75,0.01,303.74
2025-09-19 00:00:00,5.3,326.58,0.0,331.88,0.01,331.87
2025-09-19 01:00:00,6.02,308.36,0.0,314.38,0.01,314.37
2025-09-19 02:00:00,5.6,339.4,0.0,345.0,0.01,344.99
2025-09-19 03:00:00,5.78,331.1,0.0,336.88,0.01,336.87
2025-09-19 04:00:00,5.68,305.57,0.0,311.25,0.01,311.24
2025-09-19 05:00:00,5.6,330.65,0.0,336.25,0.01,336.24
2025-09-19 06:00:00,5.07,347.43,0.0,352.5,2.88,349.62
2025-09-19 07:00:00,11.05,377.71,0.0,388.76,29.17,359.59
2025-09-19 08:00:00,78.11,370.86,0.0,448.97,74.24,374.73
2025-09-19 09:00:00,207.21,216.99,0.0,424.21,93.25,330.96
2025-09-19 10:00:00,362.23,92.64,0.0,454.87,76.87,378.0
2025-09-19 11:00:00,483.68,0.0,61.03,422.64,51.47,371.17
2025-09-19 12:00:00,586.83,0.0,220.43,366.41,35.96,330.45
2025-09-19 13:00:00,644.5,0.0,269.65,374.85,9.14,365.71
2025-09-19 14:00:00,639.84,0.0,292.46,347.38,0.3,347.08
2025-09-19 15:00:00,576.74,0.0,234.13,342.61,0.01,342.6
2025-09-19 16:00:00,456.25,0.0,99.11,357.14,0.01,357.14
2025-09-19 17:00:00,303.23,35.0,0.0,338.23,0.49,337.75
2025-09-19 18:00:00,144.21,173.82,0.0,318.04,0.01,318.03
2025-09-19 19:00:00,27.78,245.02,0.0,272.8,0.01,272.8
2025-09-19 20:00:00,3.28,180.47,0.0,183.75,0.01,183.74
2025-09-19 21:00:00,4.59,74.16,0.0,78.75,0.01,78.74
2025-09-19 22:00:00,5.56,58.19,0.0,63.75,0.01,63.74
2025-09-19 23:00:00,5.83,54.79,0.0,60.62,0.01,60.62
2025-09-20 00:00:00,6.17,52.58,0.0,58.75,0.01,58.74
2025-09-20 01:00:00,6.65,46.47,0.0,53.12,0.01,53.12
2025-09-20 02:00:00,6.82,45.05,0.0,51.88,0.01,51.87
2025-09-20 03:00:00,7.14,45.36,0.0,52.5,0.01,52.49
2025-09-20 04:00:00,3.91,47.34,0.0,51.25,0.01,51.24
2025-09-20 05:00:00,7.1,44.78,0.0,51.88,0.01,51.87
2025-09-20 06:00:00,7.58,43.04,0.0,50.62,0.01,50.62
2025-09-20 07:00:00,8.84,40.42,0.0,49.25,0.01,49.25
2025-09-20 08:00:00,61.04,0.0,16.79,44.25,0.01,44.24
2025-09-20 09:00:00,222.08,0.0,173.77,48.32,0.01,48.31
2025-09-20 10:00:00,372.28,0.0,322.11,50.16,0.01,50.16
2025-09-20 11:00:00,509.71,0.0,462.09,47.63,0.01,47.62
2025-09-20 12:00:00,607.74,0.0,561.83,45.9,0.01,45.9
2025-09-20 13:00:00,655.75,0.0,609.42,46.33,0.01,46.33
2025-09-20 14:00:00,642.29,0.0,596.09,46.2,0.01,46.2
2025-09-20 15:00:00,565.33,0.0,519.25,46.07,0.01,46.07
2025-09-20 16:00:00,447.59,0.0,399.11,48.48,0.01,48.47
2025-09-20 17:00:00,294.74,0.0,236.14,58.6,0.01,58.59
2025-09-20 18:00:00,134.11,0.0,76.29,57.82,0.01,57.82
2025-09-20 19:00:00,22.89,29.94,0.0,52.83,0.01,52.82
2025-09-20 20:00:00,0.0,53.12,0.0,53.12,0.01,53.12
2025-09-20 21:00:00,0.0,51.25,0.0,51.25,0.01,51.24
2025-09-20 22:00:00,0.0,51.25,0.0,51.25,0.01,51.24
2025-09-20 23:00:00,0.0,50.62,0.0,50.62,0.01,50.62
2025-09-21 00:00:00,0.0,50.62,0.0,50.62,0.01,50.62
2025-09-21 01:00:00,0.0,57.5,0.0,57.5,0.01,57.49
2025-09-21 02:00:00,0.0,58.12,0.0,58.12,0.01,58.12
2025-09-21 03:00:00,0.0,55.62,0.0,55.62,0.01,55.62
2025-09-21 04:00:00,2.43,46.95,0.0,49.38,0.01,49.37
2025-09-21 05:00:00,7.85,41.52,0.0,49.38,0.01,49.37
2025-09-21 06:00:00,8.32,42.93,0.0,51.25,0.01,51.24
2025-09-21 07:00:00,13.91,35.8,0.0,49.71,0.01,49.7
2025-09-21 08:00:00,74.38,0.0,28.81,45.57,0.01,45.56
2025-09-21 09:00:00,195.1,0.0,149.37,45.73,0.01,45.72
2025-09-21 10:00:00,334.55,0.0,288.49,46.06,0.01,46.05
2025-09-21 11:00:00,449.82,0.0,395.82,54.0,0.01,54.0
2025-09-21 12:00:00,549.02,0.0,495.28,53.74,0.01,53.73
2025-09-21 13:00:00,566.13,0.0,516.39,49.75,0.01,49.74
2025-09-21 14:00:00,552.69,0.0,507.18,45.51,0.01,45.5
2025-09-21 15:00:00,363.22,0.0,319.59,43.63,0.01,43.63
2025-09-21 16:00:00,411.59,0.0,364.45,47.13,0.01,47.13
2025-09-21 17:00:00,279.93,0.0,233.08,46.85,0.01,46.85
2025-09-21 18:00:00,91.22,0.0,37.7,53.52,0.01,53.52
2025-09-21 19:00:00,12.49,120.1,0.0,132.59,0.01,132.59
2025-09-21 20:00:00,0.0,123.12,0.0,123.12,0.01,123.12
2025-09-21 21:00:00,0.0,243.75,0.0,243.75,0.01,243.74
2025-09-21 22:00:00,0.0,262.5,0.0,262.5,0.01,262.49
2025-09-21 23:00:00,0.0,286.88,0.0,286.88,0.01,286.87
2025-09-22 00:00:00,0.0,332.5,0.0,332.5,0.01,332.49
2025-09-22 01:00:00,0.0,340.0,0.0,340.0,0.01,339.99
2025-09-22 02:00:00,0.0,368.75,0.0,368.75,0.01,368.74
2025-09-22 03:00:00,0.0,388.12,0.0,388.12,0.01,388.12
2025-09-22 04:00:00,0.0,370.0,0.0,370.0,0.01,369.99
2025-09-22 05:00:00,0.0,408.12,0.0,408.12,0.01,408.12
2025-09-22 06:00:00,0.44,462.69,0.0,463.12,0.01,463.12
2025-09-22 07:00:00,9.37,451.24,0.0,460.61,2.87,457.74
2025-09-22 08:00:00,37.76,475.62,0.0,513.38,40.25,473.13
2025-09-22 09:00:00,58.15,470.64,0.0,528.79,68.95,459.84
2025-09-22 10:00:00,108.32,432.04,0.0,540.36,63.61,476.75
2025-09-22 11:00:00,264.58,306.39,0.0,570.97,59.66,511.31
2025-09-22 12:00:00,281.92,230.91,0.0,512.83,23.12,489.7
2025-09-22 13:00:00,394.73,115.24,0.0,509.97,11.79,498.17
2025-09-22 14:00:00,471.45,10.57,0.0,482.01,8.28,473.73
2025-09-22 15:00:00,394.85,96.22,0.0,491.08,8.48,482.59
2025-09-22 16:00:00,259.02,165.08,0.0,424.1,0.0,424.1
2025-09-22 17:00:00,200.05,220.1,0.0,420.16,0.01,420.15
2025-09-22 18:00:00,77.44,344.71,0.0,422.14,0.01,422.14
2025-09-22 19:00:00,17.68,386.03,0.0,403.71,0.01,403.71
2025-09-22 20:00:00,8.7,363.8,0.0,372.5,0.01,372.49
2025-09-22 21:00:00,9.37,390.0,0.0,399.38,0.01,399.37
2025-09-22 22:00:00,9.62,386.63,0.0,396.25,0.01,396.24
2025-09-22 23:00:00,9.56,390.44,0.0,400.0,0.01,399.99
2025-09-23 00:00:00,10.1,360.53,0.0,370.62,0.01,370.62
2025-09-23 01:00:00,9.45,348.05,0.0,357.5,0.01,357.49
2025-09-23 02:00:00,8.58,382.05,0.0,390.62,0.01,390.62
2025-09-23 03:00:00,9.81,402.07,0.0,411.88,0.0,411.87
2025-09-23 04:00:00,9.81,358.32,0.0,368.12,0.01,368.12
2025-09-23 05:00:00,9.59,359.78,0.0,369.38,0.01,369.37
2025-09-23 06:00:00,10.29,375.96,0.0,386.25,0.01,386.24
2025-09-23 07:00:00,13.86,381.08,0.0,394.93,0.01,394.93
2025-09-23 08:00:00,57.78,410.64,0.0,468.43,57.54,410.89
2025-09-23 09:00:00,145.19,357.1,0.0,502.29,104.12,398.17
2025-09-23 10:00:00,223.56,332.78,0.0,556.34,104.96,451.38
2025-09-23 11:00:00,312.45,247.3,0.0,559.75,102.19,457.56
2025-09-23 12:00:00,358.64,183.92,0.0,542.55,81.04,461.51
2025-09-23 13:00:00,488.59,0.0,9.17,479.42,59.6,419.82
2025-09-23 14:00:00,530.53,0.0,50.07,480.46,41.78,438.68
2025-09-23 15:00:00,448.62,0.0,51.04,397.58,30.24,367.34
2025-09-23 16:00:00,259.32,130.76,0.0,390.09,7.57,382.52
2025-09-23 17:00:00,169.55,183.07,0.0,352.62,0.48,352.14
2025-09-23 18:00:00,63.1,287.88,0.0,350.98,0.02,350.95
2025-09-23 19:00:00,13.86,346.09,0.0,359.95,0.01,359.95
2025-09-23 20:00:00,9.11,329.01,0.0,338.12,0.01,338.12
2025-09-23 21:00:00,9.23,374.52,0.0,383.75,0.01,383.74
2025-09-23 22:00:00,9.56,392.32,0.0,401.88,0.01,401.87
2025-09-23 23:00:00,9.71,388.42,0.0,398.12,0.01,398.12
2025-09-24 00:00:00,9.7,399.68,0.0,409.38,0.01,409.37
2025-09-24 01:00:00,9.92,346.33,0.0,356.25,0.01,356.24
2025-09-24 02:00:00,9.96,410.66,0.0,420.62,0.01,420.62
2025-09-24 03:00:00,9.92,407.58,0.0,417.5,0.01,417.49
2025-09-24 04:00:00,10.05,389.33,0.0,399.38,0.01,399.37
2025-09-24 05:00:00,9.91,428.21,0.0,438.12,0.01,438.12
2025-09-24 06:00:00,10.09,408.03,0.0,418.12,0.01,418.12
2025-09-24 07:00:00,11.1,414.19,0.0,425.29,5.24,420.05
2025-09-24 08:00:00,37.01,470.32,0.0,507.33,38.06,469.27
2025-09-24 09:00:00,128.4,401.76,0.0,530.16,62.47,467.69
2025-09-24 10:00:00,140.23,357.23,0.0,497.45,55.95,441.5
2025-09-24 11:00:00,228.44,251.47,0.0,479.91,22.44,457.47
2025-09-24 12:00:00,264.15,109.65,0.0,373.8,0.53,373.27
2025-09-24 13:00:00,305.71,40.51,0.0,346.22,0.01,346.21
2025-09-24 14:00:00,69.82,310.36,0.0,380.17,0.01,380.17
2025-09-24 15:00:00,148.89,224.68,0.0,373.56,0.35,373.22
2025-09-24 16:00:00,136.1,222.1,0.0,358.2,0.01,358.19
2025-09-24 17:00:00,39.48,303.64,0.0,343.12,0.01,343.11
2025-09-24 18:00:00,26.01,309.04,0.0,335.05,0.01,335.04
2025-09-24 19:00:00,9.82,306.91,0.0,316.73,0.01,316.72
2025-09-24 20:00:00,8.29,284.21,0.0,292.5,0.01,292.49
2025-09-24 21:00:00,9.38,323.75,0.0,333.12,0.01,333.12
2025-09-24 22:00:00,9.93,342.57,0.0,352.5,0.01,352.49
2025-09-24 23:00:00,10.43,356.44,0.0,366.88,0.01,366.87
2025-09-25 00:00:00,10.59,363.16,0.0,373.75,0.01,373.74
2025-09-25 01:00:00,10.81,308.56,0.0,319.38,0.01,319.37
2025-09-25 02:00:00,9.63,327.24,0.0,336.88,0.01,336.87
2025-09-25 03:00:00,9.32,335.05,0.0,344.38,0.01,344.37
2025-09-25 04:00:00,9.78,312.72,0.0,322.5,0.0,322.5
2025-09-25 05:00:00,10.07,313.68,0.0,323.75,0.01,323.74
2025-09-25 06:00:00,11.42,362.33,0.0,373.75,0.01,373.74
2025-09-25 07:00:00,12.17,451.9,0.0,464.07,9.28,454.78
2025-09-25 08:00:00,49.72,419.74,0.0,469.46,75.42,394.04
2025-09-25 09:00:00,163.54,414.0,0.0,577.54,162.05,415.49
2025-09-25 10:00:00,196.4,364.34,0.0,560.74,123.01,437.73
2025-09-25 11:00:00,244.85,281.8,0.0,526.66,99.66,427.0
2025-09-25 12:00:00,289.56,107.05,0.0,396.61,57.53,339.08
2025-09-25 13:00:00,413.44,1.51,0.0,414.94,18.98,395.96
2025-09-25 14:00:00,342.18,80.64,0.0,422.82,7.56,415.25
2025-09-25 15:00:00,184.91,206.85,0.0,391.77,9.89,381.88
2025-09-25 16:00:00,92.86,288.9,0.0,381.76,13.31,368.45
2025-09-25 17:00:00,115.5,239.78,0.0,355.27,2.05,353.22
2025-09-25 18:00:00,60.22,286.91,0.0,347.13,0.0,347.13
2025-09-25 19:00:00,14.19,343.15,0.0,357.34,0.0,357.34
2025-09-25 20:00:00,10.08,324.92,0.0,335.0,0.0,335.0
2025-09-25 21:00:00,10.2,349.18,0.0,359.38,0.0,359.38
2025-09-25 22:00:00,10.41,325.21,0.0,335.62,0.0,335.62
2025-09-25 23:00:00,10.73,338.64,0.0,349.38,0.0,349.38
2025-09-26 00:00:00,11.43,331.69,0.0,343.12,0.0,343.12
2025-09-26 01:00:00,11.17,329.46,0.0,340.62,0.0,340.62
2025-09-26 02:00:00,11.41,329.21,0.0,340.62,0.0,340.62
2025-09-26 03:00:00,10.84,343.54,0.0,354.38,0.0,354.38
2025-09-26 04:00:00,10.76,341.74,0.0,352.5,0.0,352.5
2025-09-26 05:00:00,10.66,344.96,0.0,355.62,0.0,355.62
2025-09-26 06:00:00,10.79,351.08,0.0,361.88,2.21,359.66
2025-09-26 07:00:00,11.23,369.88,0.0,381.12,19.19,361.93
2025-09-26 08:00:00,45.19,408.36,0.0,453.55,67.17,386.38
2025-09-26 09:00:00,161.57,266.29,0.0,427.86,77.74,350.13
2025-09-26 10:00:00,347.72,115.39,0.0,463.1,79.84,383.27
2025-09-26 11:00:00,366.57,96.71,0.0,463.28,61.05,402.23
2025-09-26 12:00:00,564.84,0.0,205.78,359.07,31.34,327.73
2025-09-26 13:00:00,418.72,0.0,68.34,350.38,19.89,330.49
2025-09-26 14:00:00,396.32,0.0,43.91,352.41,13.57,338.84
2025-09-26 15:00:00,478.27,0.0,115.32,362.95,8.19,354.76
2025-09-26 16:00:00,219.33,104.3,0.0,323.63,3.12,320.51
2025-09-26 17:00:00,137.31,163.67,0.0,300.97,0.0,300.97
2025-09-26 18:00:00,110.96,198.72,0.0,309.68,0.0,309.68
2025-09-26 19:00:00,16.79,233.0,0.0,249.79,0.0,249.79
2025-09-26 20:00:00,5.85,137.9,0.0,143.75,0.0,143.75
2025-09-26 21:00:00,7.06,51.06,0.0,58.12,0.0,58.12
2025-09-26 22:00:00,6.45,48.55,0.0,55.0,0.0,55.0
2025-09-26 23:00:00,6.15,47.6,0.0,53.75,0.0,53.75
2025-09-27 00:00:00,6.76,46.99,0.0,53.75,0.0,53.75
2025-09-27 01:00:00,7.03,46.1,0.0,53.12,0.0,53.12
2025-09-27 02:00:00,6.98,48.02,0.0,55.0,0.0,55.0
2025-09-27 03:00:00,6.6,54.02,0.0,60.62,0.0,60.62
2025-09-27 04:00:00,6.83,53.17,0.0,60.0,0.0,60.0
2025-09-27 05:00:00,6.94,44.94,0.0,51.88,0.0,51.88
2025-09-27 06:00:00,7.29,45.21,0.0,52.5,0.0,52.5
2025-09-27 07:00:00,13.66,36.78,0.0,50.44,0.0,50.44
2025-09-27 08:00:00,11.26,36.66,0.0,47.93,0.0,47.93
2025-09-27 09:00:00,43.24,6.16,0.0,49.4,0.0,49.4
2025-09-27 10:00:00,103.87,0.0,55.05,48.82,0.0,48.82
2025-09-27 11:00:00,202.8,0.0,149.02,53.79,0.0,53.79
2025-09-27 12:00:00,223.98,0.0,165.84,58.14,0.0,58.14
2025-09-27 13:00:00,200.88,0.0,148.33,52.55,0.0,52.55
2025-09-27 14:00:00,67.49,0.0,16.84,50.65,0.0,50.65
2025-09-27 15:00:00,62.66,0.0,12.51,50.15,0.0,50.15
2025-09-27 16:00:00,143.62,0.0,100.32,43.31,0.0,43.31
2025-09-27 17:00:00,71.8,0.0,24.67,47.13,0.0,47.13
2025-09-27 18:00:00,34.53,12.78,0.0,47.31,0.0,47.31
2025-09-27 19:00:00,7.22,43.26,0.0,50.48,0.0,50.48
2025-09-27 20:00:00,3.34,49.16,0.0,52.5,0.0,52.5
2025-09-27 21:00:00,0.0,53.12,0.0,53.12,0.0,53.12
2025-09-27 22:00:00,0.1,52.4,0.0,52.5,0.0,52.5
2025-09-27 23:00:00,3.32,49.8,0.0,53.12,0.0,53.12
2025-09-28 00:00:00,3.57,50.81,0.0,54.38,0.0,54.38
2025-09-28 01:00:00,3.63,55.74,0.0,59.38,0.0,59.38
2025-09-28 02:00:00,2.72,54.78,0.0,57.5,0.0,57.5
2025-09-28 03:00:00,4.29,47.59,0.0,51.88,0.0,51.88
2025-09-28 04:00:00,4.74,46.51,0.0,51.25,0.0,51.25
2025-09-28 05:00:00,5.05,46.2,0.0,51.25,0.0,51.25
2025-09-28 06:00:00,4.99,48.14,0.0,53.12,0.0,53.12
2025-09-28 07:00:00,6.76,44.7,0.0,51.46,0.0,51.46
2025-09-28 08:00:00,55.84,0.0,5.94,49.9,0.0,49.9
2025-09-28 09:00:00,170.01,0.0,113.99,56.02,0.0,56.02
2025-09-28 10:00:00,363.76,0.0,308.08,55.68,0.0,55.68
2025-09-28 11:00:00,353.47,0.0,302.18,51.29,0.0,51.29
2025-09-28 12:00:00,465.83,0.0,420.53,45.3,0.0,45.3
2025-09-28 13:00:00,485.53,0.0,436.83,48.7,0.0,48.7
2025-09-28 14:00:00,523.94,0.0,481.96,41.98,0.0,41.98
2025-09-28 15:00:00,391.37,0.0,339.3,52.07,0.0,52.07
2025-09-28 16:00:00,341.96,0.0,279.35,62.6,0.0,62.6
2025-09-28 17:00:00,233.59,0.0,184.79,48.79,0.0,48.79
2025-09-28 18:00:00,91.42,0.0,34.11,57.31,0.0,57.31
2025-09-28 19:00:00,12.96,121.18,0.0,134.14,0.0,134.14
2025-09-28 20:00:00,6.53,87.85,0.0,94.38,0.0,94.38
2025-09-28 21:00:00,6.86,190.02,0.0,196.88,0.0,196.88
2025-09-28 22:00:00,6.32,249.3,0.0,255.62,0.0,255.62
2025-09-28 23:00:00,5.32,280.3,0.0,285.62,0.0,285.62
2025-09-29 00:00:00,5.33,301.55,0.0,306.88,0.0,306.88
2025-09-29 01:00:00,5.04,290.58,0.0,295.62,0.0,295.62
2025-09-29 02:00:00,4.7,283.42,0.0,288.12,0.0,288.12
2025-09-29 03:00:00,4.17,317.7,0.0,321.88,0.0,321.88
2025-09-29 04:00:00,7.26,315.87,0.0,323.12,0.0,323.12
2025-09-29 05:00:00,9.52,364.86,0.0,374.38,0.0,374.38
2025-09-29 06:00:00,8.87,389.88,0.0,398.75,1.12,397.63
2025-09-29 07:00:00,11.42,380.08,0.0,391.5,13.43,378.07
2025-09-29 08:00:00,73.81,417.26,0.0,491.07,101.67,389.4
2025-09-29 09:00:00,176.13,392.94,0.0,569.07,167.31,401.76
2025-09-29 10:00:00,216.52,376.71,0.0,593.23,167.12,426.11
2025-09-29 11:00:00,275.01,283.56,0.0,558.57,99.12,459.45
2025-09-29 12:00:00,249.73,267.94,0.0,517.67,68.69,448.98
2025-09-29 13:00:00,307.0,197.98,0.0,504.98,36.9,468.08
2025-09-29 14:00:00,347.49,126.7,0.0,474.18,14.98,459.21
2025-09-29 15:00:00,500.51,0.0,14.29,486.21,22.19,464.02
2025-09-29 16:00:00,324.14,135.06,0.0,459.21,9.48,449.73
2025-09-29 17:00:00,234.74,159.36,0.0,394.1,1.69,392.41
2025-09-29 18:00:00,51.43,350.58,0.0,402.01,0.0,402.01
2025-09-29 19:00:00,13.43,360.19,0.0,373.62,0.0,373.62
2025-09-29 20:00:00,10.94,345.31,0.0,356.25,0.0,356.25
2025-09-29 21:00:00,11.32,329.31,0.0,340.62,0.0,340.62
2025-09-29 22:00:00,11.5,327.25,0.0,338.75,0.0,338.75
2025-09-29 23:00:00,11.79,328.21,0.0,340.0,0.0,340.0
2025-09-30 00:00:00,11.62,286.5,0.0,298.12,0.0,298.12
2025-09-30 01:00:00,11.74,258.89,0.0,270.62,0.0,270.62
2025-09-30 02:00:00,10.7,274.92,0.0,285.62,0.0,285.62
2025-09-30 03:00:00,10.09,323.66,0.0,333.75,0.0,333.75
2025-09-30 04:00:00,10.05,311.82,0.0,321.88,0.0,321.88
2025-09-30 05:00:00,10.15,302.35,0.0,312.5,0.0,312.5
2025-09-30 06:00:00,10.51,350.12,0.0,360.62,0.0,360.62
2025-09-30 07:00:00,10.91,365.6,0.0,376.5,6.33,370.17
2025-09-30 08:00:00,23.24,445.85,0.0,469.09,80.96,388.14
2025-09-30 09:00:00,37.25,419.05,0.0,456.3,113.1,343.19
2025-09-30 10:00:00,53.84,479.0,0.0,532.84,98.71,434.13
2025-09-30 11:00:00,141.37,356.19,0.0,497.56,73.86,423.7
2025-09-30 12:00:00,199.81,229.08,0.0,428.88,56.55,372.34
2025-09-30 13:00:00,158.34,339.4,0.0,497.74,34.1,463.64
2025-09-30 14:00:00,162.92,326.62,0.0,489.55,37.53,452.02
2025-09-30 15:00:00,113.68,330.98,0.0,444.65,9.3,435.35
2025-09-30 16:00:00,63.32,452.16,0.0,515.48,3.65,511.82
2025-09-30 17:00:00,58.62,380.08,0.0,438.7,4.17,434.53
2025-09-30 18:00:00,43.96,391.56,0.0,435.52,3.97,431.56
2025-09-30 19:00:00,14.0,477.62,0.0,491.62,3.06,488.56
2025-09-30 20:00:00,12.27,433.98,0.0,446.25,0.0,446.25
2025-09-30 21:00:00,12.2,419.68,0.0,431.88,0.0,431.88
2025-09-30 22:00:00,12.17,508.45,0.0,520.62,0.0,520.62
2025-09-30 23:00:00,12.03,487.97,0.0,500.0,0.0,500.0
2025-10-01 00:00:00,12.17,464.71,0.0,476.88,0.0,476.88
2025-10-01 01:00:00,12.06,427.32,0.0,439.38,0.0,439.37
2025-10-01 02:00:00,11.43,429.82,0.0,441.25,0.0,441.25
2025-10-01 03:00:00,11.63,432.12,0.0,443.75,0.0,443.75
2025-10-01 04:00:00,12.24,400.88,0.0,413.12,0.0,413.12
2025-10-01 05:00:00,12.0,409.88,0.0,421.88,0.0,421.88
2025-10-01 06:00:00,11.96,411.79,0.0,423.75,0.82,422.94
2025-10-01 07:00:00,11.85,452.14,0.0,463.99,12.2,451.79
2025-10-01 08:00:00,16.12,489.35,0.0,505.48,58.79,446.69
2025-10-01 09:00:00,27.14,464.35,0.0,491.49,79.4,412.09
2025-10-01 10:00:00,40.15,426.53,0.0,466.68,69.27,397.41
2025-10-01 11:00:00,60.98,422.32,0.0,483.31,49.78,433.53
2025-10-01 12:00:00,135.52,322.85,0.0,458.37,36.37,422.0
2025-10-01 13:00:00,114.77,342.36,0.0,457.13,13.3,443.83
2025-10-01 14:00:00,187.28,250.81,0.0,438.09,10.74,427.35
2025-10-01 15:00:00,265.06,152.2,0.0,417.27,1.41,415.86
2025-10-01 16:00:00,153.29,243.41,0.0,396.7,0.0,396.7
2025-10-01 17:00:00,99.5,248.19,0.0,347.69,0.29,347.4
2025-10-01 18:00:00,31.95,396.4,0.0,428.35,0.0,428.35
2025-10-01 19:00:00,14.94,404.49,0.0,419.43,0.0,419.43
2025-10-01 20:00:00,13.45,415.93,0.0,429.38,0.0,429.38
2025-10-01 21:00:00,13.66,405.09,0.0,418.75,0.0,418.75
2025-10-01 22:00:00,14.0,411.62,0.0,425.62,0.0,425.62
2025-10-01 23:00:00,13.83,428.67,0.0,442.5,0.0,442.5
2025-10-02 00:00:00,13.45,406.55,0.0,420.0,0.0,420.0
2025-10-02 01:00:00,12.97,356.41,0.0,369.38,0.0,369.38
2025-10-02 02:00:00,13.02,423.23,0.0,436.25,0.0,436.25
2025-10-02 03:00:00,12.9,449.6,0.0,462.5,0.0,462.5
2025-10-02 04:00:00,12.35,400.15,0.0,412.5,0.0,412.5
2025-10-02 05:00:00,12.69,405.44,0.0,418.12,0.0,418.12
2025-10-02 06:00:00,12.33,383.92,0.0,396.25,0.0,396.25
2025-10-02 07:00:00,12.49,411.48,0.0,423.97,3.29,420.68
2025-10-02 08:00:00,61.62,415.94,0.0,477.56,33.46,444.09
2025-10-02 09:00:00,133.25,366.93,0.0,500.18,62.33,437.85
2025-10-02 10:00:00,253.92,271.68,0.0,525.6,71.13,454.47
2025-10-02 11:00:00,309.99,189.42,0.0,499.41,56.9,442.51
2025-10-02 12:00:00,310.46,156.21,0.0,466.68,46.42,420.26
2025-10-02 13:00:00,168.3,292.27,0.0,460.57,51.4,409.18
2025-10-02 14:00:00,268.98,172.73,0.0,441.71,33.52,408.19
2025-10-02 15:00:00,281.25,149.2,0.0,430.44,13.31,417.13
2025-10-02 16:00:00,316.15,106.48,0.0,422.63,14.63,408.01
2025-10-02 17:00:00,111.7,227.52,0.0,339.22,9.79,329.44
2025-10-02 18:00:00,46.74,304.2,0.0,350.94,0.0,350.94
2025-10-02 19:00:00,12.86,351.81,0.0,364.67,0.0,364.67
2025-10-02 20:00:00,11.24,323.13,0.0,334.38,0.0,334.38
2025-10-02 21:00:00,11.68,342.07,0.0,353.75,0.0,353.75
2025-10-02 22:00:00,11.66,402.09,0.0,413.75,0.0,413.75
2025-10-02 23:00:00,11.89,403.73,0.0,415.62,0.0,415.62
2025-10-03 00:00:00,12.15,369.1,0.0,381.25,0.0,381.25
2025-10-03 01:00:00,11.75,298.87,0.0,310.62,0.0,310.62
2025-10-03 02:00:00,11.78,311.34,0.0,323.12,0.0,323.12
2025-10-03 03:00:00,11.85,295.03,0.0,306.88,0.0,306.88
2025-10-03 04:00:00,11.62,289.63,0.0,301.25,0.0,301.25
2025-10-03 05:00:00,12.24,324.01,0.0,336.25,1.36,334.89
2025-10-03 06:00:00,11.93,328.07,0.0,340.0,12.74,327.26
2025-10-03 07:00:00,12.44,353.3,0.0,365.73,23.17,342.56
2025-10-03 08:00:00,51.81,353.66,0.0,405.47,58.51,346.96
2025-10-03 09:00:00,172.46,232.88,0.0,405.34,78.78,326.57
2025-10-03 10:00:00,307.34,79.2,0.0,386.54,77.86,308.67
2025-10-03 11:00:00,428.73,0.0,75.7,353.03,54.98,298.05
2025-10-03 12:00:00,508.0,0.0,185.2,322.8,40.17,282.63
2025-10-03 13:00:00,552.0,0.0,220.95,331.05,30.75,300.3
2025-10-03 14:00:00,549.85,0.0,202.14,347.71,11.65,336.05
2025-10-03 15:00:00,441.61,0.0,82.37,359.25,3.33,355.92
2025-10-03 16:00:00,297.51,5.0,0.0,302.51,6.75,295.77
2025-10-03 17:00:00,226.77,23.38,0.0,250.15,4.36,245.79
2025-10-03 18:00:00,69.32,199.15,0.0,268.47,0.0,268.47
2025-10-03 19:00:00,3.55,238.32,0.0,241.88,0.0,241.88
2025-10-03 20:00:00,0.0,145.62,0.0,145.62,0.0,145.62
2025-10-03 21:00:00,0.0,60.0,0.0,60.0,0.0,60.0
2025-10-03 22:00:00,0.0,52.5,0.0,52.5,0.0,52.5
2025-10-03 23:00:00,0.0,47.5,0.0,47.5,0.0,47.5
2025-10-04 00:00:00,0.0,56.25,0.0,56.25,0.0,56.25
2025-10-04 01:00:00,0.0,53.12,0.0,53.12,0.0,53.12
2025-10-04 02:00:00,0.0,51.88,0.0,51.88,0.0,51.88
2025-10-04 03:00:00,0.0,46.25,0.0,46.25,0.0,46.25
2025-10-04 04:00:00,0.0,45.0,0.0,45.0,0.0,45.0
2025-10-04 05:00:00,0.0,46.25,0.0,46.25,0.0,46.25
2025-10-04 06:00:00,0.0,47.5,0.0,47.5,0.0,47.5
2025-10-04 07:00:00,0.63,52.49,0.0,53.12,0.0,53.12
2025-10-04 08:00:00,44.69,5.02,0.0,49.71,0.0,49.71
2025-10-04 09:00:00,176.25,0.0,127.27,48.97,0.0,48.97
2025-10-04 10:00:00,334.38,0.0,286.15,48.23,0.0,48.23
2025-10-04 11:00:00,472.68,0.0,429.95,42.74,0.0,42.74
2025-10-04 12:00:00,573.11,0.0,529.33,43.78,3.36,40.42
2025-10-04 13:00:00,594.61,0.0,555.01,39.61,0.0,39.61
2025-10-04 14:00:00,380.59,0.0,340.42,40.17,0.0,40.17
2025-10-04 15:00:00,482.19,0.0,439.59,42.61,0.0,42.61
2025-10-04 16:00:00,383.74,0.0,335.39,48.36,0.0,48.36
2025-10-04 17:00:00,228.39,0.0,180.78,47.62,0.0,47.62
2025-10-04 18:00:00,69.58,0.0,21.44,48.14,0.0,48.14
2025-10-04 19:00:00,1.51,49.41,0.0,50.93,0.0,50.93
2025-10-04 20:00:00,0.0,50.0,0.0,50.0,0.0,50.0
2025-10-04 21:00:00,0.0,45.0,0.0,45.0,0.0,45.0
2025-10-04 22:00:00,0.0,45.0,0.0,45.0,0.0,45.0
2025-10-04 23:00:00,0.0,45.0,0.0,45.0,0.0,45.0
2025-10-05 00:00:00,0.0,50.62,0.0,50.62,0.0,50.62
2025-10-05 01:00:00,0.0,53.12,0.0,53.12,0.0,53.12
2025-10-05 02:00:00,0.0,53.12,0.0,53.12,0.0,53.12
2025-10-05 03:00:00,0.0,53.12,0.0,53.12,0.0,53.12
2025-10-05 04:00:00,0.0,50.0,0.0,50.0,0.0,50.0
2025-10-05 05:00:00,0.0,45.0,0.0,45.0,0.0,45.0
2025-10-05 06:00:00,0.0,46.25,0.0,46.25,0.0,46.25
2025-10-05 07:00:00,0.48,45.14,0.0,45.62,0.0,45.62
2025-10-05 08:00:00,41.94,5.72,0.0,47.66,0.0,47.66
2025-10-05 09:00:00,172.25,0.0,122.8,49.45,0.0,49.45
2025-10-05 10:00:00,323.86,0.0,275.69,48.17,0.0,48.17
2025-10-05 11:00:00,457.78,0.0,410.06,47.72,0.0,47.72
2025-10-05 12:00:00,543.51,0.0,502.2,41.31,0.0,41.31
2025-10-05 13:00:00,565.13,0.0,524.75,40.38,0.0,40.38
2025-10-05 14:00:00,534.88,0.0,494.41,40.47,0.0,40.47
2025-10-05 15:00:00,475.69,0.0,434.9,40.79,0.0,40.79
2025-10-05 16:00:00,364.46,0.0,316.95,47.5,0.0,47.5
2025-10-05 17:00:00,276.6,0.0,228.46,48.14,0.0,48.14
2025-10-05 18:00:00,55.69,11.33,0.0,67.02,0.0,67.02
2025-10-05 19:00:00,1.86,122.03,0.0,123.9,0.0,123.9
2025-10-05 20:00:00,0.0,110.0,0.0,110.0,0.0,110.0
2025-10-05 21:00:00,0.0,254.38,0.0,254.38,0.0,254.38
2025-10-05 22:00:00,0.0,250.62,0.0,250.62,0.0,250.62
2025-10-05 23:00:00,0.0,315.0,0.0,315.0,0.0,315.0
2025-10-06 00:00:00,0.0,348.12,0.0,348.12,0.0,348.12
2025-10-06 01:00:00,0.0,321.88,0.0,321.88,0.0,321.88
2025-10-06 02:00:00,0.0,340.62,0.0,340.62,0.0,340.62
2025-10-06 03:00:00,0.0,338.75,0.0,338.75,0.0,338.75
2025-10-06 04:00:00,0.0,318.12,0.0,318.12,0.0,318.12
2025-10-06 05:00:00,0.0,352.5,0.0,352.5,0.0,352.5
2025-10-06 06:00:00,0.0,410.62,0.0,410.62,0.0,410.62
2025-10-06 07:00:00,0.47,427.66,0.0,428.12,11.51,416.61
2025-10-06 08:00:00,15.54,537.01,0.0,552.55,75.93,476.62
2025-10-06 09:00:00,84.84,487.04,0.0,571.88,96.08,475.79
2025-10-06 10:00:00,262.92,278.02,0.0,540.93,95.2,445.73
2025-10-06 11:00:00,481.5,55.65,0.0,537.14,81.15,455.99
2025-10-06 12:00:00,555.52,0.0,35.54,519.98,49.28,470.71
2025-10-06 13:00:00,574.4,0.0,88.05,486.34,37.11,449.24
2025-10-06 14:00:00,522.05,0.0,22.86,499.18,20.4,478.78
2025-10-06 15:00:00,360.4,111.74,0.0,472.14,0.55,471.59
2025-10-06 16:00:00,153.35,310.32,0.0,463.66,0.21,463.46
2025-10-06 17:00:00,49.04,404.35,0.0,453.39,3.66,449.73
2025-10-06 18:00:00,10.77,470.29,0.0,481.06,2.91,478.15
2025-10-06 19:00:00,0.04,465.51,0.0,465.55,0.0,465.55
2025-10-06 20:00:00,0.0,445.62,0.0,445.62,0.0,445.62
2025-10-06 21:00:00,0.0,438.75,0.0,438.75,0.0,438.75
2025-10-06 22:00:00,0.0,420.0,0.0,420.0,0.0,420.0
2025-10-06 23:00:00,0.0,418.75,0.0,418.75,0.0,418.75
2025-10-07 00:00:00,0.0,400.0,0.0,400.0,0.0,400.0
2025-10-07 01:00:00,0.0,363.75,0.0,363.75,0.0,363.75
2025-10-07 02:00:00,0.0,372.5,0.0,372.5,0.0,372.5
2025-10-07 03:00:00,0.0,420.0,0.0,420.0,0.0,420.0
2025-10-07 04:00:00,0.0,324.38,0.0,324.38,0.0,324.38
2025-10-07 05:00:00,0.0,320.0,0.0,320.0,0.0,320.0
2025-10-07 06:00:00,0.0,365.62,0.0,365.62,0.0,365.62
2025-10-07 07:00:00,0.1,356.15,0.0,356.25,0.05,356.2
2025-10-07 08:00:00,37.0,384.59,0.0,421.59,22.19,399.4
2025-10-07 09:00:00,153.36,269.6,0.0,422.96,53.95,369.01
2025-10-07 10:00:00,308.84,128.44,0.0,437.29,40.03,397.26
2025-10-07 11:00:00,376.6,94.07,0.0,470.67,21.03,449.64
2025-10-07 12:00:00,420.6,33.62,0.0,454.21,11.49,442.72
2025-10-07 13:00:00,497.86,0.0,36.6,461.25,6.93,454.33
2025-10-07 14:00:00,449.85,0.0,7.57,442.28,5.04,437.25
2025-10-07 15:00:00,399.86,73.62,0.0,473.47,3.54,469.93
2025-10-07 16:00:00,250.43,166.75,0.0,417.18,1.13,416.05
2025-10-07 17:00:00,64.07,322.66,0.0,386.73,0.0,386.73
2025-10-07 18:00:00,13.53,408.98,0.0,422.51,0.0,422.51
2025-10-07 19:00:00,0.36,388.39,0.0,388.75,0.0,388.75
2025-10-07 20:00:00,0.0,367.5,0.0,367.5,0.0,367.5
2025-10-07 21:00:00,0.0,409.38,0.0,409.38,0.0,409.38
2025-10-07 22:00:00,0.0,376.25,0.0,376.25,0.0,376.25
2025-10-07 23:00:00,0.0,394.38,0.0,394.38,0.0,394.38
2025-10-08 00:00:00,0.0,430.62,0.0,430.62,0.0,430.62
2025-10-08 01:00:00,0.0,369.38,0.0,369.38,0.0,369.38
2025-10-08 02:00:00,0.0,363.12,0.0,363.12,0.0,363.12
2025-10-08 03:00:00,0.0,419.38,0.0,419.38,0.0,419.38
2025-10-08 04:00:00,0.0,395.62,0.0,395.62,0.0,395.62
2025-10-08 05:00:00,0.0,396.25,0.0,396.25,0.0,396.25
2025-10-08 06:00:00,0.0,394.38,0.0,394.38,0.0,394.38
2025-10-08 07:00:00,0.0,376.88,0.0,376.88,0.0,376.88
2025-10-08 08:00:00,24.51,382.12,0.0,406.63,0.0,406.63
2025-10-08 09:00:00,139.76,303.17,0.0,442.93,8.2,434.73
2025-10-08 10:00:00,287.4,190.0,0.0,477.4,11.36,466.04
2025-10-08 11:00:00,382.0,100.26,0.0,482.25,16.94,465.32
2025-10-08 12:00:00,377.61,51.71,0.0,429.31,0.0,429.31
2025-10-08 13:00:00,384.37,79.46,0.0,463.83,0.0,463.83
2025-10-08 14:00:00,429.95,28.14,0.0,458.1,0.0,458.1
2025-10-08 15:00:00,388.15,104.42,0.0,492.57,0.0,492.57
2025-10-08 16:00:00,276.13,192.98,0.0,469.12,0.0,469.12
2025-10-08 17:00:00,132.66,284.81,0.0,417.47,0.0,417.47
2025-10-08 18:00:00,28.32,425.08,0.0,453.4,0.0,453.4
2025-10-08 19:00:00,0.38,474.22,0.0,474.6,0.0,474.6
2025-10-08 20:00:00,0.0,463.12,0.0,463.12,0.0,463.12
2025-10-08 21:00:00,0.0,418.12,0.0,418.12,0.0,418.12
2025-10-08 22:00:00,0.0,418.75,0.0,418.75,0.0,418.75
2025-10-08 23:00:00,0.0,468.75,0.0,468.75,0.0,468.75
2025-10-09 00:00:00,0.0,476.25,0.0,476.25,0.0,476.25
2025-10-09 01:00:00,0.0,454.38,0.0,454.38,0.0,454.38
2025-10-09 02:00:00,0.0,462.5,0.0,462.5,0.0,462.5
2025-10-09 03:00:00,0.0,493.75,0.0,493.75,0.0,493.75
2025-10-09 04:00:00,0.0,475.62,0.0,475.62,0.0,475.62
2025-10-09 05:00:00,0.0,503.12,0.0,503.12,0.0,503.12
2025-10-09 06:00:00,0.0,497.5,0.0,497.5,0.75,496.75
2025-10-09 07:00:00,0.0,498.83,0.0,498.83,14.35,484.48
2025-10-09 08:00:00,22.16,517.62,0.0,539.79,73.86,465.92
2025-10-09 09:00:00,91.22,506.86,0.0,598.08,144.02,454.06
2025-10-09 10:00:00,132.51,488.03,0.0,620.54,150.45,470.09
2025-10-09 11:00:00,226.96,367.89,0.0,594.85,103.2,491.65
2025-10-09 12:00:00,161.48,385.15,0.0,546.63,67.78,478.85
2025-10-09 13:00:00,136.35,412.67,0.0,549.02,60.93,488.09
2025-10-09 14:00:00,105.83,420.16,0.0,525.99,53.03,472.96
2025-10-09 15:00:00,92.44,372.09,0.0,464.53,29.71,434.82
2025-10-09 16:00:00,92.86,362.27,0.0,455.14,16.83,438.31
2025-10-09 17:00:00,42.35,416.3,0.0,458.65,12.03,446.62
2025-10-09 18:00:00,8.56,458.08,0.0,466.64,2.91,463.73
2025-10-09 19:00:00,0.83,450.01,0.0,450.83,0.0,450.83
2025-10-09 20:00:00,0.0,416.88,0.0,416.88,0.0,416.88
2025-10-09 21:00:00,0.0,368.12,0.0,368.12,0.0,368.12
2025-10-09 22:00:00,0.0,354.38,0.0,354.38,0.0,354.38
2025-10-09 23:00:00,0.0,359.38,0.0,359.38,0.0,359.38
2025-10-10 00:00:00,0.0,366.25,0.0,366.25,0.0,366.25
2025-10-10 01:00:00,0.0,346.88,0.0,346.88,0.0,346.88
2025-10-10 02:00:00,0.0,353.12,0.0,353.12,0.0,353.12
2025-10-10 03:00:00,0.0,349.38,0.0,349.38,0.0,349.38
2025-10-10 04:00:00,0.0,355.0,0.0,355.0,0.0,355.0
2025-10-10 05:00:00,0.0,365.0,0.0,365.0,1.39,363.61
2025-10-10 06:00:00,0.0,408.75,0.0,408.75,11.22,397.53
2025-10-10 07:00:00,0.0,438.12,0.0,438.12,22.04,416.08
2025-10-10 08:00:00,22.07,531.41,0.0,553.48,87.08,466.4
2025-10-10 09:00:00,144.15,440.01,0.0,584.16,104.42,479.75
2025-10-10 10:00:00,256.1,324.05,0.0,580.15,64.28,515.87
2025-10-10 11:00:00,313.43,169.05,0.0,482.47,44.49,437.99
2025-10-10 12:00:00,384.97,0.0,3.27,381.7,17.84,363.86
2025-10-10 13:00:00,270.51,93.13,0.0,363.64,13.02,350.62
2025-10-10 14:00:00,272.13,77.45,0.0,349.59,5.52,344.07
2025-10-10 15:00:00,181.07,105.7,0.0,286.78,4.12,282.65
2025-10-10 16:00:00,150.54,0.0,17.31,133.23,0.06,133.17
2025-10-10 17:00:00,44.04,35.88,0.0,79.91,0.0,79.91
2025-10-10 18:00:00,15.5,55.0,0.0,70.49,0.0,70.49
2025-10-10 19:00:00,0.09,68.04,0.0,68.12,0.0,68.12
2025-10-10 20:00:00,0.0,66.25,0.0,66.25,0.0,66.25
2025-10-10 21:00:00,0.0,64.38,0.0,64.38,0.0,64.38
2025-10-10 22:00:00,0.0,62.5,0.0,62.5,0.0,62.5
2025-10-10 23:00:00,0.0,60.62,0.0,60.62,0.0,60.62
2025-10-11 00:00:00,0.0,60.0,0.0,60.0,0.0,60.0
2025-10-11 01:00:00,0.0,61.25,0.0,61.25,0.0,61.25
2025-10-11 02:00:00,0.0,59.38,0.0,59.38,0.0,59.38
2025-10-11 03:00:00,0.0,58.75,0.0,58.75,0.0,58.75
2025-10-11 04:00:00,0.0,58.12,0.0,58.12,0.0,58.12
2025-10-11 05:00:00,0.0,61.25,0.0,61.25,0.0,61.25
2025-10-11 06:00:00,0.0,60.62,0.0,60.62,0.0,60.62
2025-10-11 07:00:00,0.0,58.12,0.0,58.12,0.0,58.12
2025-10-11 08:00:00,19.35,30.81,0.0,50.16,0.0,50.16
2025-10-11 09:00:00,69.96,0.0,22.04,47.91,0.0,47.91
2025-10-11 10:00:00,179.63,0.0,131.81,47.82,0.0,47.82
2025-10-11 11:00:00,198.0,0.0,150.0,48.0,0.0,48.0
2025-10-11 12:00:00,317.71,0.0,268.72,48.99,0.0,48.99
2025-10-11 13:00:00,432.92,0.0,384.84,48.07,0.0,48.07
2025-10-11 14:00:00,276.21,0.0,227.98,48.23,0.0,48.23
2025-10-11 15:00:00,145.2,0.0,97.32,47.88,0.0,47.88
2025-10-11 16:00:00,148.15,0.0,99.92,48.23,0.0,48.23
2025-10-11 17:00:00,134.26,0.0,86.73,47.53,0.0,47.53
2025-10-11 18:00:00,44.23,3.88,0.0,48.11,0.0,48.11
2025-10-11 19:00:00,0.27,52.86,0.0,53.12,0.0,53.12
2025-10-11 20:00:00,0.0,52.5,0.0,52.5,0.0,52.5
2025-10-11 21:00:00,0.0,52.5,0.0,52.5,0.0,52.5
2025-10-11 22:00:00,0.0,52.5,0.0,52.5,0.0,52.5
2025-10-11 23:00:00,0.0,53.12,0.0,53.12,0.0,53.12
2025-10-12 00:00:00,0.0,60.62,0.0,60.62,0.0,60.62
2025-10-12 01:00:00,0.0,60.62,0.0,60.62,0.0,60.62
2025-10-12 02:00:00,0.0,56.88,0.0,56.88,0.0,56.88
2025-10-12 03:00:00,0.0,51.88,0.0,51.88,0.0,51.88
2025-10-12 04:00:00,0.0,51.88,0.0,51.88,0.0,51.88
2025-10-12 05:00:00,0.0,52.5,0.0,52.5,0.0,52.5
2025-10-12 06:00:00,0.0,53.75,0.0,53.75,0.0,53.75
2025-10-12 07:00:00,0.0,53.12,0.0,53.12,0.0,53.12
2025-10-12 08:00:00,14.69,34.98,0.0,49.67,0.0,49.67
2025-10-12 09:00:00,55.1,0.0,6.97,48.13,0.0,48.13
2025-10-12 10:00:00,70.62,0.0,24.21,46.41,0.0,46.41
2025-10-12 11:00:00,133.92,0.0,85.79,48.14,0.0,48.14
2025-10-12 12:00:00,268.55,0.0,219.89,48.66,0.0,48.66
2025-10-12 13:00:00,253.84,0.0,205.04,48.8,0.0,48.8
2025-10-12 14:00:00,225.15,0.0,175.61,49.54,0.0,49.54
2025-10-12 15:00:00,171.2,0.0,78.38,92.82,0.0,92.82
2025-10-12 16:00:00,132.03,0.0,77.85,54.18,0.0,54.18
2025-10-12 17:00:00,63.15,0.0,15.11,48.04,0.0,48.04
2025-10-12 18:00:00,41.08,7.22,0.0,48.31,0.0,48.3
2025-10-12 19:00:00,0.23,121.64,0.0,121.88,0.0,121.88
2025-10-12 20:00:00,0.0,110.62,0.0,110.62,0.0,110.62
2025-10-12 21:00:00,0.0,291.88,0.0,291.88,0.0,291.88
2025-10-12 22:00:00,0.0,269.38,0.0,269.38,0.0,269.38
2025-10-12 23:00:00,0.0,295.0,0.0,295.0,0.0,295.0
2025-10-13 00:00:00,0.0,313.12,0.0,313.12,0.0,313.12
2025-10-13 01:00:00,0.0,283.75,0.0,283.75,0.0,283.75
2025-10-13 02:00:00,0.0,278.12,0.0,278.12,0.0,278.12
2025-10-13 03:00:00,0.0,298.12,0.0,298.12,0.0,298.12
2025-10-13 04:00:00,0.0,286.25,0.0,286.25,0.0,286.25
2025-10-13 05:00:00,0.0,312.5,0.0,312.5,0.0,312.5
2025-10-13 06:00:00,0.0,323.75,0.0,323.75,0.0,323.75
2025-10-13 07:00:00,0.0,333.12,0.0,333.12,8.62,324.51
2025-10-13 08:00:00,12.71,362.43,0.0,375.14,39.21,335.93
2025-10-13 09:00:00,60.76,343.65,0.0,404.41,67.05,337.36
2025-10-13 10:00:00,105.37,337.54,0.0,442.91,58.99,383.92
2025-10-13 11:00:00,160.3,242.89,0.0,403.19,34.23,368.96
2025-10-13 12:00:00,203.45,195.08,0.0,398.52,15.3,383.22
2025-10-13 13:00:00,234.29,179.03,0.0,413.32,17.16,396.16
2025-10-13 14:00:00,363.09,47.35,0.0,410.45,21.93,388.51
2025-10-13 15:00:00,378.89,59.12,0.0,438.01,21.89,416.11
2025-10-13 16:00:00,312.3,106.33,0.0,418.63,21.94,396.7
2025-10-13 17:00:00,82.48,246.26,0.0,328.74,12.29,316.45
2025-10-13 18:00:00,13.12,338.75,0.0,351.88,0.01,351.87
2025-10-13 19:00:00,0.0,351.27,0.0,351.27,0.0,351.27
2025-10-13 20:00:00,0.0,340.62,0.0,340.62,0.0,340.62
2025-10-13 21:00:00,0.0,358.75,0.0,358.75,0.0,358.75
2025-10-13 22:00:00,0.0,351.25,0.0,351.25,0.0,351.25
2025-10-13 23:00:00,0.0,370.0,0.0,370.0,0.0,370.0
2025-10-14 00:00:00,0.0,361.88,0.0,361.88,0.0,361.88
2025-10-14 01:00:00,0.0,335.0,0.0,335.0,0.0,335.0
2025-10-14 02:00:00,0.0,377.5,0.0,377.5,0.0,377.5
2025-10-14 03:00:00,0.0,408.12,0.0,408.12,0.0,408.12
2025-10-14 04:00:00,0.0,383.75,0.0,383.75,0.0,383.75
2025-10-14 05:00:00,0.0,377.5,0.0,377.5,0.0,377.5
2025-10-14 06:00:00,0.0,396.25,0.0,396.25,0.0,396.25
2025-10-14 07:00:00,0.0,419.38,0.0,419.38,0.0,419.38
2025-10-14 08:00:00,1.69,468.92,0.0,470.6,31.57,439.03
2025-10-14 09:00:00,42.16,429.66,0.0,471.82,66.55,405.28
2025-10-14 10:00:00,57.41,463.28,0.0,520.7,51.59,469.1
2025-10-14 11:00:00,131.13,365.1,0.0,496.23,34.68,461.55
2025-10-14 12:00:00,89.96,371.53,0.0,461.49,14.1,447.38
2025-10-14 13:00:00,111.6,343.58,0.0,455.18,0.0,455.18
2025-10-14 14:00:00,270.11,143.86,0.0,413.97,0.0,413.97
2025-10-14 15:00:00,298.49,134.82,0.0,433.32,0.0,433.32
2025-10-14 16:00:00,222.18,278.32,0.0,500.5,0.02,500.48
2025-10-14 17:00:00,85.98,326.66,0.0,412.64,0.44,412.2
2025-10-14 18:00:00,30.01,412.33,0.0,442.33,0.0,442.33
2025-10-14 19:00:00,0.0,424.38,0.0,424.38,0.0,424.38
2025-10-14 20:00:00,0.0,400.62,0.0,400.62,0.0,400.62
2025-10-14 21:00:00,0.0,378.12,0.0,378.12,0.0,378.12
2025-10-14 22:00:00,0.0,383.75,0.0,383.75,0.0,383.75
2025-10-14 23:00:00,0.0,421.25,0.0,421.25,0.0,421.25
2025-10-15 00:00:00,0.0,440.0,0.0,440.0,0.0,440.0
2025-10-15 01:00:00,0.0,383.75,0.0,383.75,0.0,383.75
2025-10-15 02:00:00,0.0,421.88,0.0,421.88,0.0,421.88
2025-10-15 03:00:00,0.0,424.38,0.0,424.38,0.0,424.38
2025-10-15 04:00:00,0.0,385.62,0.0,385.62,0.0,385.62
2025-10-15 05:00:00,0.0,390.0,0.0,390.0,0.0,390.0
2025-10-15 06:00:00,0.0,416.25,0.0,416.25,0.0,416.25
2025-10-15 07:00:00,0.0,449.38,0.0,449.38,12.03,437.35
2025-10-15 08:00:00,6.4,506.92,0.0,513.32,71.95,441.37
2025-10-15 09:00:00,44.23,503.71,0.0,547.94,112.06,435.88
2025-10-15 10:00:00,141.15,450.64,0.0,591.8,104.5,487.3
2025-10-15 11:00:00,166.69,405.31,0.0,572.0,96.79,475.21
2025-10-15 12:00:00,350.77,158.48,0.0,509.25,82.51,426.74
2025-10-15 13:00:00,313.39,192.37,0.0,505.76,31.9,473.85
2025-10-15 14:00:00,304.48,138.52,0.0,443.0,4.22,438.78
2025-10-15 15:00:00,268.64,189.37,0.0,458.0,1.6,456.4
2025-10-15 16:00:00,219.0,226.15,0.0,445.15,0.0,445.14
2025-10-15 17:00:00,105.57,295.12,0.0,400.7,0.18,400.51
2025-10-15 18:00:00,15.97,441.13,0.0,457.1,0.0,457.1
2025-10-15 19:00:00,0.0,406.25,0.0,406.25,0.0,406.25
2025-10-15 20:00:00,0.0,377.5,0.0,377.5,0.0,377.5
2025-10-15 21:00:00,0.0,381.25,0.0,381.25,0.0,381.25
2025-10-15 22:00:00,0.0,378.75,0.0,378.75,0.0,378.75
2025-10-15 23:00:00,0.0,413.12,0.0,413.12,0.0,413.12
2025-10-16 00:00:00,0.0,421.88,0.0,421.88,0.0,421.88
2025-10-16 01:00:00,0.0,370.0,0.0,370.0,0.0,370.0
2025-10-16 02:00:00,0.0,365.62,0.0,365.62,0.0,365.62
2025-10-16 03:00:00,0.0,346.25,0.0,346.25,0.0,346.25
2025-10-16 04:00:00,0.0,340.0,0.0,340.0,0.0,340.0
2025-10-16 05:00:00,0.0,328.12,0.0,328.12,0.0,328.12
2025-10-16 06:00:00,0.0,366.25,0.0,366.25,1.26,364.99
2025-10-16 07:00:00,0.0,380.0,0.0,380.0,14.29,365.71
2025-10-16 08:00:00,15.74,441.35,0.0,457.09,43.19,413.9
2025-10-16 09:00:00,60.65,428.07,0.0,488.72,69.52,419.2
2025-10-16 10:00:00,131.57,408.41,0.0,539.98,70.93,469.05
2025-10-16 11:00:00,270.25,257.32,0.0,527.58,45.44,482.14
2025-10-16 12:00:00,444.79,30.96,0.0,475.75,35.18,440.57
2025-10-16 13:00:00,397.86,40.95,0.0,438.81,27.49,411.31
2025-10-16 14:00:00,323.26,132.57,0.0,455.83,30.19,425.63
2025-10-16 15:00:00,412.78,77.65,0.0,490.43,27.24,463.18
2025-10-16 16:00:00,270.1,180.36,0.0,450.46,18.64,431.82
2025-10-16 17:00:00,134.49,252.79,0.0,387.28,6.99,380.29
2025-10-16 18:00:00,25.49,376.65,0.0,402.14,0.0,402.14
2025-10-16 19:00:00,0.0,385.62,0.0,385.62,0.0,385.62
2025-10-16 20:00:00,0.0,371.88,0.0,371.88,0.0,371.88
2025-10-16 21:00:00,0.0,369.38,0.0,369.38,0.0,369.38
2025-10-16 22:00:00,0.0,408.75,0.0,408.75,0.0,408.75
2025-10-16 23:00:00,0.0,416.88,0.0,416.88,0.0,416.88
2025-10-17 00:00:00,0.0,370.0,0.0,370.0,0.0,370.0
2025-10-17 01:00:00,0.0,353.12,0.0,353.12,0.0,353.12
2025-10-17 02:00:00,0.0,373.75,0.0,373.75,0.0,373.75
2025-10-17 03:00:00,0.0,353.12,0.0,353.12,0.0,353.12
2025-10-17 04:00:00,0.0,303.75,0.0,303.75,0.0,303.75
2025-10-17 05:00:00,0.0,299.38,0.0,299.38,0.0,299.38
2025-10-17 06:00:00,0.0,315.62,0.0,315.62,1.02,314.61
2025-10-17 07:00:00,0.0,367.5,0.0,367.5,16.04,351.46
2025-10-17 08:00:00,22.14,409.48,0.0,431.62,60.23,371.39
2025-10-17 09:00:00,36.02,432.3,0.0,468.32,91.41,376.91
2025-10-17 10:00:00,86.83,348.33,0.0,435.17,80.45,354.72
2025-10-17 11:00:00,155.54,253.77,0.0,409.32,54.69,354.62
2025-10-17 12:00:00,246.32,95.67,0.0,341.99,30.0,311.99
2025-10-17 13:00:00,197.02,146.08,0.0,343.11,15.43,327.67
2025-10-17 14:00:00,252.8,97.98,0.0,350.78,14.15,336.64
2025-10-17 15:00:00,115.94,264.88,0.0,380.81,10.73,370.08
2025-10-17 16:00:00,107.35,218.09,0.0,325.44,21.65,303.79
2025-10-17 17:00:00,46.53,241.32,0.0,287.85,6.92,280.93
2025-10-17 18:00:00,9.58,276.09,0.0,285.67,0.0,285.67
2025-10-17 19:00:00,0.0,273.12,0.0,273.12,0.0,273.12
2025-10-17 20:00:00,0.0,202.5,0.0,202.5,0.0,202.5
2025-10-17 21:00:00,0.0,79.38,0.0,79.38,0.0,79.38
2025-10-17 22:00:00,0.0,71.88,0.0,71.88,0.0,71.88
2025-10-17 23:00:00,0.0,71.25,0.0,71.25,0.0,71.25
2025-10-18 00:00:00,0.0,70.0,0.0,70.0,0.0,70.0
2025-10-18 01:00:00,0.0,78.12,0.0,78.12,0.0,78.12
2025-10-18 02:00:00,0.0,78.12,0.0,78.12,0.0,78.12
2025-10-18 03:00:00,0.0,80.0,0.0,80.0,0.0,80.0
2025-10-18 04:00:00,0.0,71.88,0.0,71.88,0.0,71.88
2025-10-18 05:00:00,0.0,71.25,0.0,71.25,0.0,71.25
2025-10-18 06:00:00,0.0,70.62,0.0,70.62,0.0,70.62
2025-10-18 07:00:00,0.0,70.0,0.0,70.0,0.0,70.0
2025-10-18 08:00:00,8.11,58.52,0.0,66.63,0.0,66.63
2025-10-18 09:00:00,46.95,17.65,0.0,64.6,0.0,64.6
2025-10-18 10:00:00,68.43,0.0,19.8,48.63,0.0,48.63
2025-10-18 11:00:00,281.11,0.0,230.83,50.28,0.0,50.28
2025-10-18 12:00:00,393.5,0.0,342.41,51.09,0.0,51.09
2025-10-18 13:00:00,274.55,0.0,231.39,43.16,0.0,43.16
2025-10-18 14:00:00,85.12,0.0,35.72,49.4,0.0,49.4
2025-10-18 15:00:00,61.93,0.0,12.25,49.68,0.0,49.68
2025-10-18 16:00:00,69.93,0.0,19.91,50.02,0.0,50.02
2025-10-18 17:00:00,40.02,10.31,0.0,50.33,0.0,50.33
2025-10-18 18:00:00,12.8,42.55,0.0,55.35,0.0,55.35
2025-10-18 19:00:00,0.0,62.5,0.0,62.5,0.0,62.5
2025-10-18 20:00:00,0.0,63.12,0.0,63.12,0.0,63.12
2025-10-18 21:00:00,0.0,60.0,0.0,60.0,0.0,60.0
2025-10-18 22:00:00,0.0,55.0,0.0,55.0,0.0,55.0
2025-10-18 23:00:00,0.0,55.62,0.0,55.62,0.0,55.62
2025-10-19 00:00:00,0.0,54.38,0.0,54.38,0.0,54.38
2025-10-19 01:00:00,0.0,55.0,0.0,55.0,0.0,55.0
2025-10-19 02:00:00,0.0,55.0,0.0,55.0,0.0,55.0
2025-10-19 03:00:00,0.0,55.62,0.0,55.62,0.0,55.62
2025-10-19 04:00:00,0.0,54.38,0.0,54.38,0.0,54.38
2025-10-19 05:00:00,0.0,54.38,0.0,54.38,0.0,54.38
2025-10-19 06:00:00,0.0,56.88,0.0,56.88,0.0,56.87
2025-10-19 07:00:00,0.0,58.75,0.0,58.75,0.0,58.75
2025-10-19 08:00:00,12.73,47.56,0.0,60.3,0.0,60.3
2025-10-19 09:00:00,94.7,0.0,37.29,57.41,0.0,57.41
2025-10-19 10:00:00,152.42,0.0,96.59,55.82,0.0,55.82
2025-10-19 11:00:00,218.01,0.0,167.69,50.31,0.0,50.31
2025-10-19 12:00:00,237.24,0.0,179.18,58.07,0.0,58.07
2025-10-19 13:00:00,253.24,0.0,199.06,54.18,0.0,54.18
2025-10-19 14:00:00,264.93,0.0,214.92,50.01,0.0,50.01
2025-10-19 15:00:00,192.21,0.0,142.4,49.82,0.0,49.82
2025-10-19 16:00:00,65.94,0.0,16.28,49.67,0.0,49.67
2025-10-19 17:00:00,32.9,17.26,0.0,50.15,0.0,50.15
2025-10-19 18:00:00,2.65,62.49,0.0,65.14,0.0,65.14
2025-10-19 19:00:00,0.0,166.88,0.0,166.88,0.0,166.88
2025-10-19 20:00:00,0.0,146.88,0.0,146.88,0.0,146.88
2025-10-19 21:00:00,0.0,211.25,0.0,211.25,0.0,211.25
2025-10-19 22:00:00,0.0,250.62,0.0,250.62,0.0,250.62
2025-10-19 23:00:00,0.0,285.0,0.0,285.0,0.0,285.0
2025-10-20 00:00:00,0.0,296.88,0.0,296.88,0.0,296.88
2025-10-20 01:00:00,0.0,326.88,0.0,326.88,0.0,326.88
2025-10-20 02:00:00,0.0,341.25,0.0,341.25,0.0,341.25
2025-10-20 03:00:00,0.0,381.88,0.0,381.88,0.0,381.88
2025-10-20 04:00:00,0.0,376.88,0.0,376.88,0.0,376.88
2025-10-20 05:00:00,0.0,404.38,0.0,404.38,0.0,404.38
2025-10-20 06:00:00,0.0,404.38,0.0,404.38,1.15,403.22
2025-10-20 07:00:00,0.0,435.62,0.0,435.62,24.29,411.34
2025-10-20 08:00:00,7.05,557.8,0.0,564.84,97.15,467.69
2025-10-20 09:00:00,68.31,483.85,0.0,552.16,134.05,418.11
2025-10-20 10:00:00,158.32,421.18,0.0,579.5,127.2,452.3
2025-10-20 11:00:00,258.3,233.16,0.0,491.46,82.91,408.55
2025-10-20 12:00:00,218.48,288.61,0.0,507.09,61.78,445.31
2025-10-20 13:00:00,102.3,362.47,0.0,464.77,46.21,418.56
2025-10-20 14:00:00,158.37,261.07,0.0,419.44,23.6,395.84
2025-10-20 15:00:00,113.79,369.12,0.0,482.91,7.45,475.46
2025-10-20 16:00:00,58.67,418.0,0.0,476.67,4.89,471.78
2025-10-20 17:00:00,20.3,389.19,0.0,409.5,3.76,405.74
2025-10-20 18:00:00,2.6,420.65,0.0,423.25,1.27,421.98
2025-10-20 19:00:00,0.0,395.0,0.0,395.0,0.0,395.0
2025-10-20 20:00:00,0.0,364.38,0.0,364.38,0.0,364.38
2025-10-20 21:00:00,0.0,316.25,0.0,316.25,0.0,316.25
2025-10-20 22:00:00,0.0,325.62,0.0,325.62,0.0,325.62
2025-10-20 23:00:00,0.0,338.12,0.0,338.12,0.0,338.12
2025-10-21 00:00:00,0.0,328.75,0.0,328.75,0.0,328.75
2025-10-21 01:00:00,0.0,308.75,0.0,308.75,0.0,308.75
2025-10-21 02:00:00,0.0,327.5,0.0,327.5,0.0,327.5
2025-10-21 03:00:00,0.0,332.5,0.0,332.5,0.0,332.5
2025-10-21 04:00:00,0.0,329.38,0.0,329.38,0.0,329.38
2025-10-21 05:00:00,0.0,396.88,0.0,396.88,0.0,396.88
2025-10-21 06:00:00,0.0,385.62,0.0,385.62,0.93,384.69
2025-10-21 07:00:00,0.0,420.62,0.0,420.62,16.99,403.63
2025-10-21 08:00:00,1.59,468.32,0.0,469.91,50.35,419.56
2025-10-21 09:00:00,21.75,448.59,0.0,470.34,79.76,390.58
2025-10-21 10:00:00,66.49,405.36,0.0,471.86,62.26,409.6
2025-10-21 11:00:00,88.98,387.74,0.0,476.72,47.45,429.27
2025-10-21 12:00:00,177.61,223.22,0.0,400.83,14.26,386.57
2025-10-21 13:00:00,133.42,326.66,0.0,460.08,0.14,459.94
2025-10-21 14:00:00,115.12,376.38,0.0,491.51,0.0,491.51
2025-10-21 15:00:00,99.32,461.71,0.0,561.02,2.24,558.78
2025-10-21 16:00:00,44.22,482.85,0.0,527.07,10.92,516.15
2025-10-21 17:00:00,23.08,382.57,0.0,405.65,3.97,401.68
2025-10-21 18:00:00,0.9,457.72,0.0,458.62,0.0,458.62
2025-10-21 19:00:00,0.0,442.5,0.0,442.5,0.0,442.5
2025-10-21 20:00:00,0.0,410.62,0.0,410.62,0.0,410.62
2025-10-21 21:00:00,0.0,398.12,0.0,398.12,0.0,398.12
2025-10-21 22:00:00,0.0,388.75,0.0,388.75,0.0,388.75
2025-10-21 23:00:00,0.0,383.75,0.0,383.75,0.0,383.75
2025-10-22 00:00:00,0.0,365.0,0.0,365.0,0.0,365.0
2025-10-22 01:00:00,0.0,358.12,0.0,358.12,0.0,358.12
2025-10-22 02:00:00,0.0,383.12,0.0,383.12,0.0,383.12
2025-10-22 03:00:00,0.0,392.5,0.0,392.5,0.0,392.5
2025-10-22 04:00:00,0.0,381.25,0.0,381.25,0.0,381.25
2025-10-22 05:00:00,0.0,394.38,0.0,394.38,0.0,394.38
2025-10-22 06:00:00,0.0,396.88,0.0,396.88,0.0,396.88
2025-10-22 07:00:00,0.0,415.62,0.0,415.62,4.11,411.52
2025-10-22 08:00:00,10.04,458.1,0.0,468.13,39.78,428.36
2025-10-22 09:00:00,96.31,394.48,0.0,490.79,64.16,426.63
2025-10-22 10:00:00,225.05,262.58,0.0,487.63,44.81,442.82
2025-10-22 11:00:00,308.18,188.57,0.0,496.75,18.05,478.69
2025-10-22 12:00:00,206.5,279.01,0.0,485.51,10.87,474.64
2025-10-22 13:00:00,451.36,18.77,0.0,470.14,4.24,465.9
2025-10-22 14:00:00,449.38,1.64,0.0,451.03,0.0,451.03
2025-10-22 15:00:00,376.13,126.79,0.0,502.92,0.78,502.14
2025-10-22 16:00:00,113.33,384.04,0.0,497.37,10.85,486.52
2025-10-22 17:00:00,78.46,364.96,0.0,443.42,4.85,438.57
2025-10-22 18:00:00,6.02,461.92,0.0,467.94,0.0,467.94
2025-10-22 19:00:00,0.0,473.75,0.0,473.75,0.0,473.75
2025-10-22 20:00:00,0.0,439.38,0.0,439.38,0.0,439.38
2025-10-22 21:00:00,0.0,407.5,0.0,407.5,0.0,407.5
2025-10-22 22:00:00,0.0,417.5,0.0,417.5,0.0,417.5
2025-10-22 23:00:00,0.0,389.38,0.0,389.38,0.0,389.38
2025-10-23 00:00:00,0.0,384.38,0.0,384.38,0.0,384.38
2025-10-23 01:00:00,0.0,366.88,0.0,366.88,0.0,366.88
2025-10-23 02:00:00,0.0,353.75,0.0,353.75,0.0,353.75
2025-10-23 03:00:00,0.0,358.75,0.0,358.75,0.0,358.75
2025-10-23 04:00:00,0.0,326.88,0.0,326.88,0.0,326.88
2025-10-23 05:00:00,0.0,378.12,0.0,378.12,0.0,378.12
2025-10-23 06:00:00,0.0,421.88,0.0,421.88,0.88,420.99
2025-10-23 07:00:00,0.0,436.25,0.0,436.25,19.49,416.76
2025-10-23 08:00:00,5.58,523.34,0.0,528.92,83.53,445.39
2025-10-23 09:00:00,43.92,535.53,0.0,579.45,127.86,451.59
2025-10-23 10:00:00,183.9,418.12,0.0,602.02,94.43,507.58
2025-10-23 11:00:00,321.97,206.2,0.0,528.17,60.5,467.67
2025-10-23 12:00:00,283.64,201.34,0.0,484.98,45.99,438.98
2025-10-23 13:00:00,462.26,90.37,0.0,552.63,40.04,512.59
2025-10-23 14:00:00,377.57,151.46,0.0,529.03,38.4,490.63
2025-10-23 15:00:00,338.78,195.41,0.0,534.19,33.63,500.56
2025-10-23 16:00:00,247.74,248.56,0.0,496.3,20.33,475.97
2025-10-23 17:00:00,99.57,359.97,0.0,459.54,5.26,454.28
2025-10-23 18:00:00,9.61,484.36,0.0,493.97,0.0,493.97
2025-10-23 19:00:00,0.0,544.38,0.0,544.38,0.0,544.38
2025-10-23 20:00:00,0.0,410.0,0.0,410.0,0.0,410.0
2025-10-23 21:00:00,0.0,396.25,0.0,396.25,0.0,396.25
2025-10-23 22:00:00,0.0,406.88,0.0,406.88,0.0,406.88
2025-10-23 23:00:00,0.0,381.25,0.0,381.25,0.0,381.25
2025-10-24 00:00:00,0.0,375.0,0.0,375.0,0.0,375.0
2025-10-24 01:00:00,0.0,371.25,0.0,371.25,0.0,371.25
2025-10-24 02:00:00,0.0,371.25,0.0,371.25,0.0,371.25
2025-10-24 03:00:00,0.0,397.5,0.0,397.5,0.0,397.5
2025-10-24 04:00:00,0.0,403.75,0.0,403.75,0.0,403.75
2025-10-24 05:00:00,0.0,391.88,0.0,391.88,0.0,391.88
2025-10-24 06:00:00,0.0,410.62,0.0,410.62,1.45,409.17
2025-10-24 07:00:00,0.0,426.88,0.0,426.88,21.82,405.06
2025-10-24 08:00:00,7.61,507.61,0.0,515.22,108.14,407.08
2025-10-24 09:00:00,91.65,467.57,0.0,559.22,152.52,406.7
2025-10-24 10:00:00,226.89,310.3,0.0,537.19,101.46,435.72
2025-10-24 11:00:00,351.93,95.32,0.0,447.25,50.41,396.83
2025-10-24 12:00:00,430.34,0.0,16.15,414.19,30.85,383.34
2025-10-24 13:00:00,461.88,3.24,0.0,465.12,43.97,421.16
2025-10-24 14:00:00,436.74,0.0,8.27,428.46,26.78,401.69
2025-10-24 15:00:00,354.39,24.71,0.0,379.1,11.46,367.64
2025-10-24 16:00:00,232.76,91.95,0.0,324.71,15.66,309.06
2025-10-24 17:00:00,91.51,184.54,0.0,276.05,5.68,270.37
2025-10-24 18:00:00,9.53,255.42,0.0,264.95,0.0,264.95
2025-10-24 19:00:00,0.0,237.5,0.0,237.5,0.0,237.5
2025-10-24 20:00:00,0.0,145.0,0.0,145.0,0.0,145.0
2025-10-24 21:00:00,0.0,75.0,0.0,75.0,0.0,75.0
2025-10-24 22:00:00,0.0,75.0,0.0,75.0,0.0,75.0
2025-10-24 23:00:00,0.0,76.88,0.0,76.88,0.0,76.88
2025-10-25 00:00:00,0.0,72.5,0.0,72.5,0.0,72.5
2025-10-25 01:00:00,0.0,67.5,0.0,67.5,0.0,67.5
2025-10-25 02:00:00,0.0,63.12,0.0,63.12,0.0,63.12
2025-10-25 03:00:00,0.0,68.75,0.0,68.75,0.0,68.75
2025-10-25 04:00:00,0.0,65.0,0.0,65.0,0.0,65.0
2025-10-25 05:00:00,0.0,63.12,0.0,63.12,0.0,63.12
2025-10-25 06:00:00,0.0,64.38,0.0,64.38,0.0,64.38
2025-10-25 07:00:00,0.0,73.75,0.0,73.75,0.0,73.75
2025-10-25 08:00:00,6.21,67.39,0.0,73.61,0.0,73.61
2025-10-25 09:00:00,58.23,13.51,0.0,71.75,0.0,71.75
2025-10-25 10:00:00,198.02,0.0,132.44,65.58,0.0,65.58
2025-10-25 11:00:00,311.48,0.0,245.52,65.97,0.0,65.97
2025-10-25 12:00:00,368.47,0.0,303.68,64.79,0.0,64.79
2025-10-25 13:00:00,413.82,0.0,347.85,65.97,0.0,65.97
2025-10-25 14:00:00,359.07,0.0,287.02,72.05,0.0,72.05
2025-10-25 15:00:00,333.06,0.0,253.78,79.28,0.0,79.28
2025-10-25 16:00:00,194.48,0.0,129.21,65.27,0.0,65.27
2025-10-25 17:00:00,77.59,0.0,15.2,62.39,0.0,62.39
2025-10-25 18:00:00,4.47,66.16,0.0,70.63,0.0,70.63
2025-10-25 19:00:00,0.0,75.62,0.0,75.62,0.0,75.62
2025-10-25 20:00:00,0.0,77.5,0.0,77.5,0.0,77.5
2025-10-25 21:00:00,0.0,71.88,0.0,71.88,0.0,71.88
2025-10-25 22:00:00,0.0,65.0,0.0,65.0,0.0,65.0
2025-10-25 23:00:00,0.0,65.0,0.0,65.0,0.0,65.0
2025-10-26 00:00:00,0.0,66.25,0.0,66.25,0.0,66.25
2025-10-26 01:00:00,0.0,70.0,0.0,70.0,0.0,70.0
2025-10-26 01:00:00,0.0,70.0,0.0,70.0,0.0,70.0
2025-10-26 02:00:00,0.0,75.0,0.0,75.0,0.0,75.0
2025-10-26 03:00:00,0.0,77.5,0.0,77.5,0.0,77.5
2025-10-26 04:00:00,0.0,77.5,0.0,77.5,0.0,77.5
2025-10-26 05:00:00,0.0,77.5,0.0,77.5,0.0,77.5
2025-10-26 06:00:00,0.0,70.62,0.0,70.62,0.0,70.62
2025-10-26 07:00:00,0.0,66.0,0.0,66.0,0.0,66.0
2025-10-26 08:00:00,1.65,62.54,0.0,64.19,0.0,64.19
2025-10-26 09:00:00,43.62,25.8,0.0,69.42,0.0,69.42
2025-10-26 10:00:00,233.64,0.0,159.56,74.08,0.0,74.08
2025-10-26 11:00:00,221.65,0.0,134.53,87.12,0.0,87.12
2025-10-26 12:00:00,182.23,0.0,78.54,103.69,0.0,103.69
2025-10-26 13:00:00,198.17,0.0,99.48,98.69,0.0,98.69
2025-10-26 14:00:00,275.99,0.0,189.88,86.11,0.0,86.11
2025-10-26 15:00:00,195.39,0.0,125.25,70.14,0.0,70.14
2025-10-26 16:00:00,107.49,0.0,46.87,60.62,0.0,60.62
2025-10-26 17:00:00,50.53,20.35,0.0,70.87,0.0,70.87
2025-10-26 18:00:00,5.81,157.31,0.0,163.12,0.0,163.12
2025-10-26 19:00:00,0.0,139.38,0.0,139.38,0.0,139.38
2025-10-26 20:00:00,0.0,141.25,0.0,141.25,0.0,141.25
2025-10-26 21:00:00,0.0,231.25,0.0,231.25,0.0,231.25
2025-10-26 22:00:00,0.0,311.88,0.0,311.88,0.0,311.88
2025-10-26 23:00:00,0.0,336.88,0.0,336.88,0.0,336.88
2025-10-27 00:00:00,0.0,312.5,0.0,312.5,0.0,312.5
2025-10-27 01:00:00,0.0,296.25,0.0,296.25,0.0,296.25
2025-10-27 02:00:00,0.0,315.0,0.0,315.0,0.0,315.0
2025-10-27 03:00:00,0.0,363.12,0.0,363.12,0.0,363.12
2025-10-27 04:00:00,0.0,391.88,0.0,391.88,0.0,391.88
2025-10-27 05:00:00,0.0,398.12,0.0,398.12,0.0,398.12
2025-10-27 06:00:00,0.0,397.5,0.0,397.5,0.0,397.5
2025-10-27 07:00:00,2.84,407.09,0.0,409.92,5.2,404.73
2025-10-27 08:00:00,54.91,434.03,0.0,488.94,54.92,434.02
2025-10-27 09:00:00,221.19,254.06,0.0,475.25,72.6,402.65
2025-10-27 10:00:00,252.68,237.94,0.0,490.62,67.56,423.06
2025-10-27 11:00:00,312.13,203.56,0.0,515.69,49.81,465.88
2025-10-27 12:00:00,322.04,171.52,0.0,493.56,33.36,460.2
2025-10-27 13:00:00,391.47,84.27,0.0,475.75,24.37,451.38
2025-10-27 14:00:00,251.58,234.56,0.0,486.14,22.15,463.98
2025-10-27 15:00:00,192.02,294.44,0.0,486.46,13.41,473.05
2025-10-27 16:00:00,76.76,375.12,0.0,451.88,10.73,441.15
2025-10-27 17:00:00,5.99,441.8,0.0,447.79,3.4,444.39
2025-10-27 18:00:00,0.0,426.25,0.0,426.25,0.0,426.25
2025-10-27 19:00:00,0.0,450.0,0.0,450.0,0.0,450.0
2025-10-27 20:00:00,0.0,423.12,0.0,423.12,0.0,423.12
2025-10-27 21:00:00,0.0,420.62,0.0,420.62,0.0,420.62
2025-10-27 22:00:00,0.0,408.75,0.0,408.75,0.0,408.75
2025-10-27 23:00:00,0.0,407.5,0.0,407.5,0.0,407.5
2025-10-28 00:00:00,0.0,400.0,0.0,400.0,0.0,400.0
2025-10-28 01:00:00,0.0,364.38,0.0,364.38,0.0,364.38
2025-10-28 02:00:00,0.0,383.12,0.0,383.12,0.0,383.12
2025-10-28 03:00:00,0.0,377.5,0.0,377.5,0.0,377.5
2025-10-28 04:00:00,0.0,412.5,0.0,412.5,0.0,412.5
2025-10-28 05:00:00,0.0,425.62,0.0,425.62,0.0,425.62
2025-10-28 06:00:00,0.0,433.12,0.0,433.12,0.0,433.12
2025-10-28 07:00:00,5.29,414.25,0.0,419.53,0.05,419.49
2025-10-28 08:00:00,76.61,365.06,0.0,441.66,25.14,416.53
2025-10-28 09:00:00,137.78,336.03,0.0,473.81,56.19,417.62
2025-10-28 10:00:00,226.55,261.54,0.0,488.08,42.64,445.44
2025-10-28 11:00:00,156.79,296.03,0.0,452.82,18.34,434.48
2025-10-28 12:00:00,212.47,246.59,0.0,459.06,11.24,447.81
2025-10-28 13:00:00,236.47,189.96,0.0,426.43,9.58,416.86
2025-10-28 14:00:00,214.85,332.81,0.0,547.66,0.0,547.66
2025-10-28 15:00:00,191.3,247.91,0.0,439.21,0.01,439.21
2025-10-28 16:00:00,59.07,356.37,0.0,415.45,0.18,415.27
2025-10-28 17:00:00,3.25,382.47,0.0,385.72,0.0,385.72
2025-10-28 18:00:00,0.0,350.62,0.0,350.62,0.0,350.62
2025-10-28 19:00:00,0.0,367.5,0.0,367.5,0.0,367.5
2025-10-28 20:00:00,0.0,346.25,0.0,346.25,0.0,346.25
2025-10-28 21:00:00,0.0,396.88,0.0,396.88,0.0,396.88
2025-10-28 22:00:00,0.0,418.75,0.0,418.75,0.0,418.75
2025-10-28 23:00:00,0.0,423.75,0.0,423.75,0.0,423.75
2025-10-29 00:00:00,0.0,433.75,0.0,433.75,0.0,433.75
2025-10-29 01:00:00,0.0,434.38,0.0,434.38,0.0,434.38
2025-10-29 02:00:00,0.0,461.88,0.0,461.88,0.0,461.88
2025-10-29 03:00:00,0.0,456.88,0.0,456.88,0.0,456.88
2025-10-29 04:00:00,0.0,441.88,0.0,441.88,0.0,441.88
2025-10-29 05:00:00,0.0,434.38,0.0,434.38,0.0,434.38
2025-10-29 06:00:00,0.0,449.38,0.0,449.38,1.45,447.93
2025-10-29 07:00:00,1.15,477.25,0.0,478.4,7.44,470.96
2025-10-29 08:00:00,20.25,499.27,0.0,519.52,23.73,495.79
2025-10-29 09:00:00,73.08,479.35,0.0,552.43,66.12,486.31
2025-10-29 10:00:00,103.1,436.86,0.0,539.95,69.82,470.13
2025-10-29 11:00:00,129.13,393.32,0.0,522.45,51.82,470.64
2025-10-29 12:00:00,136.85,258.05,0.0,394.9,25.78,369.12
2025-10-29 13:00:00,75.83,317.27,0.0,393.1,12.08,381.02
2025-10-29 14:00:00,49.99,394.73,0.0,444.72,8.19,436.53
2025-10-29 15:00:00,29.66,390.84,0.0,420.5,0.01,420.5
2025-10-29 16:00:00,20.52,405.87,0.0,426.4,0.0,426.4
2025-10-29 17:00:00,0.86,370.65,0.0,371.51,0.0,371.51
2025-10-29 18:00:00,0.0,399.38,0.0,399.38,0.0,399.37
2025-10-29 19:00:00,0.0,395.0,0.0,395.0,0.0,395.0
2025-10-29 20:00:00,0.0,382.5,0.0,382.5,0.0,382.5
2025-10-29 21:00:00,0.0,410.0,0.0,410.0,0.0,410.0
2025-10-29 22:00:00,0.0,443.12,0.0,443.12,0.0,443.12
2025-10-29 23:00:00,0.0,462.5,0.0,462.5,0.0,462.5
2025-10-30 00:00:00,0.0,459.38,0.0,459.38,0.0,459.38
2025-10-30 01:00:00,0.0,416.88,0.0,416.88,0.0,416.88
2025-10-30 02:00:00,0.0,443.75,0.0,443.75,0.0,443.75
2025-10-30 03:00:00,0.0,447.5,0.0,447.5,0.0,447.5
2025-10-30 04:00:00,0.0,396.88,0.0,396.88,0.0,396.88
2025-10-30 05:00:00,0.0,362.5,0.0,362.5,0.0,362.5
2025-10-30 06:00:00,0.0,464.38,0.0,464.38,1.44,462.94
2025-10-30 07:00:00,3.41,512.98,0.0,516.39,11.34,505.05
2025-10-30 08:00:00,39.73,507.88,0.0,547.61,63.32,484.29
2025-10-30 09:00:00,136.31,442.89,0.0,579.19,113.17,466.02
2025-10-30 10:00:00,134.34,469.63,0.0,603.97,97.48,506.49
2025-10-30 11:00:00,212.1,373.55,0.0,585.66,59.57,526.09
2025-10-30 12:00:00,233.76,260.23,0.0,493.99,19.69,474.3
2025-10-30 13:00:00,198.2,317.45,0.0,515.66,1.71,513.94
2025-10-30 14:00:00,127.72,304.35,0.0,432.07,0.0,432.07
2025-10-30 15:00:00,69.16,364.21,0.0,433.37,0.0,433.37
2025-10-30 16:00:00,33.28,398.23,0.0,431.52,0.04,431.48
2025-10-30 17:00:00,1.81,386.61,0.0,388.41,0.0,388.41
2025-10-30 18:00:00,0.0,400.62,0.0,400.62,0.0,400.62
2025-10-30 19:00:00,0.0,396.88,0.0,396.88,0.0,396.88
2025-10-30 20:00:00,0.0,360.0,0.0,360.0,0.0,360.0
2025-10-30 21:00:00,0.0,360.62,0.0,360.62,0.0,360.62
2025-10-30 22:00:00,0.0,406.25,0.0,406.25,0.0,406.25
2025-10-30 23:00:00,0.0,428.75,0.0,428.75,0.0,428.75
2025-10-31 00:00:00,0.0,426.88,0.0,426.88,0.0,426.88
2025-10-31 01:00:00,0.0,354.38,0.0,354.38,0.0,354.38
2025-10-31 02:00:00,0.0,382.5,0.0,382.5,0.0,382.5
2025-10-31 03:00:00,0.0,420.0,0.0,420.0,0.0,420.0
2025-10-31 04:00:00,0.0,435.0,0.0,435.0,0.0,435.0
2025-10-31 05:00:00,0.0,415.0,0.0,415.0,0.0,415.0
2025-10-31 06:00:00,0.0,446.88,0.0,446.88,1.95,444.93
2025-10-31 07:00:00,1.87,513.73,0.0,515.59,16.91,498.69
2025-10-31 08:00:00,43.81,534.65,0.0,578.46,49.5,528.96
2025-10-31 09:00:00,185.86,373.2,0.0,559.06,44.7,514.36
2025-10-31 10:00:00,302.18,236.56,0.0,538.75,19.58,519.17
2025-10-31 11:00:00,389.74,123.55,0.0,513.29,0.0,513.29
2025-10-31 12:00:00,206.93,239.88,0.0,446.81,2.01,444.8
2025-10-31 13:00:00,210.48,250.83,0.0,461.31,24.61,436.7
2025-10-31 14:00:00,348.17,144.34,0.0,492.51,28.32,464.19
2025-10-31 15:00:00,189.02,257.23,0.0,446.25,26.93,419.33
2025-10-31 16:00:00,59.97,348.59,0.0,408.56,14.2,394.36
2025-10-31 17:00:00,4.05,335.08,0.0,339.13,6.89,332.24
2025-10-31 18:00:00,0.0,336.88,0.0,336.88,0.0,336.88
2025-10-31 19:00:00,0.0,288.12,0.0,288.12,0.0,288.12
2025-10-31 20:00:00,0.0,143.12,0.0,143.12,0.0,143.12
2025-10-31 21:00:00,0.0,63.75,0.0,63.75,0.0,63.75
2025-10-31 22:00:00,0.0,60.0,0.0,60.0,0.0,60.0
2025-10-31 23:00:00,0.0,58.75,0.0,58.75,0.0,58.75
2025-11-01 00:00:00,0.0,58.75,0.0,58.75,0.0,58.75
2025-11-01 01:00:00,0.0,58.75,0.0,58.75,0.0,58.75
2025-11-01 02:00:00,0.0,58.12,0.0,58.12,0.0,58.12
2025-11-01 03:00:00,0.0,56.88,0.0,56.88,0.0,56.88
2025-11-01 04:00:00,0.0,65.62,0.0,65.62,0.0,65.62
2025-11-01 05:00:00,0.0,65.62,0.0,65.62,0.0,65.62
2025-11-01 06:00:00,0.0,61.88,0.0,61.88,0.0,61.88
2025-11-01 07:00:00,0.46,57.07,0.0,57.54,0.0,57.54
2025-11-01 08:00:00,11.97,42.52,0.0,54.49,0.0,54.49
2025-11-01 09:00:00,36.1,20.89,0.0,56.98,0.0,56.98
2025-11-01 10:00:00,51.11,2.88,0.0,53.99,0.0,53.99
2025-11-01 11:00:00,51.34,5.81,0.0,57.15,0.0,57.15
2025-11-01 12:00:00,60.23,0.51,0.0,60.74,0.0,60.74
2025-11-01 13:00:00,60.98,1.36,0.0,62.34,0.0,62.34
2025-11-01 14:00:00,43.51,143.88,0.0,187.4,0.0,187.4
2025-11-01 15:00:00,30.74,166.3,0.0,197.05,0.0,197.05
2025-11-01 16:00:00,15.49,64.84,0.0,80.33,0.0,80.33
2025-11-01 17:00:00,0.91,54.36,0.0,55.26,0.0,55.26
2025-11-01 18:00:00,0.0,58.12,0.0,58.12,0.0,58.12
2025-11-01 19:00:00,0.0,57.5,0.0,57.5,0.0,57.5
2025-11-01 20:00:00,0.0,57.5,0.0,57.5,0.0,57.5
2025-11-01 21:00:00,0.0,57.5,0.0,57.5,0.0,57.5
2025-11-01 22:00:00,0.0,58.12,0.0,58.12,0.0,58.12
2025-11-01 23:00:00,0.0,59.38,0.0,59.38,0.0,59.38
2025-11-02 00:00:00,0.0,66.88,0.0,66.88,0.0,66.88
2025-11-02 01:00:00,0.0,65.62,0.0,65.62,0.0,65.62
2025-11-02 02:00:00,0.0,61.88,0.0,61.88,0.0,61.88
2025-11-02 03:00:00,0.0,56.88,0.0,56.88,0.0,56.88
2025-11-02 04:00:00,0.0,57.5,0.0,57.5,0.0,57.5
2025-11-02 05:00:00,0.0,55.62,0.0,55.62,0.0,55.62
2025-11-02 06:00:00,0.0,58.12,0.0,58.12,0.0,58.12
2025-11-02 07:00:00,0.32,55.11,0.0,55.43,0.0,55.43
2025-11-02 08:00:00,31.64,27.62,0.0,59.26,0.0,59.26
2025-11-02 09:00:00,112.06,87.44,0.0,199.5,0.0,199.5
2025-11-02 10:00:00,187.34,125.04,0.0,312.39,0.0,312.39
2025-11-02 11:00:00,134.99,27.39,0.0,162.38,0.0,162.38
2025-11-02 12:00:00,74.38,73.7,0.0,148.08,0.0,148.08
2025-11-02 13:00:00,82.78,311.68,0.0,394.46,0.0,394.46
2025-11-02 14:00:00,64.36,278.61,0.0,342.97,0.0,342.97
2025-11-02 15:00:00,45.06,199.01,0.0,244.06,0.0,244.06
2025-11-02 16:00:00,14.12,56.91,0.0,71.03,0.0,71.03
2025-11-02 17:00:00,0.63,58.54,0.0,59.17,0.0,59.17
2025-11-02 18:00:00,0.0,99.38,0.0,99.38,0.0,99.38
2025-11-02 19:00:00,0.0,90.62,0.0,90.62,0.0,90.62
2025-11-02 20:00:00,0.0,108.75,0.0,108.75,0.0,108.75
2025-11-02 21:00:00,0.0,218.12,0.0,218.12,0.0,218.12
2025-11-02 22:00:00,0.0,261.88,0.0,261.88,0.0,261.88
2025-11-02 23:00:00,0.0,271.88,0.0,271.88,0.0,271.88
2025-11-03 00:00:00,0.0,273.75,0.0,273.75,0.0,273.75
2025-11-03 01:00:00,0.0,265.62,0.0,265.62,0.0,265.62
2025-11-03 02:00:00,0.0,297.5,0.0,297.5,0.0,297.5
2025-11-03 03:00:00,0.0,309.38,0.0,309.38,0.0,309.38
2025-11-03 04:00:00,0.0,305.0,0.0,305.0,0.0,305.0
2025-11-03 05:00:00,0.0,335.62,0.0,335.62,0.0,335.62
2025-11-03 06:00:00,0.0,340.0,0.0,340.0,0.2,339.8
2025-11-03 07:00:00,0.26,352.58,0.0,352.84,13.22,339.62
2025-11-03 08:00:00,8.96,439.53,0.0,448.49,64.08,384.42
2025-11-03 09:00:00,33.02,478.56,0.0,511.58,127.31,384.27
2025-11-03 10:00:00,59.11,472.11,0.0,531.22,118.88,412.34
2025-11-03 11:00:00,80.25,467.27,0.0,547.52,89.56,457.96
2025-11-03 12:00:00,98.45,430.73,0.0,529.18,52.48,476.7
2025-11-03 13:00:00,117.78,426.66,0.0,544.44,35.19,509.26
2025-11-03 14:00:00,85.49,460.51,0.0,546.01,29.0,517.0
2025-11-03 15:00:00,59.77,484.91,0.0,544.69,28.21,516.48
2025-11-03 16:00:00,18.4,502.86,0.0,521.26,23.28,497.98
2025-11-03 17:00:00,0.56,405.51,0.0,406.08,14.63,391.45
2025-11-03 18:00:00,0.0,432.5,0.0,432.5,0.52,431.98
2025-11-03 19:00:00,0.0,486.25,0.0,486.25,0.0,486.25
2025-11-03 20:00:00,0.0,427.5,0.0,427.5,0.0,427.5
2025-11-03 21:00:00,0.0,397.5,0.0,397.5,0.0,397.5
2025-11-03 22:00:00,0.0,438.12,0.0,438.12,0.0,438.12
2025-11-03 23:00:00,0.0,456.25,0.0,456.25,0.0,456.25
2025-11-04 00:00:00,0.0,464.38,0.0,464.38,0.0,464.38
2025-11-04 01:00:00,0.0,423.75,0.0,423.75,0.0,423.75
2025-11-04 02:00:00,0.0,465.62,0.0,465.62,0.0,465.62
2025-11-04 03:00:00,0.0,445.0,0.0,445.0,0.0,445.0
2025-11-04 04:00:00,0.0,450.0,0.0,450.0,0.0,450.0
2025-11-04 05:00:00,0.0,438.75,0.0,438.75,0.0,438.75
2025-11-04 06:00:00,0.0,459.38,0.0,459.38,0.14,459.23
2025-11-04 07:00:00,0.59,462.96,0.0,463.54,13.41,450.13
2025-11-04 08:00:00,24.51,547.5,0.0,572.01,87.98,484.04
2025-11-04 09:00:00,68.74,541.67,0.0,610.4,117.95,492.45
2025-11-04 10:00:00,118.49,509.11,0.0,627.6,94.25,533.35
2025-11-04 11:00:00,163.13,391.16,0.0,554.28,42.99,511.3
2025-11-04 12:00:00,196.04,351.33,0.0,547.37,4.45,542.92
2025-11-04 13:00:00,185.66,331.06,0.0,516.72,13.26,503.46
2025-11-04 14:00:00,263.11,274.07,0.0,537.17,13.19,523.99
2025-11-04 15:00:00,125.6,371.47,0.0,497.07,7.33,489.75
2025-11-04 16:00:00,20.64,429.89,0.0,450.53,2.13,448.4
2025-11-04 17:00:00,0.4,417.56,0.0,417.95,0.52,417.43
2025-11-04 18:00:00,0.0,426.25,0.0,426.25,0.02,426.23
2025-11-04 19:00:00,0.0,425.0,0.0,425.0,0.93,424.07
2025-11-04 20:00:00,0.0,421.25,0.0,421.25,8.65,412.6
2025-11-04 21:00:00,0.0,434.38,0.0,434.38,11.36,423.02
2025-11-04 22:00:00,0.0,433.12,0.0,433.12,11.34,421.78
2025-11-04 23:00:00,0.0,445.0,0.0,445.0,11.35,433.65
2025-11-05 00:00:00,0.0,468.12,0.0,468.12,11.35,456.78
2025-11-05 01:00:00,0.0,438.12,0.0,438.12,1.05,437.08
2025-11-05 02:00:00,0.0,461.88,0.0,461.88,0.0,461.88
2025-11-05 03:00:00,0.0,443.12,0.0,443.12,0.0,443.12
2025-11-05 04:00:00,0.0,433.12,0.0,433.12,0.0,433.12
2025-11-05 05:00:00,0.0,443.75,0.0,443.75,0.0,443.75
2025-11-05 06:00:00,0.0,420.62,0.0,420.62,0.0,420.62
2025-11-05 07:00:00,0.18,448.39,0.0,448.57,0.0,448.57
2025-11-05 08:00:00,12.95,456.23,0.0,469.17,20.06,449.11
2025-11-05 09:00:00,37.23,457.39,0.0,494.62,43.72,450.9
2025-11-05 10:00:00,57.94,536.97,0.0,594.91,39.84,555.06
2025-11-05 11:00:00,77.23,527.1,0.0,604.33,42.86,561.47
2025-11-05 12:00:00,71.91,480.08,0.0,551.99,28.73,523.26
2025-11-05 13:00:00,66.44,538.97,0.0,605.41,24.86,580.55
2025-11-05 14:00:00,51.99,531.89,0.0,583.88,20.87,563.01
2025-11-05 15:00:00,39.7,559.79,0.0,599.48,30.86,568.63
2025-11-05 16:00:00,11.63,539.6,0.0,551.23,11.19,540.05
2025-11-05 17:00:00,0.23,531.8,0.0,532.03,0.01,532.02
2025-11-05 18:00:00,0.0,544.38,0.0,544.38,0.0,544.38
2025-11-05 19:00:00,0.0,488.12,0.0,488.12,0.0,488.12
2025-11-05 20:00:00,0.0,470.62,0.0,470.62,0.0,470.62
2025-11-05 21:00:00,0.0,466.88,0.0,466.88,0.0,466.88
2025-11-05 22:00:00,0.0,490.0,0.0,490.0,0.0,490.0
2025-11-05 23:00:00,0.0,538.75,0.0,538.75,0.0,538.75
2025-11-06 00:00:00,0.0,488.12,0.0,488.12,0.0,488.12
2025-11-06 01:00:00,0.0,407.5,0.0,407.5,0.0,407.5
2025-11-06 02:00:00,0.0,413.12,0.0,413.12,0.0,413.12
2025-11-06 03:00:00,0.0,408.12,0.0,408.12,0.0,408.12
2025-11-06 04:00:00,0.0,400.0,0.0,400.0,0.0,400.0
2025-11-06 05:00:00,0.0,418.75,0.0,418.75,0.0,418.75
2025-11-06 06:00:00,0.0,478.75,0.0,478.75,0.0,478.75
2025-11-06 07:00:00,0.18,499.92,0.0,500.1,0.65,499.45
2025-11-06 08:00:00,7.79,555.39,0.0,563.17,44.94,518.24
2025-11-06 09:00:00,44.19,539.85,0.0,584.03,83.39,500.64
2025-11-06 10:00:00,65.08,524.77,0.0,589.85,61.86,527.99
2025-11-06 11:00:00,56.54,534.16,0.0,590.7,54.41,536.29
2025-11-06 12:00:00,84.53,471.95,0.0,556.49,37.58,518.91
2025-11-06 13:00:00,81.68,409.59,0.0,491.26,23.39,467.87
2025-11-06 14:00:00,75.3,406.09,0.0,481.39,11.6,469.79
2025-11-06 15:00:00,37.13,416.02,0.0,453.15,2.35,450.8
2025-11-06 16:00:00,7.14,417.8,0.0,424.94,0.0,424.94
2025-11-06 17:00:00,0.02,417.19,0.0,417.21,0.0,417.21
2025-11-06 18:00:00,0.0,436.88,0.0,436.88,0.0,436.88
2025-11-06 19:00:00,0.0,381.25,0.0,381.25,0.12,381.13
2025-11-06 20:00:00,0.0,364.38,0.0,364.38,0.0,364.38
2025-11-06 21:00:00,0.0,381.25,0.0,381.25,0.0,381.25
2025-11-06 22:00:00,0.0,382.5,0.0,382.5,0.0,382.5
2025-11-06 23:00:00,0.0,395.62,0.0,395.62,0.0,395.62
2025-11-07 00:00:00,0.0,420.0,0.0,420.0,0.0,420.0
2025-11-07 01:00:00,0.0,342.5,0.0,342.5,0.0,342.5
2025-11-07 02:00:00,0.0,393.75,0.0,393.75,0.0,393.75
2025-11-07 03:00:00,0.0,427.5,0.0,427.5,0.0,427.5
2025-11-07 04:00:00,0.0,383.75,0.0,383.75,0.0,383.75
2025-11-07 05:00:00,0.0,410.62,0.0,410.62,0.0,410.62
2025-11-07 06:00:00,0.0,409.38,0.0,409.38,1.15,408.22
2025-11-07 07:00:00,0.05,440.78,0.0,440.83,11.17,429.66
2025-11-07 08:00:00,10.24,500.2,0.0,510.44,33.03,477.42
2025-11-07 09:00:00,37.07,424.29,0.0,461.37,58.42,402.95
2025-11-07 10:00:00,51.93,457.91,0.0,509.84,56.19,453.65
2025-11-07 11:00:00,72.64,452.12,0.0,524.76,44.74,480.02
2025-11-07 12:00:00,96.1,367.44,0.0,463.54,32.69,430.86
2025-11-07 13:00:00,77.34,334.28,0.0,411.62,15.83,395.79
2025-11-07 14:00:00,46.03,301.33,0.0,347.36,8.34,339.02
2025-11-07 15:00:00,29.68,312.23,0.0,341.91,10.9,331.01
2025-11-07 16:00:00,9.42,371.14,0.0,380.56,4.55,376.01
2025-11-07 17:00:00,0.02,382.48,0.0,382.5,3.86,378.64
2025-11-07 18:00:00,0.0,374.38,0.0,374.38,3.6,370.78
2025-11-07 19:00:00,0.0,361.88,0.0,361.88,0.0,361.88
2025-11-07 20:00:00,0.0,212.5,0.0,212.5,0.0,212.5
2025-11-07 21:00:00,0.0,73.12,0.0,73.12,0.0,73.12
2025-11-07 22:00:00,0.0,70.62,0.0,70.62,0.0,70.62
2025-11-07 23:00:00,0.0,68.75,0.0,68.75,0.0,68.75
2025-11-08 00:00:00,0.0,68.75,0.0,68.75,0.0,68.75
2025-11-08 01:00:00,0.0,68.75,0.0,68.75,0.0,68.75
2025-11-08 02:00:00,0.0,65.0,0.0,65.0,0.0,65.0
2025-11-08 03:00:00,0.0,70.62,0.0,70.62,0.0,70.62
2025-11-08 04:00:00,0.0,73.75,0.0,73.75,0.0,73.75
2025-11-08 05:00:00,0.0,68.75,0.0,68.75,0.0,68.75
2025-11-08 06:00:00,0.0,65.0,0.0,65.0,0.0,65.0
2025-11-08 07:00:00,0.0,64.1,0.0,64.1,0.0,64.1
2025-11-08 08:00:00,3.91,60.65,0.0,64.56,0.0,64.56
2025-11-08 09:00:00,18.16,87.71,0.0,105.87,0.0,105.87
2025-11-08 10:00:00,30.87,87.04,0.0,117.91,0.0,117.91
2025-11-08 11:00:00,38.42,148.06,0.0,186.47,0.0,186.47
2025-11-08 12:00:00,53.65,121.21,0.0,174.87,0.0,174.87
2025-11-08 13:00:00,54.2,52.07,0.0,106.27,0.0,106.27
2025-11-08 14:00:00,41.6,143.47,0.0,185.07,0.0,185.07
2025-11-08 15:00:00,23.84,103.11,0.0,126.96,0.0,126.96
2025-11-08 16:00:00,5.06,58.74,0.0,63.79,0.0,63.79
2025-11-08 17:00:00,0.0,61.53,0.0,61.53,0.0,61.53
2025-11-08 18:00:00,0.0,62.5,0.0,62.5,0.0,62.5
2025-11-08 19:00:00,0.0,61.88,0.0,61.88,0.0,61.88
2025-11-08 20:00:00,0.0,62.5,0.0,62.5,0.0,62.5
2025-11-08 21:00:00,0.0,63.75,0.0,63.75,0.0,63.75
2025-11-08 22:00:00,0.0,70.0,0.0,70.0,0.0,70.0
2025-11-08 23:00:00,0.0,69.38,0.0,69.38,0.0,69.38
2025-11-09 00:00:00,0.0,62.5,0.0,62.5,0.0,62.5
2025-11-09 01:00:00,0.0,63.75,0.0,63.75,0.0,63.75
2025-11-09 02:00:00,0.0,63.75,0.0,63.75,0.0,63.75
2025-11-09 03:00:00,0.0,62.5,0.0,62.5,0.0,62.5
2025-11-09 04:00:00,0.0,62.5,0.0,62.5,0.0,62.5
2025-11-09 05:00:00,0.0,62.5,0.0,62.5,0.0,62.5
2025-11-09 06:00:00,0.0,70.0,0.0,70.0,0.0,70.0
2025-11-09 07:00:00,0.0,70.58,0.0,70.58,0.0,70.58
2025-11-09 08:00:00,14.94,53.57,0.0,68.51,0.0,68.51
2025-11-09 09:00:00,54.69,118.41,0.0,173.11,0.0,173.11
2025-11-09 10:00:00,75.44,229.85,0.0,305.3,0.0,305.3
2025-11-09 11:00:00,38.65,349.98,0.0,388.63,0.0,388.63
2025-11-09 12:00:00,98.41,324.48,0.0,422.89,0.0,422.89
2025-11-09 13:00:00,126.19,209.5,0.0,335.69,0.0,335.69
2025-11-09 14:00:00,82.54,176.6,0.0,259.14,0.0,259.14
2025-11-09 15:00:00,43.78,86.93,0.0,130.72,0.0,130.72
2025-11-09 16:00:00,10.94,59.27,0.0,70.21,0.0,70.21
2025-11-09 17:00:00,0.04,63.66,0.0,63.7,0.0,63.7
2025-11-09 18:00:00,0.0,63.75,0.0,63.75,0.0,63.75
2025-11-09 19:00:00,0.0,64.38,0.0,64.38,0.0,64.38
2025-11-09 20:00:00,0.0,65.0,0.0,65.0,0.0,65.0
2025-11-09 21:00:00,0.0,64.38,0.0,64.38,0.0,64.38
2025-11-09 22:00:00,0.0,68.12,0.0,68.12,0.0,68.12
2025-11-09 23:00:00,0.0,72.5,0.0,72.5,0.0,72.5
2025-11-10 00:00:00,0.0,71.25,0.0,71.25,0.0,71.25
2025-11-10 01:00:00,0.0,63.75,0.0,63.75,0.0,63.75
2025-11-10 02:00:00,0.0,63.12,0.0,63.12,0.0,63.12
2025-11-10 03:00:00,0.0,64.38,0.0,64.38,0.0,64.38
2025-11-10 04:00:00,0.0,83.12,0.0,83.12,0.0,83.12
2025-11-10 05:00:00,0.0,108.12,0.0,108.12,2.08,106.05
2025-11-10 06:00:00,0.0,116.88,0.0,116.88,10.71,106.16
2025-11-10 07:00:00,0.0,110.15,0.0,110.15,10.7,99.45
2025-11-10 08:00:00,7.03,111.95,0.0,118.97,24.79,94.19
2025-11-10 09:00:00,24.77,112.61,0.0,137.38,42.74,94.65
2025-11-10 10:00:00,29.19,128.13,0.0,157.32,33.28,124.04
2025-11-10 11:00:00,21.01,162.23,0.0,183.25,27.62,155.63
2025-11-10 12:00:00,60.32,208.65,0.0,268.96,21.52,247.45
2025-11-10 13:00:00,92.43,83.39,0.0,175.82,4.92,170.89
2025-11-10 14:00:00,145.33,0.0,29.46,115.87,1.85,114.02
2025-11-10 15:00:00,44.04,46.91,0.0,90.95,0.0,90.95
2025-11-10 16:00:00,6.03,69.36,0.0,75.39,0.0,75.39
2025-11-10 17:00:00,0.03,71.27,0.0,71.3,0.0,71.3
2025-11-10 18:00:00,0.0,70.62,0.0,70.62,0.0,70.62
2025-11-10 19:00:00,0.0,64.38,0.0,64.38,0.0,64.38
2025-11-10 20:00:00,0.0,69.38,0.0,69.38,0.0,69.38
2025-11-10 21:00:00,0.0,71.88,0.0,71.88,0.0,71.88
2025-11-10 22:00:00,0.0,70.62,0.0,70.62,0.0,70.62
2025-11-10 23:00:00,0.0,64.38,0.0,64.38,0.0,64.38
2025-11-11 00:00:00,0.0,65.0,0.0,65.0,0.0,65.0
2025-11-11 01:00:00,0.0,64.38,0.0,64.38,0.0,64.38
2025-11-11 02:00:00,0.0,65.0,0.0,65.0,0.0,65.0
2025-11-11 03:00:00,0.0,71.88,0.0,71.88,0.0,71.88
2025-11-11 04:00:00,0.0,86.88,0.0,86.88,0.0,86.88
2025-11-11 05:00:00,0.0,88.75,0.0,88.75,0.0,88.75
2025-11-11 06:00:00,0.0,78.75,0.0,78.75,0.0,78.75
2025-11-11 07:00:00,0.17,103.09,0.0,103.26,0.0,103.26
2025-11-11 08:00:00,32.75,50.23,0.0,82.99,0.0,82.99
2025-11-11 09:00:00,98.65,0.0,1.78,96.87,0.0,96.87
2025-11-11 10:00:00,175.5,0.0,70.79,104.71,0.0,104.71
2025-11-11 11:00:00,213.55,0.0,107.18,106.38,0.0,106.38
2025-11-11 12:00:00,235.02,0.0,93.5,141.53,0.0,141.53
2025-11-11 13:00:00,261.28,0.0,60.38,200.9,0.0,200.9
2025-11-11 14:00:00,187.1,64.63,0.0,251.72,0.0,251.72
2025-11-11 15:00:00,107.92,31.89,0.0,139.81,0.0,139.81
2025-11-11 16:00:00,37.22,39.11,0.0,76.32,0.0,76.32
2025-11-11 17:00:00,0.51,77.71,0.0,78.22,0.0,78.22
2025-11-11 18:00:00,0.0,108.75,0.0,108.75,0.0,108.75
2025-11-11 19:00:00,0.0,107.5,0.0,107.5,0.0,107.5
2025-11-11 20:00:00,0.0,115.0,0.0,115.0,0.0,115.0
2025-11-11 21:00:00,0.0,209.38,0.0,209.38,0.0,209.38
2025-11-11 22:00:00,0.0,295.62,0.0,295.62,0.0,295.62
2025-11-11 23:00:00,0.0,312.5,0.0,312.5,0.0,312.5
2025-11-12 00:00:00,0.0,366.25,0.0,366.25,0.0,366.25
2025-11-12 01:00:00,0.0,327.5,0.0,327.5,0.0,327.5
2025-11-12 02:00:00,0.0,396.88,0.0,396.88,0.0,396.88
2025-11-12 03:00:00,0.0,397.5,0.0,397.5,0.0,397.5
2025-11-12 04:00:00,0.0,392.5,0.0,392.5,0.0,392.5
2025-11-12 05:00:00,0.0,392.5,0.0,392.5,0.0,392.5
2025-11-12 06:00:00,0.0,358.75,0.0,358.75,0.0,358.75
2025-11-12 07:00:00,0.19,442.38,0.0,442.57,7.68,434.89
2025-11-12 08:00:00,18.31,526.73,0.0,545.04,103.15,441.89
2025-11-12 09:00:00,124.73,447.98,0.0,572.71,137.42,435.29
2025-11-12 10:00:00,164.89,351.04,0.0,515.93,93.59,422.34
2025-11-12 11:00:00,266.63,238.59,0.0,505.21,68.29,436.92
2025-11-12 12:00:00,146.28,366.45,0.0,512.73,84.73,428.0
2025-11-12 13:00:00,164.89,307.69,0.0,472.57,67.54,405.04
2025-11-12 14:00:00,79.02,372.36,0.0,451.38,42.34,409.04
2025-11-12 15:00:00,112.65,333.2,0.0,445.85,2.55,443.3
2025-11-12 16:00:00,28.15,368.59,0.0,396.73,0.0,396.73
2025-11-12 17:00:00,0.67,410.56,0.0,411.22,0.45,410.77
2025-11-12 18:00:00,0.0,438.12,0.0,438.12,1.15,436.97
2025-11-12 19:00:00,0.0,437.5,0.0,437.5,0.02,437.48
2025-11-12 20:00:00,0.0,390.0,0.0,390.0,0.0,390.0
2025-11-12 21:00:00,0.0,385.0,0.0,385.0,0.0,385.0
2025-11-12 22:00:00,0.0,444.38,0.0,444.38,0.0,444.38
2025-11-12 23:00:00,0.0,469.38,0.0,469.38,0.0,469.38
2025-11-13 00:00:00,0.0,374.38,0.0,374.38,0.0,374.38
2025-11-13 01:00:00,0.0,341.88,0.0,341.88,0.0,341.88
2025-11-13 02:00:00,0.0,320.0,0.0,320.0,0.0,320.0
2025-11-13 03:00:00,0.0,375.0,0.0,375.0,0.0,375.0
2025-11-13 04:00:00,0.0,361.88,0.0,361.88,0.0,361.88
2025-11-13 05:00:00,0.0,416.25,0.0,416.25,1.81,414.44
2025-11-13 06:00:00,0.0,405.62,0.0,405.62,10.61,395.02
2025-11-13 07:00:00,0.0,427.5,0.0,427.5,18.71,408.79
2025-11-13 08:00:00,30.92,442.98,0.0,473.9,59.0,414.91
2025-11-13 09:00:00,91.94,468.39,0.0,560.32,125.39,434.94
2025-11-13 10:00:00,89.12,515.86,0.0,604.98,113.54,491.44
2025-11-13 11:00:00,222.66,341.87,0.0,564.53,73.95,490.57
2025-11-13 12:00:00,311.84,220.06,0.0,531.89,21.47,510.42
2025-11-13 13:00:00,339.46,200.5,0.0,539.97,5.88,534.09
2025-11-13 14:00:00,163.54,382.02,0.0,545.56,0.0,545.56
2025-11-13 15:00:00,28.94,498.54,0.0,527.47,0.58,526.9
2025-11-13 16:00:00,30.65,514.13,0.0,544.78,10.77,534.02
2025-11-13 17:00:00,0.18,524.2,0.0,524.38,12.23,512.15
2025-11-13 18:00:00,0.0,503.12,0.0,503.12,2.66,500.47
2025-11-13 19:00:00,0.0,500.0,0.0,500.0,0.0,500.0
2025-11-13 20:00:00,0.0,432.5,0.0,432.5,0.0,432.5
2025-11-13 21:00:00,0.0,409.38,0.0,409.38,0.0,409.38
2025-11-13 22:00:00,0.0,441.88,0.0,441.88,0.0,441.88
2025-11-13 23:00:00,0.0,406.25,0.0,406.25,0.0,406.25
2025-11-14 00:00:00,0.0,436.88,0.0,436.88,0.0,436.88
2025-11-14 01:00:00,0.0,355.0,0.0,355.0,0.0,355.0
2025-11-14 02:00:00,0.0,353.12,0.0,353.12,0.0,353.12
2025-11-14 03:00:00,0.0,343.12,0.0,343.12,0.0,343.12
2025-11-14 04:00:00,0.0,414.38,0.0,414.38,0.0,414.38
2025-11-14 05:00:00,0.0,396.88,0.0,396.88,1.13,395.74
2025-11-14 06:00:00,0.0,393.75,0.0,393.75,7.42,386.33
2025-11-14 07:00:00,0.0,410.62,0.0,410.62,4.25,406.38
2025-11-14 08:00:00,7.19,519.87,0.0,527.06,87.85,439.21
2025-11-14 09:00:00,32.35,541.35,0.0,573.7,143.97,429.73
2025-11-14 10:00:00,80.55,484.87,0.0,565.43,109.2,456.22
2025-11-14 11:00:00,110.48,394.76,0.0,505.24,84.15,421.09
2025-11-14 12:00:00,154.78,311.54,0.0,466.33,70.17,396.15
2025-11-14 13:00:00,286.09,198.39,0.0,484.48,56.11,428.37
2025-11-14 14:00:00,201.6,275.15,0.0,476.75,56.46,420.29
2025-11-14 15:00:00,62.36,384.53,0.0,446.88,35.26,411.62
2025-11-14 16:00:00,13.23,374.24,0.0,387.47,4.35,383.13
2025-11-14 17:00:00,0.17,377.95,0.0,378.12,0.48,377.65
2025-11-14 18:00:00,0.0,403.75,0.0,403.75,0.01,403.74
2025-11-14 19:00:00,0.0,309.38,0.0,309.38,0.0,309.38
2025-11-14 20:00:00,0.0,177.5,0.0,177.5,0.0,177.5
2025-11-14 21:00:00,0.0,63.75,0.0,63.75,0.0,63.75
2025-11-14 22:00:00,0.0,61.25,0.0,61.25,0.0,61.25
2025-11-14 23:00:00,0.0,61.25,0.0,61.25,0.0,61.25
2025-11-15 00:00:00,0.0,60.62,0.0,60.62,0.0,60.62
2025-11-15 01:00:00,0.0,61.25,0.0,61.25,0.0,61.25
2025-11-15 02:00:00,0.0,60.62,0.0,60.62,0.0,60.62
2025-11-15 03:00:00,0.0,67.5,0.0,67.5,0.0,67.5
2025-11-15 04:00:00,0.0,68.75,0.0,68.75,0.0,68.75
2025-11-15 05:00:00,0.0,63.75,0.0,63.75,0.0,63.75
2025-11-15 06:00:00,0.0,61.25,0.0,61.25,0.0,61.25
2025-11-15 07:00:00,0.0,60.62,0.0,60.62,0.0,60.62
2025-11-15 08:00:00,14.44,42.96,0.0,57.4,0.0,57.4
2025-11-15 09:00:00,79.74,10.59,0.0,90.34,0.0,90.34
2025-11-15 10:00:00,135.81,0.0,3.47,132.34,0.0,132.34
2025-11-15 11:00:00,218.59,116.79,0.0,335.38,0.0,335.38
2025-11-15 12:00:00,201.37,69.06,0.0,270.44,0.0,270.44
2025-11-15 13:00:00,183.64,0.0,13.42,170.22,0.0,170.22
2025-11-15 14:00:00,126.83,0.56,0.0,127.39,0.0,127.39
2025-11-15 15:00:00,48.36,21.34,0.0,69.7,0.0,69.7
2025-11-15 16:00:00,9.86,42.84,0.0,52.7,0.0,52.7
2025-11-15 17:00:00,0.0,63.12,0.0,63.12,0.0,63.12
2025-11-15 18:00:00,0.0,64.38,0.0,64.38,0.0,64.38
2025-11-15 19:00:00,0.0,60.0,0.0,60.0,0.0,60.0
2025-11-15 20:00:00,0.0,57.5,0.0,57.5,0.0,57.5
2025-11-15 21:00:00,0.0,56.88,0.0,56.88,0.0,56.88
2025-11-15 22:00:00,0.0,56.88,0.0,56.88,0.0,56.88
2025-11-15 23:00:00,0.0,57.5,0.0,57.5,0.0,57.5
2025-11-16 00:00:00,0.0,57.5,0.0,57.5,0.0,57.5
2025-11-16 01:00:00,0.0,57.5,0.0,57.5,0.0,57.5
2025-11-16 02:00:00,0.0,58.12,0.0,58.12,0.0,58.12
2025-11-16 03:00:00,0.0,58.12,0.0,58.12,0.0,58.12
2025-11-16 04:00:00,0.0,65.62,0.0,65.62,0.0,65.62
2025-11-16 05:00:00,0.0,66.25,0.0,66.25,0.0,66.25
2025-11-16 06:00:00,0.0,65.0,0.0,65.0,0.0,65.0
2025-11-16 07:00:00,0.0,80.0,0.0,80.0,0.0,80.0
2025-11-16 08:00:00,10.71,56.7,0.0,67.4,0.0,67.4
2025-11-16 09:00:00,53.02,9.31,0.0,62.33,0.0,62.33
2025-11-16 10:00:00,67.21,22.14,0.0,89.35,0.0,89.35
2025-11-16 11:00:00,144.12,0.0,69.12,75.0,0.0,75.0
2025-11-16 12:00:00,300.39,0.0,234.7,65.69,0.0,65.69
2025-11-16 13:00:00,226.35,0.0,157.81,68.53,0.0,68.53
2025-11-16 14:00:00,54.96,48.66,0.0,103.62,0.0,103.62
2025-11-16 15:00:00,16.49,52.84,0.0,69.34,0.0,69.34
2025-11-16 16:00:00,2.76,61.24,0.0,64.0,0.0,64.0
2025-11-16 17:00:00,0.0,66.88,0.0,66.88,0.0,66.88
2025-11-16 18:00:00,0.0,100.0,0.0,100.0,0.0,100.0
2025-11-16 19:00:00,0.0,141.25,0.0,141.25,0.0,141.25
2025-11-16 20:00:00,0.0,135.0,0.0,135.0,0.0,135.0
2025-11-16 21:00:00,0.0,283.12,0.0,283.12,0.0,283.12
2025-11-16 22:00:00,0.0,240.0,0.0,240.0,0.0,240.0
2025-11-16 23:00:00,0.0,297.5,0.0,297.5,0.0,297.5
2025-11-17 00:00:00,0.0,326.88,0.0,326.88,0.0,326.88
2025-11-17 01:00:00,0.0,313.75,0.0,313.75,0.0,313.75
2025-11-17 02:00:00,0.0,323.75,0.0,323.75,0.0,323.75
2025-11-17 03:00:00,0.0,345.62,0.0,345.62,0.0,345.62
2025-11-17 04:00:00,0.0,356.88,0.0,356.88,0.0,356.88
2025-11-17 05:00:00,0.0,405.62,0.0,405.62,0.0,405.62
2025-11-17 06:00:00,0.0,437.5,0.0,437.5,2.45,435.05
2025-11-17 07:00:00,0.0,455.62,0.0,455.62,26.79,428.83
2025-11-17 08:00:00,7.54,544.72,0.0,552.26,107.79,444.47
2025-11-17 09:00:00,65.56,531.5,0.0,597.06,162.63,434.43
2025-11-17 10:00:00,113.08,510.61,0.0,623.68,137.93,485.76
2025-11-17 11:00:00,173.18,445.2,0.0,618.38,132.35,486.03
2025-11-17 12:00:00,303.59,287.12,0.0,590.71,88.72,501.99
2025-11-17 13:00:00,242.09,279.91,0.0,522.0,53.99,468.01
2025-11-17 14:00:00,205.83,320.24,0.0,526.08,34.1,491.98
2025-11-17 15:00:00,51.86,435.01,0.0,486.87,13.33,473.54
2025-11-17 16:00:00,9.61,448.13,0.0,457.74,9.67,448.06
2025-11-17 17:00:00,0.0,407.62,0.0,407.62,0.65,406.98
2025-11-17 18:00:00,0.0,389.38,0.0,389.38,0.03,389.34
2025-11-17 19:00:00,0.0,380.62,0.0,380.62,0.0,380.62
2025-11-17 20:00:00,0.0,368.75,0.0,368.75,0.0,368.75
2025-11-17 21:00:00,0.0,316.25,0.0,316.25,0.0,316.25
2025-11-17 22:00:00,0.0,361.88,0.0,361.88,0.0,361.88
2025-11-17 23:00:00,0.0,320.0,0.0,320.0,0.0,320.0
2025-11-18 00:00:00,0.0,357.5,0.0,357.5,0.0,357.5
2025-11-18 01:00:00,0.0,332.5,0.0,332.5,0.0,332.5
2025-11-18 02:00:00,0.0,360.0,0.0,360.0,0.0,360.0
2025-11-18 03:00:00,0.0,321.88,0.0,321.88,0.0,321.88
2025-11-18 04:00:00,0.0,375.0,0.0,375.0,0.0,375.0
2025-11-18 05:00:00,0.0,404.38,0.0,404.38,0.0,404.38
2025-11-18 06:00:00,0.0,406.25,0.0,406.25,1.25,405.0
2025-11-18 07:00:00,0.0,459.38,0.0,459.38,24.24,435.14
2025-11-18 08:00:00,16.47,521.61,0.0,538.08,82.24,455.84
2025-11-18 09:00:00,65.17,499.6,0.0,564.77,108.9,455.87
2025-11-18 10:00:00,189.37,401.4,0.0,590.77,92.54,498.23
2025-11-18 11:00:00,246.68,292.25,0.0,538.94,66.17,472.77
2025-11-18 12:00:00,221.65,295.35,0.0,517.0,55.7,461.3
2025-11-18 13:00:00,254.1,250.85,0.0,504.95,38.57,466.37
2025-11-18 14:00:00,132.93,346.73,0.0,479.66,19.86,459.8
2025-11-18 15:00:00,57.96,418.73,0.0,476.69,7.26,469.43
2025-11-18 16:00:00,17.38,451.99,0.0,469.37,0.64,468.72
2025-11-18 17:00:00,0.0,449.38,0.0,449.38,0.0,449.38
2025-11-18 18:00:00,0.0,416.25,0.0,416.25,0.0,416.25
2025-11-18 19:00:00,0.0,424.38,0.0,424.38,0.0,424.38
2025-11-18 20:00:00,0.0,391.88,0.0,391.88,0.0,391.88
2025-11-18 21:00:00,0.0,393.75,0.0,393.75,0.0,393.75
2025-11-18 22:00:00,0.0,387.5,0.0,387.5,0.0,387.5
2025-11-18 23:00:00,0.0,403.75,0.0,403.75,0.0,403.75
2025-11-19 00:00:00,0.0,402.5,0.0,402.5,0.0,402.5
2025-11-19 01:00:00,0.0,383.12,0.0,383.12,0.0,383.12
2025-11-19 02:00:00,0.0,396.88,0.0,396.88,0.0,396.88
2025-11-19 03:00:00,0.0,368.12,0.0,368.12,0.0,368.12
2025-11-19 04:00:00,0.0,386.25,0.0,386.25,0.0,386.25
2025-11-19 05:00:00,0.0,406.88,0.0,406.88,1.01,405.86
2025-11-19 06:00:00,0.0,411.25,0.0,411.25,7.42,403.83
2025-11-19 07:00:00,0.0,416.25,0.0,416.25,5.26,410.99
2025-11-19 08:00:00,3.47,475.72,0.0,479.19,19.77,459.41
2025-11-19 09:00:00,21.37,471.55,0.0,492.93,39.73,453.2
2025-11-19 10:00:00,32.11,531.05,0.0,563.16,49.76,513.41
2025-11-19 11:00:00,26.35,473.21,0.0,499.56,21.31,478.26
2025-11-19 12:00:00,35.08,403.06,0.0,438.14,3.78,434.35
2025-11-19 13:00:00,64.14,388.2,0.0,452.33,0.0,452.33
2025-11-19 14:00:00,86.97,386.23,0.0,473.2,0.0,473.2
2025-11-19 15:00:00,28.61,437.47,0.0,466.08,0.0,466.08
2025-11-19 16:00:00,4.01,429.67,0.0,433.68,0.0,433.68
2025-11-19 17:00:00,0.0,380.62,0.0,380.62,0.0,380.62
2025-11-19 18:00:00,0.0,407.5,0.0,407.5,0.0,407.5
2025-11-19 19:00:00,0.0,403.12,0.0,403.12,0.0,403.12
2025-11-19 20:00:00,0.0,391.25,0.0,391.25,0.0,391.25
2025-11-19 21:00:00,0.0,403.75,0.0,403.75,0.0,403.75
2025-11-19 22:00:00,0.0,414.38,0.0,414.38,0.0,414.38
2025-11-19 23:00:00,0.0,400.62,0.0,400.62,0.0,400.62
2025-11-20 00:00:00,0.0,391.25,0.0,391.25,0.0,391.25
2025-11-20 01:00:00,0.0,380.62,0.0,380.62,0.0,380.62
2025-11-20 02:00:00,0.0,386.25,0.0,386.25,0.0,386.25
2025-11-20 03:00:00,0.0,356.88,0.0,356.88,0.0,356.88
2025-11-20 04:00:00,0.0,374.38,0.0,374.38,0.0,374.38
2025-11-20 05:00:00,0.0,428.75,0.0,428.75,2.79,425.96
2025-11-20 06:00:00,0.0,456.25,0.0,456.25,18.7,437.55
2025-11-20 07:00:00,0.0,462.5,0.0,462.5,15.61,446.89
2025-11-20 08:00:00,10.97,462.16,0.0,473.12,45.89,427.23
2025-11-20 09:00:00,86.46,477.29,0.0,563.75,118.28,445.47
2025-11-20 10:00:00,103.72,439.07,0.0,542.78,121.74,421.04
2025-11-20 11:00:00,215.78,280.16,0.0,495.94,88.89,407.05
2025-11-20 12:00:00,301.14,206.3,0.0,507.45,91.36,416.09
2025-11-20 13:00:00,288.87,248.22,0.0,537.09,60.85,476.25
2025-11-20 14:00:00,224.15,269.04,0.0,493.2,39.81,453.39
2025-11-20 15:00:00,84.51,465.66,0.0,550.18,31.68,518.49
2025-11-20 16:00:00,21.43,445.45,0.0,466.88,9.39,457.5
2025-11-20 17:00:00,0.0,420.62,0.0,420.62,0.67,419.95
2025-11-20 18:00:00,0.0,416.88,0.0,416.88,0.0,416.88
2025-11-20 19:00:00,0.0,388.75,0.0,388.75,0.0,388.75
2025-11-20 20:00:00,0.0,386.25,0.0,386.25,0.0,386.25
2025-11-20 21:00:00,0.0,381.25,0.0,381.25,0.0,381.25
2025-11-20 22:00:00,0.0,382.5,0.0,382.5,0.0,382.5
2025-11-20 23:00:00,0.0,382.5,0.0,382.5,0.0,382.5
2025-11-21 00:00:00,0.0,388.12,0.0,388.12,0.0,388.12
2025-11-21 01:00:00,0.0,354.38,0.0,354.38,0.0,354.37
2025-11-21 02:00:00,0.0,442.5,0.0,442.5,0.0,442.5
2025-11-21 03:00:00,0.0,423.12,0.0,423.12,0.0,423.12
2025-11-21 04:00:00,0.0,383.75,0.0,383.75,0.0,383.75
2025-11-21 05:00:00,0.0,365.0,0.0,365.0,0.0,365.0
2025-11-21 06:00:00,0.0,341.88,0.0,341.88,1.15,340.72
2025-11-21 07:00:00,0.0,363.12,0.0,363.12,13.19,349.94
2025-11-21 08:00:00,4.06,460.03,0.0,464.09,74.56,389.54
2025-11-21 09:00:00,31.39,391.36,0.0,422.75,100.82,321.93
2025-11-21 10:00:00,57.74,358.81,0.0,416.54,84.78,331.77
2025-11-21 11:00:00,90.77,356.8,0.0,447.57,61.71,385.86
2025-11-21 12:00:00,120.56,348.28,0.0,468.84,21.79,447.05
2025-11-21 13:00:00,123.31,351.93,0.0,475.24,16.87,458.37
2025-11-21 14:00:00,108.3,370.48,0.0,478.77,9.99,468.78
2025-11-21 15:00:00,46.82,347.33,0.0,394.15,4.53,389.62
2025-11-21 16:00:00,19.11,366.2,0.0,385.31,0.0,385.31
2025-11-21 17:00:00,0.0,312.51,0.0,312.51,0.96,311.55
2025-11-21 18:00:00,0.0,308.12,0.0,308.12,0.0,308.12
2025-11-21 19:00:00,0.0,248.12,0.0,248.12,0.0,248.12
2025-11-21 20:00:00,0.0,156.25,0.0,156.25,0.0,156.25
2025-11-21 21:00:00,0.0,71.25,0.0,71.25,0.0,71.25
2025-11-21 22:00:00,0.0,73.75,0.0,73.75,0.0,73.75
2025-11-21 23:00:00,0.0,81.25,0.0,81.25,0.0,81.25
2025-11-22 00:00:00,0.0,80.62,0.0,80.62,0.0,80.62
2025-11-22 01:00:00,0.0,73.12,0.0,73.12,0.0,73.12
2025-11-22 02:00:00,0.0,69.38,0.0,69.38,0.0,69.38
2025-11-22 03:00:00,0.0,70.0,0.0,70.0,0.0,70.0
2025-11-22 04:00:00,0.0,71.25,0.0,71.25,0.0,71.25
2025-11-22 05:00:00,0.0,69.38,0.0,69.38,0.0,69.38
2025-11-22 06:00:00,0.0,75.0,0.0,75.0,0.0,75.0
2025-11-22 07:00:00,0.0,81.25,0.0,81.25,0.0,81.25
2025-11-22 08:00:00,7.14,69.18,0.0,76.32,0.0,76.32
2025-11-22 09:00:00,21.64,83.81,0.0,105.45,0.0,105.45
2025-11-22 10:00:00,57.18,133.22,0.0,190.4,0.0,190.4
2025-11-22 11:00:00,160.93,92.17,0.0,253.1,0.0,253.1
2025-11-22 12:00:00,222.9,107.75,0.0,330.64,0.0,330.64
2025-11-22 13:00:00,159.02,111.11,0.0,270.13,0.0,270.13
2025-11-22 14:00:00,205.71,14.96,0.0,220.67,0.0,220.67
2025-11-22 15:00:00,67.4,26.39,0.0,93.79,0.0,93.79
2025-11-22 16:00:00,14.75,55.09,0.0,69.84,0.0,69.84
2025-11-22 17:00:00,0.0,74.38,0.0,74.38,0.0,74.38
2025-11-22 18:00:00,0.0,75.62,0.0,75.62,0.0,75.62
2025-11-22 19:00:00,0.0,76.88,0.0,76.88,0.0,76.88
2025-11-22 20:00:00,0.0,77.5,0.0,77.5,0.0,77.5
2025-11-22 21:00:00,0.0,73.12,0.0,73.12,0.0,73.12
2025-11-22 22:00:00,0.0,69.38,0.0,69.38,0.0,69.38
2025-11-22 23:00:00,0.0,67.5,0.0,67.5,0.0,67.5
2025-11-23 00:00:00,0.0,71.25,0.0,71.25,0.0,71.25
2025-11-23 01:00:00,0.0,73.12,0.0,73.12,0.0,73.12
2025-11-23 02:00:00,0.0,80.0,0.0,80.0,0.0,80.0
2025-11-23 03:00:00,0.0,78.75,0.0,78.75,0.0,78.75
2025-11-23 04:00:00,0.0,79.38,0.0,79.38,0.0,79.38
2025-11-23 05:00:00,0.0,78.75,0.0,78.75,0.0,78.75
2025-11-23 06:00:00,0.0,80.0,0.0,80.0,0.0,80.0
2025-11-23 07:00:00,0.0,83.12,0.0,83.12,0.0,83.12
2025-11-23 08:00:00,1.88,70.05,0.0,71.92,0.0,71.92
2025-11-23 09:00:00,22.03,47.49,0.0,69.52,0.0,69.52
2025-11-23 10:00:00,59.27,8.33,0.0,67.6,0.0,67.6
2025-11-23 11:00:00,76.19,0.0,6.0,70.19,0.0,70.19
2025-11-23 12:00:00,99.94,0.0,24.54,75.4,0.0,75.4
2025-11-23 13:00:00,106.69,0.0,33.63,73.06,0.0,73.06
2025-11-23 14:00:00,66.06,12.74,0.0,78.8,0.0,78.8
2025-11-23 15:00:00,48.07,55.82,0.0,103.89,0.0,103.89
2025-11-23 16:00:00,4.34,66.53,0.0,70.87,0.0,70.87
2025-11-23 17:00:00,0.0,67.5,0.0,67.5,0.0,67.5
2025-11-23 18:00:00,0.0,98.12,0.0,98.12,0.0,98.12
2025-11-23 19:00:00,0.0,152.5,0.0,152.5,0.0,152.5
2025-11-23 20:00:00,0.0,139.38,0.0,139.38,0.0,139.38
2025-11-23 21:00:00,0.0,243.75,0.0,243.75,0.0,243.75
2025-11-23 22:00:00,0.0,278.12,0.0,278.12,0.0,278.12
2025-11-23 23:00:00,0.0,310.0,0.0,310.0,0.0,310.0
2025-11-24 00:00:00,0.0,258.75,0.0,258.75,0.0,258.75
2025-11-24 01:00:00,0.0,279.38,0.0,279.38,0.0,279.38
2025-11-24 02:00:00,0.0,310.0,0.0,310.0,0.0,310.0
2025-11-24 03:00:00,0.0,295.0,0.0,295.0,0.0,295.0
2025-11-24 04:00:00,0.0,293.12,0.0,293.12,0.0,293.12
2025-11-24 05:00:00,0.0,308.75,0.0,308.75,0.0,308.75
2025-11-24 06:00:00,0.0,342.5,0.0,342.5,0.0,342.5
2025-11-24 07:00:00,0.0,422.5,0.0,422.5,6.84,415.66
2025-11-24 08:00:00,7.46,477.03,0.0,484.49,70.72,413.78
2025-11-24 09:00:00,65.66,532.36,0.0,598.02,162.21,435.81
2025-11-24 10:00:00,199.93,466.03,0.0,665.96,177.34,488.62
2025-11-24 11:00:00,227.27,440.66,0.0,667.93,142.02,525.91
2025-11-24 12:00:00,178.32,428.98,0.0,607.3,97.28,510.02
2025-11-24 13:00:00,204.33,378.71,0.0,583.04,87.5,495.54
2025-11-24 14:00:00,220.74,337.99,0.0,558.73,56.38,502.35
2025-11-24 15:00:00,106.16,435.52,0.0,541.68,39.07,502.61
2025-11-24 16:00:00,21.67,481.97,0.0,503.63,32.98,470.65
2025-11-24 17:00:00,0.0,427.5,0.0,427.5,1.13,426.37
2025-11-24 18:00:00,0.0,467.5,0.0,467.5,0.0,467.5
2025-11-24 19:00:00,0.0,448.75,0.0,448.75,0.0,448.75
2025-11-24 20:00:00,0.0,450.62,0.0,450.62,0.0,450.62
2025-11-24 21:00:00,0.0,432.5,0.0,432.5,0.0,432.5
2025-11-24 22:00:00,0.0,455.62,0.0,455.62,0.0,455.62
2025-11-24 23:00:00,0.0,453.12,0.0,453.12,0.0,453.12
2025-11-25 00:00:00,0.0,436.25,0.0,436.25,0.0,436.25
2025-11-25 01:00:00,0.0,409.38,0.0,409.38,0.0,409.38
2025-11-25 02:00:00,0.0,443.75,0.0,443.75,0.0,443.75
2025-11-25 03:00:00,0.0,456.88,0.0,456.88,0.0,456.88
2025-11-25 04:00:00,0.0,468.75,0.0,468.75,0.0,468.75
2025-11-25 05:00:00,0.0,467.5,0.0,467.5,0.0,467.5
2025-11-25 06:00:00,0.0,464.38,0.0,464.38,0.0,464.38
2025-11-25 07:00:00,0.0,546.25,0.0,546.25,6.9,539.35
2025-11-25 08:00:00,0.62,582.0,0.0,582.62,13.82,568.8
2025-11-25 09:00:00,11.11,612.19,0.0,623.3,94.01,529.28
2025-11-25 10:00:00,37.64,609.41,0.0,647.05,123.78,523.27
2025-11-25 11:00:00,46.47,622.45,0.0,668.92,113.03,555.89
2025-11-25 12:00:00,53.75,488.26,0.0,542.01,91.84,450.16
2025-11-25 13:00:00,51.67,447.61,0.0,499.28,47.85,451.43
2025-11-25 14:00:00,45.79,432.25,0.0,478.04,20.42,457.61
2025-11-25 15:00:00,64.88,457.56,0.0,522.43,21.81,500.62
2025-11-25 16:00:00,25.2,457.35,0.0,482.55,10.69,471.86
2025-11-25 17:00:00,0.0,422.5,0.0,422.5,5.01,417.5
2025-11-25 18:00:00,0.0,400.62,0.0,400.62,0.0,400.62
2025-11-25 19:00:00,0.0,409.38,0.0,409.38,0.0,409.38
2025-11-25 20:00:00,0.0,409.38,0.0,409.38,0.0,409.38
2025-11-25 21:00:00,0.0,436.88,0.0,436.88,0.0,436.88
2025-11-25 22:00:00,0.0,423.75,0.0,423.75,0.0,423.75
2025-11-25 23:00:00,0.0,464.38,0.0,464.38,0.0,464.38
2025-11-26 00:00:00,0.0,457.5,0.0,457.5,0.0,457.5
2025-11-26 01:00:00,0.0,451.25,0.0,451.25,0.0,451.25
2025-11-26 02:00:00,0.0,431.25,0.0,431.25,0.0,431.25
2025-11-26 03:00:00,0.0,406.25,0.0,406.25,0.0,406.25
2025-11-26 04:00:00,0.0,414.38,0.0,414.38,0.0,414.37
2025-11-26 05:00:00,0.0,415.62,0.0,415.62,0.0,415.62
2025-11-26 06:00:00,0.0,420.0,0.0,420.0,0.0,420.0
2025-11-26 07:00:00,0.0,400.0,0.0,400.0,0.81,399.19
2025-11-26 08:00:00,9.2,455.92,0.0,465.13,41.58,423.55
2025-11-26 09:00:00,19.6,466.02,0.0,485.62,67.29,418.33
2025-11-26 10:00:00,120.26,399.84,0.0,520.1,75.44,444.66
2025-11-26 11:00:00,142.54,350.52,0.0,493.05,64.66,428.39
2025-11-26 12:00:00,125.79,302.35,0.0,428.14,35.79,392.35
2025-11-26 13:00:00,33.8,390.96,0.0,424.76,16.51,408.24
2025-11-26 14:00:00,64.61,350.76,0.0,415.37,9.76,405.61
2025-11-26 15:00:00,51.72,376.35,0.0,428.07,16.46,411.61
2025-11-26 16:00:00,14.94,400.32,0.0,415.27,14.07,401.2
2025-11-26 17:00:00,0.0,406.88,0.0,406.88,11.36,395.51
2025-11-26 18:00:00,0.0,405.0,0.0,405.0,3.79,401.21
2025-11-26 19:00:00,0.0,408.75,0.0,408.75,0.0,408.75
2025-11-26 20:00:00,0.0,363.12,0.0,363.12,0.0,363.12
2025-11-26 21:00:00,0.0,385.62,0.0,385.62,0.0,385.62
2025-11-26 22:00:00,0.0,411.25,0.0,411.25,0.0,411.25
2025-11-26 23:00:00,0.0,416.25,0.0,416.25,0.0,416.25
2025-11-27 00:00:00,0.0,396.25,0.0,396.25,0.0,396.25
2025-11-27 01:00:00,0.0,391.25,0.0,391.25,0.0,391.25
2025-11-27 02:00:00,0.0,425.0,0.0,425.0,0.0,425.0
2025-11-27 03:00:00,0.0,430.0,0.0,430.0,0.0,430.0
2025-11-27 04:00:00,0.0,421.25,0.0,421.25,0.0,421.25
2025-11-27 05:00:00,0.0,431.25,0.0,431.25,0.0,431.25
2025-11-27 06:00:00,0.0,392.5,0.0,392.5,1.82,390.68
2025-11-27 07:00:00,0.0,442.5,0.0,442.5,14.28,428.22
2025-11-27 08:00:00,2.33,493.58,0.0,495.9,68.79,427.12
2025-11-27 09:00:00,33.79,481.43,0.0,515.22,133.87,381.35
2025-11-27 10:00:00,30.02,534.61,0.0,564.63,121.79,442.84
2025-11-27 11:00:00,63.68,442.67,0.0,506.36,79.4,426.96
2025-11-27 12:00:00,71.96,378.71,0.0,450.67,30.17,420.51
2025-11-27 13:00:00,27.71,455.16,0.0,482.87,12.34,470.53
2025-11-27 14:00:00,17.89,475.72,0.0,493.62,8.68,484.93
2025-11-27 15:00:00,10.92,493.42,0.0,504.34,0.0,504.34
2025-11-27 16:00:00,2.26,413.44,0.0,415.7,0.93,414.77
2025-11-27 17:00:00,0.0,355.62,0.0,355.62,0.67,354.96
2025-11-27 18:00:00,0.0,374.38,0.0,374.38,0.08,374.29
2025-11-27 19:00:00,0.0,353.12,0.0,353.12,0.0,353.12
2025-11-27 20:00:00,0.0,347.5,0.0,347.5,0.0,347.5
2025-11-27 21:00:00,0.0,366.25,0.0,366.25,0.0,366.25
2025-11-27 22:00:00,0.0,366.25,0.0,366.25,0.0,366.25
2025-11-27 23:00:00,0.0,412.5,0.0,412.5,0.0,412.5
2025-11-28 00:00:00,0.0,455.62,0.0,455.62,0.0,455.62
2025-11-28 01:00:00,0.0,398.75,0.0,398.75,0.0,398.75
2025-11-28 02:00:00,0.0,440.0,0.0,440.0,0.0,440.0
2025-11-28 03:00:00,0.0,426.25,0.0,426.25,0.0,426.25
2025-11-28 04:00:00,0.0,373.75,0.0,373.75,0.0,373.75
2025-11-28 05:00:00,0.0,385.0,0.0,385.0,0.0,385.0
2025-11-28 06:00:00,0.0,359.38,0.0,359.38,0.0,359.38
2025-11-28 07:00:00,0.0,316.88,0.0,316.88,1.82,315.05
2025-11-28 08:00:00,8.02,423.75,0.0,431.77,71.01,360.77
2025-11-28 09:00:00,89.1,340.37,0.0,429.47,92.82,336.66
2025-11-28 10:00:00,217.75,204.43,0.0,422.17,64.34,357.83
2025-11-28 11:00:00,303.04,94.05,0.0,397.09,45.65,351.44
2025-11-28 12:00:00,270.51,49.59,0.0,320.1,27.5,292.59
2025-11-28 13:00:00,230.45,56.14,0.0,286.6,7.96,278.64
2025-11-28 14:00:00,187.52,85.57,0.0,273.08,7.95,265.13
2025-11-28 15:00:00,106.92,170.73,0.0,277.66,0.0,277.66
2025-11-28 16:00:00,9.68,241.02,0.0,250.7,0.0,250.7
2025-11-28 17:00:00,0.0,246.25,0.0,246.25,0.0,246.25
2025-11-28 18:00:00,0.0,255.0,0.0,255.0,0.02,254.98
2025-11-28 19:00:00,0.0,220.62,0.0,220.62,0.0,220.62
2025-11-28 20:00:00,0.0,191.25,0.0,191.25,0.0,191.25
2025-11-28 21:00:00,0.0,74.38,0.0,74.38,0.0,74.38
2025-11-28 22:00:00,0.0,76.88,0.0,76.88,0.0,76.88
2025-11-28 23:00:00,0.0,70.0,0.0,70.0,0.0,70.0
2025-11-29 00:00:00,0.0,63.75,0.0,63.75,0.0,63.75
2025-11-29 01:00:00,0.0,63.12,0.0,63.12,0.0,63.12
2025-11-29 02:00:00,0.0,67.5,0.0,67.5,0.0,67.5
2025-11-29 03:00:00,0.0,62.5,0.0,62.5,0.0,62.5
2025-11-29 04:00:00,0.0,63.75,0.0,63.75,0.0,63.75
2025-11-29 05:00:00,0.0,63.75,0.0,63.75,0.0,63.75
2025-11-29 06:00:00,0.0,70.62,0.0,70.62,0.0,70.62
2025-11-29 07:00:00,0.0,90.0,0.0,90.0,0.0,90.0
2025-11-29 08:00:00,14.04,82.92,0.0,96.96,0.0,96.96
2025-11-29 09:00:00,92.51,1.79,0.0,94.3,0.0,94.3
2025-11-29 10:00:00,203.34,0.0,108.2,95.13,0.0,95.13
2025-11-29 11:00:00,307.18,0.0,177.51,129.67,0.0,129.67
2025-11-29 12:00:00,330.65,0.0,164.42,166.22,0.0,166.22
2025-11-29 13:00:00,277.36,0.0,92.36,185.0,0.0,185.0
2025-11-29 14:00:00,218.97,0.0,86.46,132.52,0.0,132.52
2025-11-29 15:00:00,103.6,0.0,18.77,84.82,0.0,84.82
2025-11-29 16:00:00,15.85,70.78,0.0,86.63,0.0,86.63
2025-11-29 17:00:00,0.0,81.88,0.0,81.88,0.0,81.88
2025-11-29 18:00:00,0.0,72.5,0.0,72.5,0.0,72.5
2025-11-29 19:00:00,0.0,70.62,0.0,70.62,0.0,70.62
2025-11-29 20:00:00,0.0,66.88,0.0,66.88,0.0,66.88
2025-11-29 21:00:00,0.0,65.0,0.0,65.0,0.0,65.0
2025-11-29 22:00:00,0.0,66.88,0.0,66.88,0.0,66.88
2025-11-29 23:00:00,0.0,60.62,0.0,60.62,0.0,60.62
2025-11-30 00:00:00,0.0,60.62,0.0,60.62,0.0,60.62
2025-11-30 01:00:00,0.0,66.88,0.0,66.88,0.0,66.88
2025-11-30 02:00:00,0.0,63.12,0.0,63.12,0.0,63.12
2025-11-30 03:00:00,0.0,71.88,0.0,71.88,0.0,71.88
2025-11-30 04:00:00,0.0,76.25,0.0,76.25,0.0,76.25
2025-11-30 05:00:00,0.0,74.38,0.0,74.38,0.0,74.38
2025-11-30 06:00:00,0.0,67.5,0.0,67.5,0.0,67.5
2025-11-30 07:00:00,0.0,66.25,0.0,66.25,0.0,66.25
2025-11-30 08:00:00,7.38,56.42,0.0,63.8,0.0,63.8
2025-11-30 09:00:00,63.05,8.14,0.0,71.19,0.0,71.19
2025-11-30 10:00:00,56.09,112.89,0.0,168.98,0.0,168.98
2025-11-30 11:00:00,143.77,62.8,0.0,206.57,0.0,206.57
2025-11-30 12:00:00,121.8,57.62,0.0,179.42,0.0,179.42
2025-11-30 13:00:00,97.7,185.27,0.0,282.97,0.0,282.97
2025-11-30 14:00:00,90.6,35.13,0.0,125.73,0.0,125.73
2025-11-30 15:00:00,43.84,36.52,0.0,80.36,0.0,80.36
2025-11-30 16:00:00,6.29,58.37,0.0,64.65,0.0,64.65
2025-11-30 17:00:00,0.0,68.12,0.0,68.12,0.0,68.12
2025-11-30 18:00:00,0.0,105.0,0.0,105.0,0.0,105.0
2025-11-30 19:00:00,0.0,131.25,0.0,131.25,0.0,131.25
2025-11-30 20:00:00,0.0,170.0,0.0,170.0,0.0,170.0
2025-11-30 21:00:00,0.0,238.75,0.0,238.75,0.0,238.75
2025-11-30 22:00:00,0.0,286.25,0.0,286.25,0.0,286.25
2025-11-30 23:00:00,0.0,295.0,0.0,295.0,0.0,295.0
2025-12-01 00:00:00,0.0,271.25,0.0,271.25,0.0,271.25
2025-12-01 01:00:00,0.0,236.25,0.0,236.25,0.0,236.25
2025-12-01 02:00:00,0.0,260.62,0.0,260.62,0.0,260.62
2025-12-01 03:00:00,0.0,278.12,0.0,278.12,0.0,278.12
2025-12-01 04:00:00,0.0,275.0,0.0,275.0,0.0,275.0
2025-12-01 05:00:00,0.0,325.62,0.0,325.62,0.0,325.62
2025-12-01 06:00:00,0.0,401.25,0.0,401.25,2.93,398.32
2025-12-01 07:00:00,0.0,455.0,0.0,455.0,35.51,419.49
2025-12-01 08:00:00,7.22,517.01,0.0,524.23,121.16,403.08
2025-12-01 09:00:00,67.36,520.75,0.0,588.11,174.8,413.31
2025-12-01 10:00:00,178.36,406.78,0.0,585.14,157.04,428.1
2025-12-01 11:00:00,259.93,316.28,0.0,576.21,136.92,439.29
2025-12-01 12:00:00,221.53,338.58,0.0,560.11,102.4,457.72
2025-12-01 13:00:00,89.09,455.51,0.0,544.6,84.68,459.93
2025-12-01 14:00:00,66.9,470.13,0.0,537.03,61.46,475.57
2025-12-01 15:00:00,33.33,471.69,0.0,505.02,43.59,461.43
2025-12-01 16:00:00,3.34,444.97,0.0,448.31,33.88,414.44
2025-12-01 17:00:00,0.0,395.0,0.0,395.0,14.6,380.4
2025-12-01 18:00:00,0.0,383.12,0.0,383.12,0.0,383.12
2025-12-01 19:00:00,0.0,356.25,0.0,356.25,0.0,356.25
2025-12-01 20:00:00,0.0,335.0,0.0,335.0,0.0,335.0
2025-12-01 21:00:00,0.0,346.88,0.0,346.88,0.0,346.88
2025-12-01 22:00:00,0.0,376.88,0.0,376.88,0.0,376.88
2025-12-01 23:00:00,0.0,391.88,0.0,391.88,0.0,391.88
2025-12-02 00:00:00,0.0,388.75,0.0,388.75,0.0,388.75
2025-12-02 01:00:00,0.0,356.88,0.0,356.88,0.0,356.88
2025-12-02 02:00:00,0.0,360.0,0.0,360.0,0.0,360.0
2025-12-02 03:00:00,0.0,423.75,0.0,423.75,0.0,423.75
2025-12-02 04:00:00,0.0,413.75,0.0,413.75,0.0,413.75
2025-12-02 05:00:00,0.0,437.5,0.0,437.5,0.0,437.5
2025-12-02 06:00:00,0.0,468.12,0.0,468.12,0.0,468.12
2025-12-02 07:00:00,0.0,486.25,0.0,486.25,0.1,486.15
2025-12-02 08:00:00,2.69,484.83,0.0,487.52,21.0,466.52
2025-12-02 09:00:00,25.88,434.55,0.0,460.42,22.09,438.33
2025-12-02 10:00:00,95.76,404.08,0.0,499.83,17.69,482.14
2025-12-02 11:00:00,183.06,309.6,0.0,492.65,10.9,481.75
2025-12-02 12:00:00,312.05,198.8,0.0,510.85,10.91,499.94
2025-12-02 13:00:00,153.3,355.31,0.0,508.61,10.91,497.7
2025-12-02 14:00:00,109.89,394.54,0.0,504.43,13.67,490.76
2025-12-02 15:00:00,105.22,411.45,0.0,516.67,3.76,512.91
2025-12-02 16:00:00,7.32,484.35,0.0,491.68,0.0,491.68
2025-12-02 17:00:00,0.0,459.38,0.0,459.38,0.0,459.38
2025-12-02 18:00:00,0.0,448.12,0.0,448.12,0.0,448.12
2025-12-02 19:00:00,0.0,467.5,0.0,467.5,0.0,467.5
2025-12-02 20:00:00,0.0,440.0,0.0,440.0,0.0,440.0
2025-12-02 21:00:00,0.0,460.0,0.0,460.0,0.0,460.0
2025-12-02 22:00:00,0.0,455.0,0.0,455.0,0.0,455.0
2025-12-02 23:00:00,0.0,454.38,0.0,454.38,0.0,454.38
2025-12-03 00:00:00,0.0,460.0,0.0,460.0,0.0,460.0
2025-12-03 01:00:00,0.0,425.62,0.0,425.62,0.0,425.62
2025-12-03 02:00:00,0.0,467.5,0.0,467.5,0.0,467.5
2025-12-03 03:00:00,0.0,427.5,0.0,427.5,0.0,427.5
2025-12-03 04:00:00,0.0,408.75,0.0,408.75,0.0,408.75
2025-12-03 05:00:00,0.0,456.88,0.0,456.88,0.0,456.88
2025-12-03 06:00:00,0.0,435.62,0.0,435.62,0.0,435.62
2025-12-03 07:00:00,0.0,413.75,0.0,413.75,3.81,409.94
2025-12-03 08:00:00,4.38,517.39,0.0,521.76,70.22,451.54
2025-12-03 09:00:00,29.21,539.18,0.0,568.38,117.8,450.58
2025-12-03 10:00:00,55.88,519.01,0.0,574.89,109.94,464.95
2025-12-03 11:00:00,119.57,479.36,0.0,598.93,97.59,501.34
2025-12-03 12:00:00,100.47,439.46,0.0,539.93,62.22,477.71
2025-12-03 13:00:00,170.49,334.33,0.0,504.81,22.44,482.37
2025-12-03 14:00:00,152.86,341.87,0.0,494.73,4.24,490.49
2025-12-03 15:00:00,79.44,411.37,0.0,490.82,4.19,486.62
2025-12-03 16:00:00,11.3,454.54,0.0,465.84,4.22,461.62
2025-12-03 17:00:00,0.0,441.25,0.0,441.25,1.64,439.62
2025-12-03 18:00:00,0.0,464.38,0.0,464.38,0.0,464.38
2025-12-03 19:00:00,0.0,443.12,0.0,443.12,0.0,443.12
2025-12-03 20:00:00,0.0,414.38,0.0,414.38,0.0,414.38
2025-12-03 21:00:00,0.0,404.38,0.0,404.38,0.0,404.38
2025-12-03 22:00:00,0.0,391.88,0.0,391.88,0.0,391.88
2025-12-03 23:00:00,0.0,395.0,0.0,395.0,0.0,395.0
2025-12-04 00:00:00,0.0,374.38,0.0,374.38,0.0,374.38
2025-12-04 01:00:00,0.0,342.5,0.0,342.5,0.0,342.5
2025-12-04 02:00:00,0.0,365.0,0.0,365.0,0.0,365.0
2025-12-04 03:00:00,0.0,400.0,0.0,400.0,0.0,400.0
2025-12-04 04:00:00,0.0,382.5,0.0,382.5,0.0,382.5
2025-12-04 05:00:00,0.0,427.5,0.0,427.5,0.0,427.5
2025-12-04 06:00:00,0.0,445.62,0.0,445.62,0.0,445.62
2025-12-04 07:00:00,0.0,498.12,0.0,498.12,12.99,485.14
2025-12-04 08:00:00,3.01,555.87,0.0,558.88,50.45,508.43
2025-12-04 09:00:00,31.89,575.92,0.0,607.81,96.74,511.08
2025-12-04 10:00:00,54.69,542.31,0.0,597.0,95.97,501.03
2025-12-04 11:00:00,172.09,405.83,0.0,577.91,76.22,501.69
2025-12-04 12:00:00,155.11,392.14,0.0,547.25,52.04,495.21
2025-12-04 13:00:00,126.65,415.02,0.0,541.66,28.01,513.65
2025-12-04 14:00:00,46.28,472.96,0.0,519.24,23.94,495.29
2025-12-04 15:00:00,24.98,488.47,0.0,513.45,21.3,492.15
2025-12-04 16:00:00,2.98,469.12,0.0,472.11,14.43,457.68
2025-12-04 17:00:00,0.0,419.38,0.0,419.38,10.04,409.34
2025-12-04 18:00:00,0.0,446.88,0.0,446.88,1.06,445.82
2025-12-04 19:00:00,0.0,436.88,0.0,436.88,0.0,436.88
2025-12-04 20:00:00,0.0,395.62,0.0,395.62,0.0,395.62
2025-12-04 21:00:00,0.0,412.5,0.0,412.5,0.0,412.5
2025-12-04 22:00:00,0.0,409.38,0.0,409.38,0.0,409.38
2025-12-04 23:00:00,0.0,412.5,0.0,412.5,0.0,412.5
2025-12-05 00:00:00,0.0,389.38,0.0,389.38,0.0,389.38
2025-12-05 01:00:00,0.0,376.88,0.0,376.88,0.0,376.88
2025-12-05 02:00:00,0.0,388.75,0.0,388.75,0.0,388.75
2025-12-05 03:00:00,0.0,425.62,0.0,425.62,0.0,425.62
2025-12-05 04:00:00,0.0,439.38,0.0,439.38,0.0,439.38
2025-12-05 05:00:00,0.0,453.12,0.0,453.12,0.0,453.12
2025-12-05 06:00:00,0.0,490.0,0.0,490.0,4.2,485.8
2025-12-05 07:00:00,0.0,488.12,0.0,488.12,32.78,455.35
2025-12-05 08:00:00,0.21,519.18,0.0,519.39,62.09,457.3
2025-12-05 09:00:00,12.62,515.59,0.0,528.21,83.32,444.89
2025-12-05 10:00:00,33.97,505.72,0.0,539.69,73.27,466.42
2025-12-05 11:00:00,59.22,439.27,0.0,498.49,62.93,435.56
2025-12-05 12:00:00,48.36,333.01,0.0,381.38,23.18,358.2
2025-12-05 13:00:00,45.29,301.24,0.0,346.53,19.31,327.22
2025-12-05 14:00:00,37.25,262.02,0.0,299.27,16.04,283.23
2025-12-05 15:00:00,14.52,278.93,0.0,293.45,13.94,279.52
2025-12-05 16:00:00,1.14,264.15,0.0,265.29,5.82,259.47
2025-12-05 17:00:00,0.0,220.62,0.0,220.62,0.0,220.62
2025-12-05 18:00:00,0.0,216.88,0.0,216.88,0.87,216.0
2025-12-05 19:00:00,0.0,186.88,0.0,186.88,0.0,186.88
2025-12-05 20:00:00,0.0,133.12,0.0,133.12,0.0,133.12
2025-12-05 21:00:00,0.0,70.62,0.0,70.62,0.0,70.62
2025-12-05 22:00:00,0.0,80.62,0.0,80.62,0.0,80.62
2025-12-05 23:00:00,0.0,81.88,0.0,81.88,0.0,81.88
2025-12-06 00:00:00,0.0,80.0,0.0,80.0,0.0,80.0
2025-12-06 01:00:00,0.0,75.62,0.0,75.62,0.0,75.62
2025-12-06 02:00:00,0.0,77.5,0.0,77.5,0.0,77.5
2025-12-06 03:00:00,0.0,69.38,0.0,69.38,0.0,69.38
2025-12-06 04:00:00,0.0,65.62,0.0,65.62,0.0,65.62
2025-12-06 05:00:00,0.0,66.25,0.0,66.25,0.0,66.25
2025-12-06 06:00:00,0.0,75.0,0.0,75.0,0.0,75.0
2025-12-06 07:00:00,0.0,88.75,0.0,88.75,0.0,88.75
2025-12-06 08:00:00,2.71,94.76,0.0,97.48,0.0,97.48
2025-12-06 09:00:00,51.72,39.28,0.0,91.0,0.0,91.0
2025-12-06 10:00:00,145.37,0.0,59.51,85.87,0.0,85.87
2025-12-06 11:00:00,250.66,0.0,118.89,131.76,0.0,131.76
2025-12-06 12:00:00,281.86,0.0,143.64,138.21,0.0,138.21
2025-12-06 13:00:00,200.42,0.0,18.09,182.33,0.43,181.9
2025-12-06 14:00:00,213.29,0.0,27.27,186.02,72.48,113.54
2025-12-06 15:00:00,68.19,131.73,0.0,199.92,77.35,122.57
2025-12-06 16:00:00,9.17,152.8,0.0,161.98,37.99,123.99
2025-12-06 17:00:00,0.0,85.0,0.0,85.0,11.17,73.83
2025-12-06 18:00:00,0.0,65.62,0.0,65.62,0.0,65.62
2025-12-06 19:00:00,0.0,58.75,0.0,58.75,0.0,58.75
2025-12-06 20:00:00,0.0,55.62,0.0,55.62,0.0,55.62
2025-12-06 21:00:00,0.0,60.62,0.0,60.62,0.0,60.62
2025-12-06 22:00:00,0.0,55.0,0.0,55.0,0.0,55.0
2025-12-06 23:00:00,0.0,53.75,0.0,53.75,0.0,53.75
2025-12-07 00:00:00,0.0,53.12,0.0,53.12,0.0,53.12
2025-12-07 01:00:00,0.0,66.88,0.0,66.88,0.0,66.88
2025-12-07 02:00:00,0.0,64.38,0.0,64.38,0.0,64.38
2025-12-07 03:00:00,0.0,61.25,0.0,61.25,0.0,61.25
2025-12-07 04:00:00,0.0,60.0,0.0,60.0,0.0,60.0
2025-12-07 05:00:00,0.0,55.62,0.0,55.62,0.0,55.62
2025-12-07 06:00:00,0.0,56.25,0.0,56.25,0.0,56.25
2025-12-07 07:00:00,0.0,55.62,0.0,55.62,0.0,55.62
2025-12-07 08:00:00,2.01,58.76,0.0,60.77,0.0,60.77
2025-12-07 09:00:00,38.41,16.78,0.0,55.18,0.0,55.18
2025-12-07 10:00:00,102.45,0.0,49.45,52.99,0.0,52.99
2025-12-07 11:00:00,153.62,0.0,69.65,83.98,0.0,83.98
2025-12-07 12:00:00,61.77,14.22,0.0,75.99,0.0,75.99
2025-12-07 13:00:00,63.82,2.42,0.0,66.25,0.0,66.25
2025-12-07 14:00:00,41.21,14.42,0.0,55.64,0.0,55.64
2025-12-07 15:00:00,8.96,41.92,0.0,50.88,0.0,50.88
2025-12-07 16:00:00,0.88,54.93,0.0,55.8,0.0,55.8
2025-12-07 17:00:00,0.0,55.0,0.0,55.0,0.0,55.0
2025-12-07 18:00:00,0.0,99.38,0.0,99.38,0.0,99.38
2025-12-07 19:00:00,0.0,116.88,0.0,116.88,0.0,116.88
2025-12-07 20:00:00,0.0,98.75,0.0,98.75,0.0,98.75
2025-12-07 21:00:00,0.0,193.75,0.0,193.75,0.0,193.75
2025-12-07 22:00:00,0.0,275.62,0.0,275.62,0.0,275.62
2025-12-07 23:00:00,0.0,300.0,0.0,300.0,0.0,300.0
2025-12-08 00:00:00,0.0,302.5,0.0,302.5,0.0,302.5
2025-12-08 01:00:00,0.0,271.88,0.0,271.88,0.0,271.88
2025-12-08 02:00:00,0.0,302.5,0.0,302.5,0.0,302.5
2025-12-08 03:00:00,0.0,313.12,0.0,313.12,0.0,313.12
2025-12-08 04:00:00,0.0,333.12,0.0,333.12,0.0,333.12
2025-12-08 05:00:00,0.0,413.75,0.0,413.75,0.0,413.75
2025-12-08 06:00:00,0.0,405.62,0.0,405.62,0.0,405.62
2025-12-08 07:00:00,0.0,443.75,0.0,443.75,3.16,440.58
2025-12-08 08:00:00,0.61,540.9,0.0,541.51,70.12,471.38
2025-12-08 09:00:00,12.84,573.36,0.0,586.2,121.05,465.15
2025-12-08 10:00:00,58.62,538.27,0.0,596.89,101.08,495.81
2025-12-08 11:00:00,175.34,438.29,0.0,613.63,80.18,533.45
2025-12-08 12:00:00,94.28,469.14,0.0,563.42,95.71,467.7
2025-12-08 13:00:00,96.55,426.56,0.0,523.11,66.59,456.52
2025-12-08 14:00:00,133.08,379.32,0.0,512.39,35.03,477.36
2025-12-08 15:00:00,44.37,445.77,0.0,490.14,23.08,467.06
2025-12-08 16:00:00,7.71,427.36,0.0,435.07,13.0,422.08
2025-12-08 17:00:00,0.0,360.62,0.0,360.62,11.78,348.84
2025-12-08 18:00:00,0.0,408.75,0.0,408.75,5.58,403.17
2025-12-08 19:00:00,0.0,395.62,0.0,395.62,0.0,395.62
2025-12-08 20:00:00,0.0,395.62,0.0,395.62,0.0,395.62
2025-12-08 21:00:00,0.0,371.25,0.0,371.25,0.0,371.25
2025-12-08 22:00:00,0.0,375.0,0.0,375.0,0.0,375.0
2025-12-08 23:00:00,0.0,376.88,0.0,376.88,0.0,376.88
2025-12-09 00:00:00,0.0,383.75,0.0,383.75,0.0,383.75
2025-12-09 01:00:00,0.0,366.88,0.0,366.88,0.0,366.88
2025-12-09 02:00:00,0.0,376.25,0.0,376.25,0.0,376.25
2025-12-09 03:00:00,0.0,371.25,0.0,371.25,0.0,371.25
2025-12-09 04:00:00,0.0,382.5,0.0,382.5,0.0,382.5
2025-12-09 05:00:00,0.0,398.12,0.0,398.12,0.0,398.12
2025-12-09 06:00:00,0.0,455.0,0.0,455.0,1.08,453.92
2025-12-09 07:00:00,0.0,490.0,0.0,490.0,14.1,475.9
2025-12-09 08:00:00,1.5,557.87,0.0,559.37,77.07,482.3
2025-12-09 09:00:00,24.85,561.69,0.0,586.55,130.8,455.74
2025-12-09 10:00:00,55.89,542.1,0.0,597.99,135.04,462.95
2025-12-09 11:00:00,129.13,410.28,0.0,539.41,104.18,435.23
2025-12-09 12:00:00,107.2,362.26,0.0,469.46,49.83,419.63
2025-12-09 13:00:00,42.92,425.2,0.0,468.12,23.14,444.99
2025-12-09 14:00:00,28.48,397.29,0.0,425.78,21.98,403.8
2025-12-09 15:00:00,17.11,427.76,0.0,444.87,15.37,429.5
2025-12-09 16:00:00,0.56,422.05,0.0,422.61,0.0,422.61
2025-12-09 17:00:00,0.0,378.75,0.0,378.75,1.26,377.49
2025-12-09 18:00:00,0.0,378.12,0.0,378.12,0.0,378.12
2025-12-09 19:00:00,0.0,416.25,0.0,416.25,0.0,416.25
2025-12-09 20:00:00,0.0,336.25,0.0,336.25,0.0,336.25
2025-12-09 21:00:00,0.0,323.12,0.0,323.12,0.0,323.12
2025-12-09 22:00:00,0.0,375.62,0.0,375.62,0.0,375.62
2025-12-09 23:00:00,0.0,326.88,0.0,326.88,0.0,326.88
2025-12-10 00:00:00,0.0,331.88,0.0,331.88,0.0,331.88
2025-12-10 01:00:00,0.0,334.38,0.0,334.38,0.0,334.38
2025-12-10 02:00:00,0.0,366.88,0.0,366.88,0.0,366.88
2025-12-10 03:00:00,0.0,366.25,0.0,366.25,0.0,366.25
2025-12-10 04:00:00,0.0,364.38,0.0,364.38,0.0,364.37
2025-12-10 05:00:00,0.0,368.12,0.0,368.12,0.0,368.12
2025-12-10 06:00:00,0.0,390.62,0.0,390.62,0.0,390.62
2025-12-10 07:00:00,0.0,376.88,0.0,376.88,0.5,376.37
2025-12-10 08:00:00,0.0,454.29,0.0,454.29,57.42,396.87
2025-12-10 09:00:00,3.82,454.12,0.0,457.94,88.04,369.9
2025-12-10 10:00:00,16.33,470.19,0.0,486.52,79.34,407.18
2025-12-10 11:00:00,34.24,433.44,0.0,467.68,59.74,407.94
2025-12-10 12:00:00,47.39,456.25,0.0,503.64,37.4,466.23
2025-12-10 13:00:00,44.88,445.15,0.0,490.03,20.28,469.76
2025-12-10 14:00:00,28.59,477.17,0.0,505.77,4.52,501.25
2025-12-10 15:00:00,10.03,513.07,0.0,523.1,5.06,518.04
2025-12-10 16:00:00,0.65,552.37,0.0,553.02,11.38,541.64
2025-12-10 17:00:00,0.0,479.38,0.0,479.38,0.65,478.72
2025-12-10 18:00:00,0.0,498.12,0.0,498.12,0.0,498.12
2025-12-10 19:00:00,0.0,468.12,0.0,468.12,0.0,468.12
2025-12-10 20:00:00,0.0,435.62,0.0,435.62,0.0,435.62
2025-12-10 21:00:00,0.0,411.88,0.0,411.88,0.0,411.88
2025-12-10 22:00:00,0.0,433.75,0.0,433.75,0.0,433.75
2025-12-10 23:00:00,0.0,433.12,0.0,433.12,0.0,433.12
2025-12-11 00:00:00,0.0,420.62,0.0,420.62,0.0,420.62
2025-12-11 01:00:00,0.0,415.62,0.0,415.62,0.0,415.62
2025-12-11 02:00:00,0.0,410.62,0.0,410.62,0.0,410.62
2025-12-11 03:00:00,0.0,426.88,0.0,426.88,0.0,426.88
2025-12-11 04:00:00,0.0,415.0,0.0,415.0,0.0,415.0
2025-12-11 05:00:00,0.0,407.5,0.0,407.5,0.0,407.5
2025-12-11 06:00:00,0.0,450.0,0.0,450.0,1.14,448.86
2025-12-11 07:00:00,0.0,451.25,0.0,451.25,7.41,443.84
2025-12-11 08:00:00,0.03,515.18,0.0,515.21,42.94,472.26
2025-12-11 09:00:00,8.98,550.9,0.0,559.88,71.8,488.08
2025-12-11 10:00:00,28.96,504.0,0.0,532.95,26.86,506.09
2025-12-11 11:00:00,36.71,476.71,0.0,513.42,16.7,496.71
2025-12-11 12:00:00,49.27,439.69,0.0,488.96,24.83,464.14
2025-12-11 13:00:00,42.56,458.79,0.0,501.35,26.71,474.64
2025-12-11 14:00:00,23.3,489.91,0.0,513.21,25.26,487.95
2025-12-11 15:00:00,13.81,513.16,0.0,526.97,21.12,505.84
2025-12-11 16:00:00,1.85,508.27,0.0,510.12,10.65,499.47
2025-12-11 17:00:00,0.0,470.0,0.0,470.0,3.44,466.56
2025-12-11 18:00:00,0.0,443.75,0.0,443.75,0.0,443.75
2025-12-11 19:00:00,0.0,269.38,0.0,269.38,0.0,269.38
2025-12-11 20:00:00,0.0,140.62,0.0,140.62,0.0,140.62
2025-12-11 21:00:00,0.0,68.75,0.0,68.75,0.0,68.75
2025-12-11 22:00:00,0.0,69.38,0.0,69.38,0.0,69.38
2025-12-11 23:00:00,0.0,69.38,0.0,69.38,0.0,69.38
2025-12-12 00:00:00,0.0,66.88,0.0,66.88,0.0,66.88
2025-12-12 01:00:00,0.0,62.5,0.0,62.5,0.0,62.5
2025-12-12 02:00:00,0.0,58.75,0.0,58.75,0.0,58.75
2025-12-12 03:00:00,0.0,63.75,0.0,63.75,0.0,63.75
2025-12-12 04:00:00,0.0,80.0,0.0,80.0,0.0,80.0
2025-12-12 05:00:00,0.0,90.62,0.0,90.62,3.55,87.07
2025-12-12 06:00:00,0.0,113.75,0.0,113.75,17.67,96.08
2025-12-12 07:00:00,0.0,141.25,0.0,141.25,32.69,108.56
2025-12-12 08:00:00,0.66,184.65,0.0,185.32,70.74,114.58
2025-12-12 09:00:00,27.26,164.35,0.0,191.61,77.98,113.62
2025-12-12 10:00:00,88.33,88.34,0.0,176.66,64.02,112.64
2025-12-12 11:00:00,92.83,70.99,0.0,163.81,41.95,121.86
2025-12-12 12:00:00,114.54,33.11,0.0,147.66,11.66,136.0
2025-12-12 13:00:00,66.94,114.29,0.0,181.23,9.16,172.07
2025-12-12 14:00:00,37.61,88.45,0.0,126.06,6.22,119.84
2025-12-12 15:00:00,14.22,87.43,0.0,101.66,0.0,101.66
2025-12-12 16:00:00,2.48,87.65,0.0,90.13,0.0,90.13
2025-12-12 17:00:00,0.0,80.0,0.0,80.0,0.31,79.69
2025-12-12 18:00:00,0.0,71.25,0.0,71.25,0.0,71.25
2025-12-12 19:00:00,0.0,60.62,0.0,60.62,0.0,60.62
2025-12-12 20:00:00,0.0,60.0,0.0,60.0,0.0,60.0
2025-12-12 21:00:00,0.0,59.38,0.0,59.38,0.0,59.38
2025-12-12 22:00:00,0.0,59.38,0.0,59.38,0.0,59.38
2025-12-12 23:00:00,0.0,65.0,0.0,65.0,0.0,65.0
2025-12-13 00:00:00,0.0,65.62,0.0,65.62,0.0,65.62
2025-12-13 01:00:00,0.0,61.88,0.0,61.88,0.0,61.88
2025-12-13 02:00:00,0.0,57.5,0.0,57.5,0.0,57.5
2025-12-13 03:00:00,0.0,58.12,0.0,58.12,0.0,58.12
2025-12-13 04:00:00,0.0,59.38,0.0,59.38,0.0,59.38
2025-12-13 05:00:00,0.0,58.12,0.0,58.12,0.0,58.12
2025-12-13 06:00:00,0.0,63.12,0.0,63.12,0.0,63.12
2025-12-13 07:00:00,0.0,66.25,0.0,66.25,0.0,66.25
2025-12-13 08:00:00,0.0,64.79,0.0,64.79,0.0,64.79
2025-12-13 09:00:00,3.92,61.97,0.0,65.89,0.0,65.89
2025-12-13 10:00:00,31.52,34.3,0.0,65.81,0.0,65.81
2025-12-13 11:00:00,21.74,111.8,0.0,133.54,0.0,133.54
2025-12-13 12:00:00,37.99,130.8,0.0,168.79,0.0,168.79
2025-12-13 13:00:00,33.09,234.24,0.0,267.33,0.0,267.33
2025-12-13 14:00:00,19.89,153.31,0.0,173.2,0.0,173.2
2025-12-13 15:00:00,15.68,55.69,0.0,71.37,0.0,71.37
2025-12-13 16:00:00,1.54,56.83,0.0,58.37,0.0,58.37
2025-12-13 17:00:00,0.0,63.12,0.0,63.12,0.0,63.12
2025-12-13 18:00:00,0.0,68.75,0.0,68.75,0.0,68.75
2025-12-13 19:00:00,0.0,64.38,0.0,64.38,0.0,64.38
2025-12-13 20:00:00,0.0,62.5,0.0,62.5,0.0,62.5
2025-12-13 21:00:00,0.0,55.0,0.0,55.0,0.0,55.0
2025-12-13 22:00:00,0.0,60.62,0.0,60.62,0.0,60.62
2025-12-13 23:00:00,0.0,60.0,0.0,60.0,0.0,60.0
2025-12-14 00:00:00,0.0,55.0,0.0,55.0,0.0,55.0
2025-12-14 01:00:00,0.0,55.0,0.0,55.0,0.0,55.0
2025-12-14 02:00:00,0.0,58.75,0.0,58.75,0.0,58.75
2025-12-14 03:00:00,0.0,68.12,0.0,68.12,0.0,68.12
2025-12-14 04:00:00,0.0,72.5,0.0,72.5,0.0,72.5
2025-12-14 05:00:00,0.0,68.12,0.0,68.12,0.0,68.12
2025-12-14 06:00:00,0.0,61.25,0.0,61.25,0.0,61.25
2025-12-14 07:00:00,0.0,55.62,0.0,55.62,0.0,55.62
2025-12-14 08:00:00,0.7,61.8,0.0,62.51,0.0,62.51
2025-12-14 09:00:00,15.87,38.98,0.0,54.85,0.0,54.85
2025-12-14 10:00:00,53.58,18.75,0.0,72.33,0.0,72.33
2025-12-14 11:00:00,88.15,15.43,0.0,103.58,0.0,103.58
2025-12-14 12:00:00,78.42,62.96,0.0,141.38,0.0,141.38
2025-12-14 13:00:00,69.91,10.85,0.0,80.76,0.0,80.76
2025-12-14 14:00:00,36.39,17.36,0.0,53.75,0.0,53.75
2025-12-14 15:00:00,29.23,29.36,0.0,58.59,0.0,58.59
2025-12-14 16:00:00,6.36,49.76,0.0,56.12,0.0,56.12
2025-12-14 17:00:00,0.0,56.88,0.0,56.88,0.0,56.88
2025-12-14 18:00:00,0.0,98.75,0.0,98.75,0.0,98.75
2025-12-14 19:00:00,0.0,128.75,0.0,128.75,0.0,128.75
2025-12-14 20:00:00,0.0,108.12,0.0,108.12,0.0,108.12
2025-12-14 21:00:00,0.0,155.62,0.0,155.62,0.0,155.62
2025-12-14 22:00:00,0.0,259.38,0.0,259.38,0.0,259.38
2025-12-14 23:00:00,0.0,230.62,0.0,230.62,0.0,230.62
2025-12-15 00:00:00,0.0,246.25,0.0,246.25,0.0,246.25
2025-12-15 01:00:00,0.0,246.88,0.0,246.88,0.0,246.88
2025-12-15 02:00:00,0.0,271.25,0.0,271.25,0.0,271.25
2025-12-15 03:00:00,0.0,318.12,0.0,318.12,0.0,318.12
2025-12-15 04:00:00,0.0,318.75,0.0,318.75,0.0,318.75
2025-12-15 05:00:00,0.0,382.5,0.0,382.5,0.0,382.5
2025-12-15 06:00:00,0.0,410.62,0.0,410.62,0.36,410.26
2025-12-15 07:00:00,0.0,452.5,0.0,452.5,21.87,430.63
2025-12-15 08:00:00,2.59,526.26,0.0,528.85,93.4,435.45
2025-12-15 09:00:00,51.2,525.38,0.0,576.58,118.18,458.4
2025-12-15 10:00:00,52.9,541.73,0.0,594.63,107.06,487.57
2025-12-15 11:00:00,58.5,503.11,0.0,561.61,67.92,493.69
2025-12-15 12:00:00,112.98,404.15,0.0,517.13,56.28,460.85
2025-12-15 13:00:00,137.28,392.69,0.0,529.97,57.23,472.74
2025-12-15 14:00:00,93.81,422.79,0.0,516.61,53.12,463.49
2025-12-15 15:00:00,58.16,435.71,0.0,493.87,31.72,462.14
2025-12-15 16:00:00,10.3,476.36,0.0,486.67,13.99,472.68
2025-12-15 17:00:00,0.0,444.38,0.0,444.38,0.94,443.44
2025-12-15 18:00:00,0.0,455.0,0.0,455.0,0.0,455.0
2025-12-15 19:00:00,0.0,515.62,0.0,515.62,0.0,515.62
2025-12-15 20:00:00,0.0,496.25,0.0,496.25,0.0,496.25
2025-12-15 21:00:00,0.0,434.38,0.0,434.38,0.0,434.38
2025-12-15 22:00:00,0.0,487.5,0.0,487.5,0.0,487.5
2025-12-15 23:00:00,0.0,490.0,0.0,490.0,0.0,490.0
2025-12-16 00:00:00,0.0,466.88,0.0,466.88,0.0,466.88
2025-12-16 01:00:00,0.0,458.75,0.0,458.75,0.0,458.75
2025-12-16 02:00:00,0.0,483.75,0.0,483.75,0.0,483.75
2025-12-16 03:00:00,0.0,497.5,0.0,497.5,0.0,497.5
2025-12-16 04:00:00,0.0,435.62,0.0,435.62,0.0,435.62
2025-12-16 05:00:00,0.0,468.75,0.0,468.75,0.0,468.75
2025-12-16 06:00:00,0.0,445.0,0.0,445.0,0.0,445.0
2025-12-16 07:00:00,0.0,453.12,0.0,453.12,14.33,438.8
2025-12-16 08:00:00,0.35,546.93,0.0,547.28,67.77,479.51
2025-12-16 09:00:00,19.04,580.62,0.0,599.65,130.45,469.2
2025-12-16 10:00:00,45.59,526.29,0.0,571.88,137.92,433.96
2025-12-16 11:00:00,120.08,502.01,0.0,622.09,124.89,497.2
2025-12-16 12:00:00,132.3,438.06,0.0,570.36,72.57,497.79
2025-12-16 13:00:00,99.17,367.24,0.0,466.41,25.64,440.77
2025-12-16 14:00:00,127.0,306.36,0.0,433.35,18.23,415.12
2025-12-16 15:00:00,29.69,340.4,0.0,370.09,12.43,357.65
2025-12-16 16:00:00,2.46,355.59,0.0,358.05,2.34,355.72
2025-12-16 17:00:00,0.0,308.12,0.0,308.12,0.52,307.6
2025-12-16 18:00:00,0.0,365.62,0.0,365.62,0.0,365.62
2025-12-16 19:00:00,0.0,371.25,0.0,371.25,0.0,371.25
2025-12-16 20:00:00,0.0,333.12,0.0,333.12,0.0,333.12
2025-12-16 21:00:00,0.0,305.0,0.0,305.0,0.0,305.0
2025-12-16 22:00:00,0.0,293.12,0.0,293.12,0.0,293.12
2025-12-16 23:00:00,0.0,307.5,0.0,307.5,0.0,307.5
2025-12-17 00:00:00,0.0,305.62,0.0,305.62,0.0,305.62
2025-12-17 01:00:00,0.0,269.38,0.0,269.38,0.0,269.38
2025-12-17 02:00:00,0.0,317.5,0.0,317.5,0.0,317.5
2025-12-17 03:00:00,0.0,323.75,0.0,323.75,0.0,323.75
2025-12-17 04:00:00,0.0,312.5,0.0,312.5,0.0,312.5
2025-12-17 05:00:00,0.0,331.25,0.0,331.25,0.0,331.25
2025-12-17 06:00:00,0.0,336.88,0.0,336.88,0.0,336.88
2025-12-17 07:00:00,0.0,350.62,0.0,350.62,8.05,342.57
2025-12-17 08:00:00,0.45,392.56,0.0,393.01,29.57,363.43
2025-12-17 09:00:00,18.69,415.06,0.0,433.76,64.04,369.72
2025-12-17 10:00:00,52.55,420.74,0.0,473.29,57.0,416.29
2025-12-17 11:00:00,64.4,412.09,0.0,476.48,43.85,432.63
2025-12-17 12:00:00,203.35,164.39,0.0,367.74,19.05,348.69
2025-12-17 13:00:00,264.11,141.34,0.0,405.45,6.92,398.53
2025-12-17 14:00:00,47.85,373.61,0.0,421.46,0.0,421.46
2025-12-17 15:00:00,13.99,360.86,0.0,374.85,0.4,374.44
2025-12-17 16:00:00,0.33,337.12,0.0,337.45,0.0,337.45
2025-12-17 17:00:00,0.0,308.75,0.0,308.75,0.75,308.0
2025-12-17 18:00:00,0.0,372.5,0.0,372.5,3.66,368.84
2025-12-17 19:00:00,0.0,386.25,0.0,386.25,3.65,382.6
2025-12-17 20:00:00,0.0,390.62,0.0,390.62,3.36,387.26
2025-12-17 21:00:00,0.0,311.25,0.0,311.25,0.0,311.25
2025-12-17 22:00:00,0.0,321.88,0.0,321.88,0.0,321.88
2025-12-17 23:00:00,0.0,330.0,0.0,330.0,0.0,330.0
2025-12-18 00:00:00,0.0,336.88,0.0,336.88,0.0,336.88
2025-12-18 01:00:00,0.0,308.75,0.0,308.75,0.0,308.75
2025-12-18 02:00:00,0.0,343.12,0.0,343.12,0.0,343.12
2025-12-18 03:00:00,0.0,359.38,0.0,359.38,0.0,359.38
2025-12-18 04:00:00,0.0,363.12,0.0,363.12,0.0,363.12
2025-12-18 05:00:00,0.0,388.12,0.0,388.12,0.0,388.12
2025-12-18 06:00:00,0.0,404.38,0.0,404.38,1.26,403.12
2025-12-18 07:00:00,0.0,407.5,0.0,407.5,36.52,370.98
2025-12-18 08:00:00,0.29,511.77,0.0,512.06,99.22,412.84
2025-12-18 09:00:00,20.22,566.13,0.0,586.35,140.7,445.65
2025-12-18 10:00:00,44.74,541.3,0.0,586.04,121.76,464.28
2025-12-18 11:00:00,84.02,442.64,0.0,526.66,97.41,429.25
2025-12-18 12:00:00,62.72,359.35,0.0,422.07,47.23,374.84
2025-12-18 13:00:00,76.99,353.05,0.0,430.04,23.23,406.81
2025-12-18 14:00:00,51.12,416.9,0.0,468.02,22.25,445.78
2025-12-18 15:00:00,30.33,449.17,0.0,479.5,22.24,457.26
2025-12-18 16:00:00,4.88,443.91,0.0,448.79,22.33,426.46
2025-12-18 17:00:00,0.0,310.0,0.0,310.0,2.97,307.03
2025-12-18 18:00:00,0.0,346.88,0.0,346.88,0.0,346.88
2025-12-18 19:00:00,0.0,275.62,0.0,275.62,0.0,275.62
2025-12-18 20:00:00,0.0,285.0,0.0,285.0,0.0,285.0
2025-12-18 21:00:00,0.0,291.25,0.0,291.25,0.0,291.25
2025-12-18 22:00:00,0.0,307.5,0.0,307.5,0.0,307.5
2025-12-18 23:00:00,0.0,295.62,0.0,295.62,0.0,295.62
2025-12-19 00:00:00,0.0,309.38,0.0,309.38,0.0,309.38
2025-12-19 01:00:00,0.0,255.0,0.0,255.0,0.0,255.0
2025-12-19 02:00:00,0.0,287.5,0.0,287.5,0.0,287.5
2025-12-19 03:00:00,0.0,290.0,0.0,290.0,0.0,290.0
2025-12-19 04:00:00,0.0,255.62,0.0,255.62,0.0,255.62
2025-12-19 05:00:00,0.0,271.25,0.0,271.25,0.0,271.25
2025-12-19 06:00:00,0.0,240.62,0.0,240.62,4.13,236.5
2025-12-19 07:00:00,0.0,291.25,0.0,291.25,27.48,263.77
2025-12-19 08:00:00,0.04,409.34,0.0,409.38,66.26,343.12
2025-12-19 09:00:00,3.3,426.38,0.0,429.67,75.32,354.35
2025-12-19 10:00:00,70.27,412.23,0.0,482.5,55.43,427.07
2025-12-19 11:00:00,138.84,295.73,0.0,434.57,31.76,402.81
2025-12-19 12:00:00,124.04,280.34,0.0,404.38,21.32,383.06
2025-12-19 13:00:00,107.03,306.72,0.0,413.75,55.9,357.85
2025-12-19 14:00:00,106.86,315.22,0.0,422.08,67.17,354.9
2025-12-19 15:00:00,45.75,370.77,0.0,416.52,65.08,351.45
2025-12-19 16:00:00,4.25,321.62,0.0,325.87,46.37,279.5
2025-12-19 17:00:00,0.0,286.25,0.0,286.25,34.84,251.42
2025-12-19 18:00:00,0.0,294.38,0.0,294.38,19.03,275.34
2025-12-19 19:00:00,0.0,173.12,0.0,173.12,2.56,170.57
2025-12-19 20:00:00,0.0,113.12,0.0,113.12,0.0,113.12
2025-12-19 21:00:00,0.0,71.88,0.0,71.88,0.0,71.88
2025-12-19 22:00:00,0.0,67.5,0.0,67.5,0.0,67.5
2025-12-19 23:00:00,0.0,63.75,0.0,63.75,0.0,63.75
2025-12-20 00:00:00,0.0,70.62,0.0,70.62,0.0,70.62
2025-12-20 01:00:00,0.0,73.12,0.0,73.12,0.0,73.12
2025-12-20 02:00:00,0.0,68.75,0.0,68.75,0.0,68.75
2025-12-20 03:00:00,0.0,63.12,0.0,63.12,0.0,63.12
2025-12-20 04:00:00,0.0,62.5,0.0,62.5,0.0,62.5
2025-12-20 05:00:00,0.0,63.12,0.0,63.12,0.0,63.12
2025-12-20 06:00:00,0.0,68.12,0.0,68.12,0.0,68.12
2025-12-20 07:00:00,0.0,75.0,0.0,75.0,0.0,75.0
2025-12-20 08:00:00,1.78,77.5,0.0,79.28,0.0,79.28
2025-12-20 09:00:00,50.42,22.19,0.0,72.6,0.0,72.6
2025-12-20 10:00:00,154.82,0.0,37.72,117.1,0.0,117.1
2025-12-20 11:00:00,249.78,0.0,88.19,161.59,0.0,161.59
2025-12-20 12:00:00,201.25,0.0,23.04,178.2,0.0,178.2
2025-12-20 13:00:00,246.24,0.0,68.24,178.0,0.0,178.0
2025-12-20 14:00:00,122.73,0.0,26.69,96.04,0.0,96.04
2025-12-20 15:00:00,60.22,1.77,0.0,61.99,0.0,61.99
2025-12-20 16:00:00,8.47,54.28,0.0,62.76,0.0,62.76
2025-12-20 17:00:00,0.0,63.75,0.0,63.75,0.0,63.75
2025-12-20 18:00:00,0.0,60.0,0.0,60.0,0.0,60.0
2025-12-20 19:00:00,0.0,66.88,0.0,66.88,0.0,66.88
2025-12-20 20:00:00,0.0,65.0,0.0,65.0,0.0,65.0
2025-12-20 21:00:00,0.0,61.25,0.0,61.25,0.0,61.25
2025-12-20 22:00:00,0.0,60.62,0.0,60.62,0.0,60.62
2025-12-20 23:00:00,0.0,63.75,0.0,63.75,0.0,63.75
2025-12-21 00:00:00,0.0,66.88,0.0,66.88,0.0,66.88
2025-12-21 01:00:00,0.0,64.38,0.0,64.38,0.0,64.38
2025-12-21 02:00:00,0.0,60.0,0.0,60.0,0.0,60.0
2025-12-21 03:00:00,0.0,55.0,0.0,55.0,0.0,55.0
2025-12-21 04:00:00,0.0,59.38,0.0,59.38,0.0,59.38
2025-12-21 05:00:00,0.0,58.75,0.0,58.75,0.0,58.75
2025-12-21 06:00:00,0.0,56.25,0.0,56.25,0.0,56.25
2025-12-21 07:00:00,0.0,55.62,0.0,55.62,0.0,55.62
2025-12-21 08:00:00,0.59,57.17,0.0,57.76,0.0,57.76
2025-12-21 09:00:00,19.64,55.03,0.0,74.67,0.0,74.67
2025-12-21 10:00:00,47.04,97.86,0.0,144.9,0.0,144.9
2025-12-21 11:00:00,76.54,74.79,0.0,151.33,0.0,151.33
2025-12-21 12:00:00,58.55,50.7,0.0,109.25,0.0,109.25
2025-12-21 13:00:00,39.67,28.59,0.0,68.27,0.0,68.27
2025-12-21 14:00:00,15.58,38.8,0.0,54.38,0.0,54.38
2025-12-21 15:00:00,11.62,41.85,0.0,53.47,0.0,53.47
2025-12-21 16:00:00,1.69,56.89,0.0,58.58,0.0,58.58
2025-12-21 17:00:00,0.0,62.5,0.0,62.5,0.0,62.5
2025-12-21 18:00:00,0.0,64.38,0.0,64.38,0.0,64.38
2025-12-21 19:00:00,0.0,65.62,0.0,65.62,0.0,65.62
2025-12-21 20:00:00,0.0,58.12,0.0,58.12,0.0,58.12
2025-12-21 21:00:00,0.0,61.25,0.0,61.25,0.0,61.25
2025-12-21 22:00:00,0.0,64.38,0.0,64.38,0.0,64.38
2025-12-21 23:00:00,0.0,60.62,0.0,60.62,0.0,60.62
2025-12-22 00:00:00,0.0,57.5,0.0,57.5,0.0,57.5
2025-12-22 01:00:00,0.0,60.0,0.0,60.0,0.0,60.0
2025-12-22 02:00:00,0.0,69.38,0.0,69.38,0.0,69.38
2025-12-22 03:00:00,0.0,79.38,0.0,79.38,0.0,79.38
2025-12-22 04:00:00,0.0,93.12,0.0,93.12,0.0,93.12
2025-12-22 05:00:00,0.0,113.12,0.0,113.12,0.0,113.12
2025-12-22 06:00:00,0.0,112.5,0.0,112.5,1.91,110.59
2025-12-22 07:00:00,0.0,141.88,0.0,141.88,18.19,123.69
2025-12-22 08:00:00,0.27,194.05,0.0,194.33,35.51,158.81
2025-12-22 09:00:00,11.64,248.72,0.0,260.36,76.92,183.44
2025-12-22 10:00:00,47.33,198.29,0.0,245.62,80.83,164.79
2025-12-22 11:00:00,131.13,124.66,0.0,255.79,61.34,194.45
2025-12-22 12:00:00,129.16,72.9,0.0,202.06,31.68,170.38
2025-12-22 13:00:00,67.0,103.8,0.0,170.8,37.1,133.71
2025-12-22 14:00:00,79.9,77.67,0.0,157.57,32.92,124.64
2025-12-22 15:00:00,42.34,76.16,0.0,118.5,18.37,100.13
2025-12-22 16:00:00,9.51,70.27,0.0,79.78,10.91,68.87
2025-12-22 17:00:00,0.0,62.5,0.0,62.5,3.65,58.85
2025-12-22 18:00:00,0.0,59.38,0.0,59.38,0.94,58.44
2025-12-22 19:00:00,0.0,41.88,0.0,41.88,0.0,41.88
2025-12-22 20:00:00,0.0,35.0,0.0,35.0,0.0,35.0
2025-12-22 21:00:00,0.0,38.12,0.0,38.12,0.0,38.12
2025-12-22 22:00:00,0.0,48.12,0.0,48.12,0.0,48.12
2025-12-22 23:00:00,0.0,46.25,0.0,46.25,0.0,46.25
2025-12-23 00:00:00,0.0,47.5,0.0,47.5,0.0,47.5
2025-12-23 01:00:00,0.0,46.88,0.0,46.88,0.0,46.88
2025-12-23 02:00:00,0.0,46.25,0.0,46.25,0.0,46.25
2025-12-23 03:00:00,0.0,48.12,0.0,48.12,0.0,48.12
2025-12-23 04:00:00,0.0,59.38,0.0,59.38,0.0,59.38
2025-12-23 05:00:00,0.0,73.75,0.0,73.75,1.83,71.92
2025-12-23 06:00:00,0.0,88.75,0.0,88.75,10.58,78.17
2025-12-23 07:00:00,0.0,112.5,0.0,112.5,17.84,94.66
2025-12-23 08:00:00,0.17,187.33,0.0,187.5,74.55,112.95
2025-12-23 09:00:00,19.63,165.21,0.0,184.83,82.64,102.19
2025-12-23 10:00:00,86.89,63.89,0.0,150.78,64.98,85.79
2025-12-23 11:00:00,105.18,36.65,0.0,141.83,54.98,86.85
2025-12-23 12:00:00,160.5,0.0,57.48,103.02,27.97,75.05
2025-12-23 13:00:00,142.06,0.0,64.73,77.33,8.5,68.82
2025-12-23 14:00:00,78.49,11.44,0.0,89.93,18.01,71.92
2025-12-23 15:00:00,33.64,50.95,0.0,84.59,12.43,72.16
2025-12-23 16:00:00,3.46,60.07,0.0,63.52,3.45,60.08
2025-12-23 17:00:00,0.0,42.5,0.0,42.5,0.0,42.5
2025-12-23 18:00:00,0.0,38.12,0.0,38.12,0.0,38.12
2025-12-23 19:00:00,0.0,28.75,0.0,28.75,0.0,28.75
2025-12-23 20:00:00,0.0,34.38,0.0,34.38,0.0,34.38
2025-12-23 21:00:00,0.0,40.62,0.0,40.62,0.0,40.62
2025-12-23 22:00:00,0.0,40.62,0.0,40.62,0.0,40.62
2025-12-23 23:00:00,0.0,30.0,0.0,30.0,0.0,30.0
2025-12-24 00:00:00,0.0,28.12,0.0,28.12,0.0,28.12
2025-12-24 01:00:00,0.0,27.5,0.0,27.5,0.0,27.5
2025-12-24 02:00:00,0.0,33.75,0.0,33.75,0.0,33.75
2025-12-24 03:00:00,0.0,40.0,0.0,40.0,0.0,40.0
2025-12-24 04:00:00,0.0,55.62,0.0,55.62,0.0,55.62
2025-12-24 05:00:00,0.0,56.25,0.0,56.25,0.0,56.25
2025-12-24 06:00:00,0.0,45.62,0.0,45.62,0.0,45.62
2025-12-24 07:00:00,0.0,65.0,0.0,65.0,4.58,60.42
2025-12-24 08:00:00,0.15,129.88,0.0,130.03,44.65,85.37
2025-12-24 09:00:00,14.89,116.56,0.0,131.45,51.52,79.93
2025-12-24 10:00:00,30.11,134.46,0.0,164.57,31.79,132.78
2025-12-24 11:00:00,47.86,213.51,0.0,261.36,0.69,260.68
2025-12-24 12:00:00,55.11,251.4,0.0,306.51,2.31,304.2
2025-12-24 13:00:00,31.12,255.15,0.0,286.27,8.68,277.59
2025-12-24 14:00:00,36.97,150.24,0.0,187.21,3.84,183.36
2025-12-24 15:00:00,0.0,72.15,0.0,72.15,0.0,72.15
2025-12-24 16:00:00,0.3,36.98,0.0,37.28,0.17,37.12
2025-12-24 17:00:00,0.0,36.25,0.0,36.25,0.0,36.25
2025-12-24 18:00:00,0.0,38.75,0.0,38.75,0.0,38.75
2025-12-24 19:00:00,0.0,35.0,0.0,35.0,0.0,35.0
2025-12-24 20:00:00,0.0,26.88,0.0,26.88,0.0,26.88
2025-12-24 21:00:00,0.0,33.12,0.0,33.12,0.0,33.12
2025-12-24 22:00:00,0.0,37.5,0.0,37.5,0.0,37.5
2025-12-24 23:00:00,0.0,38.75,0.0,38.75,0.0,38.75
2025-12-25 00:00:00,0.0,35.62,0.0,35.62,0.0,35.62
2025-12-25 01:00:00,0.0,40.62,0.0,40.62,0.0,40.62
2025-12-25 02:00:00,0.0,42.5,0.0,42.5,0.0,42.5
2025-12-25 03:00:00,0.0,36.88,0.0,36.88,0.0,36.88
2025-12-25 04:00:00,0.0,53.75,0.0,53.75,0.0,53.75
2025-12-25 05:00:00,0.0,63.75,0.0,63.75,0.0,63.75
2025-12-25 06:00:00,0.0,62.5,0.0,62.5,0.0,62.5
2025-12-25 07:00:00,0.0,60.0,0.0,60.0,0.0,60.0
2025-12-25 08:00:00,0.0,59.35,0.0,59.35,4.87,54.48
2025-12-25 09:00:00,2.43,64.94,0.0,67.38,10.7,56.68
2025-12-25 10:00:00,13.0,147.44,0.0,160.44,10.69,149.75
2025-12-25 11:00:00,25.67,238.36,0.0,264.03,10.68,253.34
2025-12-25 12:00:00,35.5,267.68,0.0,303.17,10.69,292.49
2025-12-25 13:00:00,35.1,243.47,0.0,278.57,10.68,267.89
2025-12-25 14:00:00,31.82,149.94,0.0,181.75,10.67,171.08
2025-12-25 15:00:00,13.79,58.58,0.0,72.37,6.32,66.05
2025-12-25 16:00:00,2.09,40.59,0.0,42.67,0.0,42.67
2025-12-25 17:00:00,0.0,36.88,0.0,36.88,0.0,36.88
2025-12-25 18:00:00,0.0,40.0,0.0,40.0,0.0,40.0
2025-12-25 19:00:00,0.0,28.75,0.0,28.75,0.0,28.75
2025-12-25 20:00:00,0.0,38.12,0.0,38.12,0.0,38.12
2025-12-25 21:00:00,0.0,35.62,0.0,35.62,0.0,35.62
2025-12-25 22:00:00,0.0,38.12,0.0,38.12,0.0,38.12
2025-12-25 23:00:00,0.0,33.75,0.0,33.75,0.0,33.75
2025-12-26 00:00:00,0.0,34.38,0.0,34.38,0.0,34.38
2025-12-26 01:00:00,0.0,33.12,0.0,33.12,0.0,33.12
2025-12-26 02:00:00,0.0,40.0,0.0,40.0,0.0,40.0
2025-12-26 03:00:00,0.0,37.5,0.0,37.5,0.0,37.5
2025-12-26 04:00:00,0.0,60.0,0.0,60.0,0.0,60.0
2025-12-26 05:00:00,0.0,63.12,0.0,63.12,0.0,63.12
2025-12-26 06:00:00,0.0,57.5,0.0,57.5,0.0,57.5
2025-12-26 07:00:00,0.0,55.0,0.0,55.0,0.0,55.0
2025-12-26 08:00:00,0.0,69.24,0.0,69.24,5.85,63.39
2025-12-26 09:00:00,4.69,62.73,0.0,67.42,10.65,56.77
2025-12-26 10:00:00,21.96,110.39,0.0,132.35,10.64,121.72
2025-12-26 11:00:00,44.65,205.43,0.0,250.09,10.63,239.45
2025-12-26 12:00:00,50.44,245.48,0.0,295.92,3.03,292.89
2025-12-26 13:00:00,52.53,224.73,0.0,277.26,0.0,277.26
2025-12-26 14:00:00,40.59,143.12,0.0,183.71,0.0,183.71
2025-12-26 15:00:00,16.58,57.13,0.0,73.71,0.02,73.7
2025-12-26 16:00:00,2.84,39.74,0.0,42.58,0.0,42.58
2025-12-26 17:00:00,0.0,46.88,0.0,46.88,0.0,46.88
2025-12-26 18:00:00,0.0,38.75,0.0,38.75,0.0,38.75
2025-12-26 19:00:00,0.0,26.88,0.0,26.88,0.0,26.88
2025-12-26 20:00:00,0.0,30.0,0.0,30.0,0.0,30.0
2025-12-26 21:00:00,0.0,30.62,0.0,30.62,0.0,30.62
2025-12-26 22:00:00,0.0,37.5,0.0,37.5,0.0,37.5
2025-12-26 23:00:00,0.0,40.62,0.0,40.62,0.0,40.62
2025-12-27 00:00:00,0.0,36.25,0.0,36.25,0.0,36.25
2025-12-27 01:00:00,0.0,33.75,0.0,33.75,0.0,33.75
2025-12-27 02:00:00,0.0,33.12,0.0,33.12,0.0,33.12
2025-12-27 03:00:00,0.0,36.88,0.0,36.88,0.0,36.88
2025-12-27 04:00:00,0.0,43.75,0.0,43.75,0.0,43.75
2025-12-27 05:00:00,0.0,43.12,0.0,43.12,0.0,43.12
2025-12-27 06:00:00,0.0,41.88,0.0,41.88,0.0,41.88
2025-12-27 07:00:00,0.0,31.25,0.0,31.25,0.0,31.25
2025-12-27 08:00:00,0.32,25.02,0.0,25.33,0.0,25.33
2025-12-27 09:00:00,16.83,29.27,0.0,46.1,0.0,46.1
2025-12-27 10:00:00,50.76,108.33,0.0,159.09,0.0,159.09
2025-12-27 11:00:00,83.33,176.14,0.0,259.47,0.0,259.47
2025-12-27 12:00:00,95.82,203.52,0.0,299.34,0.0,299.34
2025-12-27 13:00:00,124.17,131.2,0.0,255.37,0.0,255.37
2025-12-27 14:00:00,97.21,0.0,8.2,89.01,0.0,89.01
2025-12-27 15:00:00,60.56,0.0,19.94,40.62,0.0,40.62
2025-12-27 16:00:00,9.9,19.88,0.0,29.78,0.0,29.78
2025-12-27 17:00:00,0.0,39.38,0.0,39.38,0.0,39.38
2025-12-27 18:00:00,0.0,40.0,0.0,40.0,0.0,40.0
2025-12-27 19:00:00,0.0,31.25,0.0,31.25,0.0,31.25
2025-12-27 20:00:00,0.0,28.75,0.0,28.75,0.0,28.75
2025-12-27 21:00:00,0.0,29.38,0.0,29.38,0.0,29.38
2025-12-27 22:00:00,0.0,26.25,0.0,26.25,0.0,26.25
2025-12-27 23:00:00,0.0,35.62,0.0,35.62,0.0,35.62
2025-12-28 00:00:00,0.0,40.62,0.0,40.62,0.0,40.62
2025-12-28 01:00:00,0.0,35.0,0.0,35.0,0.0,35.0
2025-12-28 02:00:00,0.0,30.0,0.0,30.0,0.0,30.0
2025-12-28 03:00:00,0.0,28.75,0.0,28.75,0.0,28.75
2025-12-28 04:00:00,0.0,26.25,0.0,26.25,0.0,26.25
2025-12-28 05:00:00,0.0,32.5,0.0,32.5,0.0,32.5
2025-12-28 06:00:00,0.0,36.88,0.0,36.88,0.0,36.88
2025-12-28 07:00:00,0.0,41.25,0.0,41.25,0.0,41.25
2025-12-28 08:00:00,0.82,32.43,0.0,33.25,0.0,33.25
2025-12-28 09:00:00,25.87,0.0,1.95,23.92,0.0,23.92
2025-12-28 10:00:00,89.07,0.0,35.47,53.59,0.0,53.59
2025-12-28 11:00:00,222.33,0.0,112.89,109.43,0.0,109.43
2025-12-28 12:00:00,270.82,0.0,120.52,150.31,0.0,150.31
2025-12-28 13:00:00,156.93,45.55,0.0,202.49,0.0,202.49
2025-12-28 14:00:00,58.67,73.34,0.0,132.01,0.0,132.01
2025-12-28 15:00:00,29.84,47.56,0.0,77.4,0.0,77.4
2025-12-28 16:00:00,4.26,21.2,0.0,25.46,0.0,25.46
2025-12-28 17:00:00,0.0,30.62,0.0,30.62,0.0,30.62
2025-12-28 18:00:00,0.0,32.5,0.0,32.5,0.0,32.5
2025-12-28 19:00:00,0.0,33.12,0.0,33.12,0.0,33.12
2025-12-28 20:00:00,0.0,40.62,0.0,40.62,0.0,40.62
2025-12-28 21:00:00,0.0,35.0,0.0,35.0,0.0,35.0
2025-12-28 22:00:00,0.0,33.12,0.0,33.12,0.0,33.12
2025-12-28 23:00:00,0.0,35.62,0.0,35.62,0.0,35.62
2025-12-29 00:00:00,0.0,36.88,0.0,36.88,0.0,36.88
2025-12-29 01:00:00,0.0,33.12,0.0,33.12,0.0,33.12
2025-12-29 02:00:00,0.0,38.12,0.0,38.12,0.0,38.12
2025-12-29 03:00:00,0.0,49.38,0.0,49.38,0.0,49.38
2025-12-29 04:00:00,0.0,66.88,0.0,66.88,0.0,66.88
2025-12-29 05:00:00,0.0,61.25,0.0,61.25,0.0,61.25
2025-12-29 06:00:00,0.0,60.62,0.0,60.62,0.0,60.62
2025-12-29 07:00:00,0.0,58.75,0.0,58.75,0.0,58.75
2025-12-29 08:00:00,0.0,105.06,0.0,105.06,29.43,75.63
2025-12-29 09:00:00,5.14,90.24,0.0,95.37,26.53,68.84
2025-12-29 10:00:00,22.04,69.22,0.0,91.25,26.16,65.09
2025-12-29 11:00:00,41.6,44.51,0.0,86.11,24.61,61.5
2025-12-29 12:00:00,49.28,45.62,0.0,94.9,43.31,51.6
2025-12-29 13:00:00,42.75,40.58,0.0,83.33,23.45,59.88
2025-12-29 14:00:00,32.53,26.6,0.0,59.13,8.3,50.83
2025-12-29 15:00:00,23.79,28.29,0.0,52.08,4.18,47.9
2025-12-29 16:00:00,3.17,46.11,0.0,49.28,1.52,47.76
2025-12-29 17:00:00,0.0,46.88,0.0,46.88,0.0,46.88
2025-12-29 18:00:00,0.0,47.5,0.0,47.5,0.0,47.5
2025-12-29 19:00:00,0.0,33.75,0.0,33.75,0.0,33.75
2025-12-29 20:00:00,0.0,26.88,0.0,26.88,0.0,26.88
2025-12-29 21:00:00,0.0,30.62,0.0,30.62,0.0,30.62
2025-12-29 22:00:00,0.0,32.5,0.0,32.5,0.0,32.5
2025-12-29 23:00:00,0.0,32.5,0.0,32.5,0.0,32.5
2025-12-30 00:00:00,0.0,30.62,0.0,30.62,0.0,30.62
2025-12-30 01:00:00,0.0,34.38,0.0,34.38,0.0,34.38
2025-12-30 02:00:00,0.0,33.75,0.0,33.75,0.0,33.75
2025-12-30 03:00:00,0.0,35.0,0.0,35.0,0.0,35.0
2025-12-30 04:00:00,0.0,50.0,0.0,50.0,0.0,50.0
2025-12-30 05:00:00,0.0,57.5,0.0,57.5,0.0,57.5
2025-12-30 06:00:00,0.0,50.62,0.0,50.62,0.0,50.62
2025-12-30 07:00:00,0.0,48.75,0.0,48.75,0.0,48.75
2025-12-30 08:00:00,0.11,77.83,0.0,77.94,20.0,57.94
2025-12-30 09:00:00,14.95,58.84,0.0,73.79,14.75,59.05
2025-12-30 10:00:00,61.17,85.29,0.0,146.47,14.16,132.31
2025-12-30 11:00:00,118.97,35.13,0.0,154.1,10.53,143.57
2025-12-30 12:00:00,145.55,187.56,0.0,333.11,0.0,333.11
2025-12-30 13:00:00,101.28,168.54,0.0,269.82,0.0,269.82
2025-12-30 14:00:00,65.08,91.81,0.0,156.89,0.0,156.89
2025-12-30 15:00:00,49.46,54.88,0.0,104.34,0.0,104.34
2025-12-30 16:00:00,9.77,41.46,0.0,51.23,0.0,51.23
2025-12-30 17:00:00,0.0,48.12,0.0,48.12,0.0,48.12
2025-12-30 18:00:00,0.0,37.5,0.0,37.5,0.0,37.5
2025-12-30 19:00:00,0.0,28.12,0.0,28.12,0.0,28.12
2025-12-30 20:00:00,0.0,26.88,0.0,26.88,0.0,26.88
2025-12-30 21:00:00,0.0,30.62,0.0,30.62,0.0,30.62
2025-12-30 22:00:00,0.0,39.38,0.0,39.38,0.0,39.38
2025-12-30 23:00:00,0.0,40.0,0.0,40.0,0.0,40.0
2025-12-31 00:00:00,0.0,30.0,0.0,30.0,0.0,30.0
2025-12-31 01:00:00,0.0,26.25,0.0,26.25,0.0,26.25
2025-12-31 02:00:00,0.0,30.62,0.0,30.62,0.0,30.62
2025-12-31 03:00:00,0.0,33.75,0.0,33.75,0.0,33.75
2025-12-31 04:00:00,0.0,54.38,0.0,54.38,0.0,54.38
2025-12-31 05:00:00,0.0,65.0,0.0,65.0,0.0,65.0
2025-12-31 06:00:00,0.0,61.88,0.0,61.88,0.0,61.88
2025-12-31 07:00:00,0.0,51.25,0.0,51.25,0.0,51.25
2025-12-31 08:00:00,0.3,61.03,0.0,61.33,10.64,50.7
2025-12-31 09:00:00,13.77,48.23,0.0,62.0,10.86,51.14
2025-12-31 10:00:00,37.64,65.1,0.0,102.74,10.86,91.88
2025-12-31 11:00:00,62.51,68.99,0.0,131.5,3.52,127.99
2025-12-31 12:00:00,86.61,40.55,0.0,127.17,0.0,127.17
2025-12-31 13:00:00,84.49,150.31,0.0,234.81,0.0,234.81
2025-12-31 14:00:00,119.44,60.94,0.0,180.38,0.0,180.38
2025-12-31 15:00:00,55.62,29.68,0.0,85.3,0.0,85.3
2025-12-31 16:00:00,7.51,27.32,0.0,34.83,0.0,34.83
2025-12-31 17:00:00,0.0,39.38,0.0,39.38,0.0,39.38
2025-12-31 18:00:00,0.0,45.0,0.0,45.0,0.0,45.0
2025-12-31 19:00:00,0.0,36.25,0.0,36.25,0.0,36.25
2025-12-31 20:00:00,0.0,36.88,0.0,36.88,0.0,36.88
2025-12-31 21:00:00,0.0,27.5,0.0,27.5,0.0,27.5
2025-12-31 22:00:00,0.0,28.12,0.0,28.12,0.0,28.12
2025-12-31 23:00:00,0.0,32.5,0.0,32.5,0.0,32.5
2026-01-01 00:00:00,0.0,40.09,0.0,40.09,0.0,40.09
2026-01-01 01:00:00,0.0,40.1,0.0,40.1,0.0,40.1
2026-01-01 02:00:00,0.0,40.71,0.0,40.71,0.0,40.71
2026-01-01 03:00:00,0.0,42.6,0.0,42.6,0.0,42.6
2026-01-01 04:00:00,0.0,49.46,0.0,49.46,0.0,49.46
2026-01-01 05:00:00,0.0,53.84,0.0,53.84,0.0,53.84
2026-01-01 06:00:00,0.0,52.59,0.0,52.59,0.0,52.59
2026-01-01 07:00:00,0.0,56.98,0.0,56.98,0.0,56.98
2026-01-01 08:00:00,0.41,50.92,0.0,51.34,0.0,51.34
2026-01-01 09:00:00,33.95,0.0,1.88,32.06,0.0,32.06
2026-01-01 10:00:00,85.45,0.0,83.57,1.88,0.0,1.88
2026-01-01 11:00:00,124.14,0.0,118.07,6.07,0.0,6.07
2026-01-01 12:00:00,170.97,0.0,163.98,6.99,0.0,6.99
2026-01-01 13:00:00,129.94,0.0,129.1,0.84,0.0,0.84
2026-01-01 14:00:00,193.55,0.0,227.28,-33.72,0.0,-33.72
2026-01-01 15:00:00,66.66,0.0,66.67,-0.01,0.0,-0.01
2026-01-01 16:00:00,12.69,27.59,0.0,40.28,0.0,40.28
2026-01-01 17:00:00,0.0,42.6,0.0,42.6,0.0,42.6
2026-01-01 18:00:00,0.0,38.21,0.0,38.21,0.0,38.21
2026-01-01 19:00:00,0.0,28.85,0.0,28.85,0.0,28.85
2026-01-01 20:00:00,0.0,31.96,0.0,31.96,0.0,31.96
2026-01-01 21:00:00,0.0,34.46,0.0,34.46,0.0,34.46
2026-01-01 22:00:00,0.0,36.35,0.0,36.35,0.0,36.35
2026-01-01 23:00:00,0.0,40.09,0.0,40.09,0.0,40.09
2026-01-02 00:00:00,0.0,40.1,0.0,40.1,0.0,40.1
2026-01-02 01:00:00,0.0,36.96,0.0,36.96,0.0,36.96
2026-01-02 02:00:00,0.0,31.34,0.0,31.34,0.0,31.34
2026-01-02 03:00:00,0.0,33.22,0.0,33.22,0.0,33.22
2026-01-02 04:00:00,0.0,56.34,0.0,56.34,0.0,56.34
2026-01-02 05:00:00,0.0,63.21,0.0,63.21,0.0,63.21
2026-01-02 06:00:00,0.0,54.48,0.0,54.48,0.0,54.48
2026-01-02 07:00:00,0.0,50.71,0.0,50.71,0.0,50.71
2026-01-02 08:00:00,0.0,54.48,0.0,54.48,0.0,54.48
2026-01-02 09:00:00,7.05,0.0,0.28,6.77,0.0,6.77
2026-01-02 10:00:00,12.48,0.0,95.58,-83.1,0.0,-83.1
2026-01-02 11:00:00,17.0,0.0,178.88,-161.88,0.0,-161.88
2026-01-02 12:00:00,35.98,0.0,214.53,-178.55,0.0,-178.55
2026-01-02 13:00:00,77.6,0.0,265.58,-187.98,0.0,-187.98
2026-01-02 14:00:00,18.87,0.0,111.56,-92.69,0.0,-92.69
2026-01-02 15:00:00,15.93,0.0,75.87,-59.94,0.0,-59.94
2026-01-02 16:00:00,4.59,20.42,0.0,25.01,0.0,25.01
2026-01-02 17:00:00,0.0,38.21,0.0,38.21,0.0,38.21
2026-01-02 18:00:00,0.0,46.96,0.0,46.96,0.0,46.96
2026-01-02 19:00:00,0.0,41.96,0.0,41.96,0.0,41.96
2026-01-02 20:00:00,0.0,41.98,0.0,41.98,0.0,41.98
2026-01-02 21:00:00,0.0,35.09,0.0,35.09,0.0,35.09
2026-01-02 22:00:00,0.0,28.22,0.0,28.22,0.0,28.22
2026-01-02 23:00:00,0.0,34.46,0.0,34.46,0.0,34.46
2026-01-03 00:00:00,0.0,35.71,0.0,35.71,0.0,35.71
2026-01-03 01:00:00,0.0,42.6,0.0,42.6,0.0,42.6
2026-01-03 02:00:00,0.0,41.34,0.0,41.34,0.0,41.34
2026-01-03 03:00:00,0.0,40.72,0.0,40.72,0.0,40.72
2026-01-03 04:00:00,0.0,38.84,0.0,38.84,0.0,38.84
2026-01-03 05:00:00,0.0,32.59,0.0,32.59,0.0,32.59
2026-01-03 06:00:00,0.0,33.21,0.0,33.21,0.0,33.21
2026-01-03 07:00:00,0.0,38.85,0.0,38.85,0.0,38.85
2026-01-03 08:00:00,0.87,39.22,0.0,40.09,0.0,40.09
2026-01-03 09:00:00,38.19,0.0,25.26,12.92,0.0,12.92
2026-01-03 10:00:00,32.23,0.0,78.19,-45.96,0.0,-45.96
2026-01-03 11:00:00,123.64,0.0,238.09,-114.45,0.0,-114.45
2026-01-03 12:00:00,128.9,0.0,187.14,-58.24,0.0,-58.24
2026-01-03 13:00:00,206.76,0.0,198.36,8.4,0.0,8.4
2026-01-03 14:00:00,47.08,0.0,63.06,-15.98,0.0,-15.98
2026-01-03 15:00:00,48.71,0.0,68.45,-19.74,0.0,-19.74
2026-01-03 16:00:00,13.7,6.61,0.0,20.31,0.0,20.31
2026-01-03 17:00:00,0.0,41.98,0.0,41.98,0.0,41.98
2026-01-03 18:00:00,0.0,41.96,0.0,41.96,0.0,41.96
2026-01-03 19:00:00,0.0,35.72,0.0,35.72,0.0,35.72
2026-01-03 20:00:00,0.0,33.84,0.0,33.84,0.0,33.84
2026-01-03 21:00:00,0.0,31.35,0.0,31.35,0.0,31.35
2026-01-03 22:00:00,0.0,41.96,0.0,41.96,0.0,41.96
2026-01-03 23:00:00,0.0,41.96,0.0,41.96,0.0,41.96
2026-01-04 00:00:00,0.0,41.35,0.0,41.35,0.0,41.35
2026-01-04 01:00:00,0.0,38.21,0.0,38.21,0.0,38.21
2026-01-04 02:00:00,0.0,34.48,0.0,34.48,0.0,34.48
2026-01-04 03:00:00,0.0,35.09,0.0,35.09,0.0,35.09
2026-01-04 04:00:00,0.0,41.98,0.0,41.98,0.0,41.98
2026-01-04 05:00:00,0.0,41.96,0.0,41.96,0.0,41.96
2026-01-04 06:00:00,0.0,41.98,0.0,41.98,0.0,41.98
2026-01-04 07:00:00,0.0,40.71,0.0,40.71,0.0,40.71
2026-01-04 08:00:00,1.06,37.79,0.0,38.85,0.0,38.85
2026-01-04 09:00:00,22.82,0.0,40.44,-17.62,0.0,-17.62
2026-01-04 10:00:00,137.37,0.0,260.28,-122.91,0.0,-122.91
2026-01-04 11:00:00,240.74,0.0,408.54,-167.8,0.0,-167.8
2026-01-04 12:00:00,175.62,0.0,349.74,-174.12,0.0,-174.12
2026-01-04 13:00:00,221.75,0.0,390.25,-168.5,0.0,-168.5
2026-01-04 14:00:00,168.01,0.0,307.27,-139.26,0.0,-139.26
2026-01-04 15:00:00,75.61,0.0,131.75,-56.14,0.0,-56.14
2026-01-04 16:00:00,7.97,0.0,0.97,7.0,0.0,7.0
2026-01-04 17:00:00,0.0,33.21,0.0,33.21,0.0,33.21
2026-01-04 18:00:00,0.0,43.85,0.0,43.85,0.0,43.85
2026-01-04 19:00:00,0.0,40.71,0.0,40.71,0.0,40.71
2026-01-04 20:00:00,0.0,41.34,0.0,41.34,0.0,41.34
2026-01-04 21:00:00,0.0,30.09,0.0,30.09,0.0,30.09
2026-01-04 22:00:00,0.0,30.72,0.0,30.72,0.0,30.72
2026-01-04 23:00:00,0.0,37.59,0.0,37.59,0.0,37.59
2026-01-05 00:00:00,0.0,41.34,0.0,41.34,0.0,41.34
2026-01-05 01:00:00,0.0,49.48,0.0,49.48,0.0,49.48
2026-01-05 02:00:00,0.0,46.34,0.0,46.34,0.0,46.34
2026-01-05 03:00:00,0.0,44.48,0.0,44.48,0.0,44.48
2026-01-05 04:00:00,0.0,63.21,0.0,63.21,0.0,63.21
2026-01-05 05:00:00,0.0,140.71,0.0,140.71,1.55,139.16
2026-01-05 06:00:00,0.0,183.82,0.0,183.82,10.62,173.21
2026-01-05 07:00:00,0.0,241.96,0.0,241.96,27.86,214.11
2026-01-05 08:00:00,0.0,366.34,0.0,366.34,129.84,236.5
2026-01-05 09:00:00,2.06,448.24,0.0,450.3,160.7,289.6
2026-01-05 10:00:00,22.97,382.43,0.0,405.4,136.74,268.66
2026-01-05 11:00:00,53.33,261.16,0.0,314.49,95.21,219.28
2026-01-05 12:00:00,49.27,188.55,0.0,237.82,89.64,148.19
2026-01-05 13:00:00,41.9,213.7,0.0,255.6,73.21,182.39
2026-01-05 14:00:00,27.61,287.85,0.0,315.46,47.91,267.55
2026-01-05 15:00:00,11.23,350.58,0.0,361.81,25.94,335.87
2026-01-05 16:00:00,0.65,449.78,0.0,450.42,15.02,435.41
2026-01-05 17:00:00,0.0,443.19,0.0,443.19,8.01,435.18
2026-01-05 18:00:00,0.0,431.32,0.0,431.32,0.0,431.32
2026-01-05 19:00:00,0.0,409.44,0.0,409.44,0.0,409.44
2026-01-05 20:00:00,0.0,437.56,0.0,437.56,0.0,437.56
2026-01-05 21:00:00,0.0,401.95,0.0,401.95,0.0,401.95
2026-01-05 22:00:00,0.0,428.19,0.0,428.19,0.0,428.19
2026-01-05 23:00:00,0.0,429.45,0.0,429.45,0.0,429.45
2026-01-06 00:00:00,0.0,366.31,0.0,366.31,0.0,366.31
2026-01-06 01:00:00,0.0,364.45,0.0,364.45,0.0,364.45
2026-01-06 02:00:00,0.0,393.2,0.0,393.2,0.0,393.2
2026-01-06 03:00:00,0.0,382.56,0.0,382.56,0.0,382.56
2026-01-06 04:00:00,0.0,390.7,0.0,390.7,0.0,390.7
2026-01-06 05:00:00,0.0,429.44,0.0,429.44,0.0,429.44
2026-01-06 06:00:00,0.0,411.32,0.0,411.32,0.0,411.32
2026-01-06 07:00:00,0.0,427.56,0.0,427.56,2.29,425.27
2026-01-06 08:00:00,0.05,511.27,0.0,511.32,59.4,451.92
2026-01-06 09:00:00,8.17,522.9,0.0,531.08,101.77,429.31
2026-01-06 10:00:00,45.44,444.18,0.0,489.62,82.02,407.6
2026-01-06 11:00:00,70.94,346.39,0.0,417.34,80.14,337.2
2026-01-06 12:00:00,120.92,160.46,0.0,281.38,61.84,219.53
2026-01-06 13:00:00,158.45,175.21,0.0,333.66,38.8,294.87
2026-01-06 14:00:00,77.14,345.87,0.0,423.01,25.2,397.82
2026-01-06 15:00:00,82.35,335.18,0.0,417.52,24.26,393.26
2026-01-06 16:00:00,24.18,414.58,0.0,438.76,2.2,436.56
2026-01-06 17:00:00,0.0,436.31,0.0,436.31,0.0,436.31
2026-01-06 18:00:00,0.0,478.2,0.0,478.2,2.4,475.8
2026-01-06 19:00:00,0.0,451.94,0.0,451.94,3.66,448.28
2026-01-06 20:00:00,0.0,411.32,0.0,411.32,2.48,408.85
2026-01-06 21:00:00,0.0,350.06,0.0,350.06,0.0,350.06
2026-01-06 22:00:00,0.0,368.82,0.0,368.82,0.0,368.82
2026-01-06 23:00:00,0.0,338.82,0.0,338.82,0.0,338.82
2026-01-07 00:00:00,0.0,352.58,0.0,352.58,0.0,352.58
2026-01-07 01:00:00,0.0,307.58,0.0,307.58,0.0,307.58
2026-01-07 02:00:00,0.0,335.7,0.0,335.7,0.0,335.7
2026-01-07 03:00:00,0.0,345.69,0.0,345.69,0.0,345.69
2026-01-07 04:00:00,0.0,349.45,0.0,349.45,0.0,349.45
2026-01-07 05:00:00,0.0,393.2,0.0,393.2,0.0,393.2
2026-01-07 06:00:00,0.0,368.81,0.0,368.81,0.46,368.35
2026-01-07 07:00:00,0.0,432.58,0.0,432.58,15.58,417.0
2026-01-07 08:00:00,0.0,437.58,0.0,437.58,38.43,399.14
2026-01-07 09:00:00,2.95,513.45,0.0,516.4,56.84,459.56
2026-01-07 10:00:00,44.01,471.04,0.0,515.05,56.3,458.75
2026-01-07 11:00:00,68.45,478.45,0.0,546.9,37.94,508.96
2026-01-07 12:00:00,50.23,377.21,0.0,427.44,21.72,405.72
2026-01-07 13:00:00,52.84,417.69,0.0,470.54,10.26,460.27
2026-01-07 14:00:00,39.8,372.81,0.0,412.61,0.0,412.61
2026-01-07 15:00:00,26.1,454.86,0.0,480.96,0.0,480.96
2026-01-07 16:00:00,13.19,492.88,0.0,506.06,0.28,505.78
2026-01-07 17:00:00,0.0,451.94,0.0,451.94,1.63,450.31
2026-01-07 18:00:00,0.0,450.7,0.0,450.7,0.0,450.7
2026-01-07 19:00:00,0.0,439.45,0.0,439.45,0.0,439.45
2026-01-07 20:00:00,0.0,391.32,0.0,391.32,0.0,391.32
2026-01-07 21:00:00,0.0,415.7,0.0,415.7,0.0,415.7
2026-01-07 22:00:00,0.0,423.81,0.0,423.81,0.0,423.81
2026-01-07 23:00:00,0.0,430.08,0.0,430.08,0.0,430.08
2026-01-08 00:00:00,0.0,435.08,0.0,435.08,0.0,435.08
2026-01-08 01:00:00,0.0,401.95,0.0,401.95,0.0,401.95
2026-01-08 02:00:00,0.0,393.82,0.0,393.82,0.0,393.82
2026-01-08 03:00:00,0.0,425.08,0.0,425.08,0.0,425.08
2026-01-08 04:00:00,0.0,425.08,0.0,425.08,0.0,425.08
2026-01-08 05:00:00,0.0,448.81,0.0,448.81,0.0,448.81
2026-01-08 06:00:00,0.0,456.95,0.0,456.95,1.05,455.9
2026-01-08 07:00:00,0.0,472.58,0.0,472.58,19.91,452.66
2026-01-08 08:00:00,0.6,478.83,0.0,479.44,37.3,442.13
2026-01-08 09:00:00,18.29,433.88,0.0,452.18,48.03,404.14
2026-01-08 10:00:00,66.75,387.88,0.0,454.62,52.88,401.74
2026-01-08 11:00:00,130.9,297.96,0.0,428.86,43.28,385.58
2026-01-08 12:00:00,65.02,293.98,0.0,359.0,23.59,335.41
2026-01-08 13:00:00,89.44,297.53,0.0,386.96,26.19,360.77
2026-01-08 14:00:00,59.67,400.01,0.0,459.68,38.18,421.5
2026-01-08 15:00:00,29.26,432.96,0.0,462.22,37.04,425.18
2026-01-08 16:00:00,13.3,483.13,0.0,496.42,15.88,480.55
2026-01-08 17:00:00,0.22,472.36,0.0,472.58,12.68,459.9
2026-01-08 18:00:00,0.0,431.31,0.0,431.31,3.72,427.6
2026-01-08 19:00:00,0.0,390.7,0.0,390.7,0.0,390.7
2026-01-08 20:00:00,0.0,390.7,0.0,390.7,0.0,390.7
2026-01-08 21:00:00,0.0,404.44,0.0,404.44,0.0,404.44
2026-01-08 22:00:00,0.0,422.58,0.0,422.58,0.0,422.58
2026-01-08 23:00:00,0.0,454.44,0.0,454.44,0.0,454.44
2026-01-09 00:00:00,0.0,431.32,0.0,431.32,0.0,431.32
2026-01-09 01:00:00,0.0,375.08,0.0,375.08,0.0,375.07
2026-01-09 02:00:00,0.0,439.44,0.0,439.44,0.0,439.44
2026-01-09 03:00:00,0.0,432.56,0.0,432.56,0.0,432.56
2026-01-09 04:00:00,0.0,426.95,0.0,426.95,0.0,426.95
2026-01-09 05:00:00,0.0,446.31,0.0,446.31,0.0,446.31
2026-01-09 06:00:00,0.0,456.32,0.0,456.32,1.5,454.82
2026-01-09 07:00:00,0.0,483.19,0.0,483.19,15.52,467.67
2026-01-09 08:00:00,1.5,539.2,0.0,540.7,95.8,444.9
2026-01-09 09:00:00,46.92,476.99,0.0,523.91,124.01,399.91
2026-01-09 10:00:00,189.35,332.06,0.0,521.41,108.94,412.47
2026-01-09 11:00:00,304.1,186.48,0.0,490.58,80.7,409.87
2026-01-09 12:00:00,355.93,81.85,0.0,437.79,54.63,383.16
2026-01-09 13:00:00,345.19,156.3,0.0,501.49,13.49,487.99
2026-01-09 14:00:00,261.98,181.23,0.0,443.21,3.34,439.87
2026-01-09 15:00:00,115.99,340.49,0.0,456.48,1.48,455.0
2026-01-09 16:00:00,24.79,504.04,0.0,528.83,0.02,528.8
2026-01-09 17:00:00,0.41,487.15,0.0,487.56,0.9,486.67
2026-01-09 18:00:00,0.0,495.7,0.0,495.7,0.58,495.12
2026-01-09 19:00:00,0.0,441.31,0.0,441.31,0.0,441.31
2026-01-09 20:00:00,0.0,430.08,0.0,430.08,0.0,430.08
2026-01-09 21:00:00,0.0,455.06,0.0,455.06,0.0,455.06
2026-01-09 22:00:00,0.0,456.95,0.0,456.95,0.0,456.95
2026-01-09 23:00:00,0.0,438.82,0.0,438.82,0.0,438.82
2026-01-10 00:00:00,0.0,378.82,0.0,378.82,0.0,378.82
2026-01-10 01:00:00,0.0,363.2,0.0,363.2,0.0,363.2
2026-01-10 02:00:00,0.0,343.82,0.0,343.82,0.0,343.82
2026-01-10 03:00:00,0.0,313.2,0.0,313.2,0.0,313.2
2026-01-10 04:00:00,0.0,230.09,0.0,230.09,0.0,230.09
2026-01-10 05:00:00,0.0,76.35,0.0,76.35,0.0,76.35
2026-01-10 06:00:00,0.0,73.84,0.0,73.84,0.0,73.84
2026-01-10 07:00:00,0.0,75.09,0.0,75.09,0.0,75.09
2026-01-10 08:00:00,1.23,29.43,0.0,30.66,0.0,30.66
2026-01-10 09:00:00,48.52,0.0,48.52,0.0,,
2026-01-10 10:00:00,184.97,0.0,184.97,0.0,,
2026-01-10 11:00:00,294.4,0.0,252.53,41.88,0.0,41.88
2026-01-10 12:00:00,334.63,0.0,263.05,71.58,0.0,71.58
2026-01-10 13:00:00,264.21,0.0,197.63,66.58,0.0,66.58
2026-01-10 14:00:00,212.57,0.0,146.86,65.71,0.0,65.71
2026-01-10 15:00:00,91.53,0.0,25.47,66.06,0.0,66.06
2026-01-10 16:00:00,26.36,38.1,0.0,64.46,0.0,64.46
2026-01-10 17:00:00,0.91,65.43,0.0,66.34,0.0,66.34
2026-01-10 18:00:00,0.0,66.97,0.0,66.97,0.0,66.97
2026-01-10 19:00:00,0.0,65.71,0.0,65.71,0.0,65.71
2026-01-10 20:00:00,0.0,60.1,0.0,60.1,0.0,60.1
2026-01-10 21:00:00,0.0,63.84,0.0,63.84,0.0,63.84
2026-01-10 22:00:00,0.0,68.84,0.0,68.84,0.0,68.84
2026-01-10 23:00:00,0.0,69.47,0.0,69.47,0.0,69.47
2026-01-11 00:00:00,0.0,67.59,0.0,67.59,0.0,67.59
2026-01-11 01:00:00,0.0,66.96,0.0,66.96,0.0,66.96
2026-01-11 02:00:00,0.0,60.72,0.0,60.72,0.0,60.72
2026-01-11 03:00:00,0.0,65.71,0.0,65.71,0.0,65.71
2026-01-11 04:00:00,0.0,70.1,0.0,70.1,0.0,70.1
2026-01-11 05:00:00,0.0,70.09,0.0,70.09,0.0,70.09
2026-01-11 06:00:00,0.0,70.71,0.0,70.71,0.0,70.71
2026-01-11 07:00:00,0.0,74.47,0.0,74.47,0.0,74.47
2026-01-11 08:00:00,1.7,72.83,0.0,74.53,0.0,74.53
2026-01-11 09:00:00,53.02,17.86,0.0,70.88,0.0,70.88
2026-01-11 10:00:00,192.0,0.0,118.49,73.51,0.0,73.51
2026-01-11 11:00:00,300.42,0.0,231.76,68.66,0.0,68.66
2026-01-11 12:00:00,353.65,0.0,284.05,69.6,0.0,69.6
2026-01-11 13:00:00,328.13,0.0,260.52,67.61,0.0,67.61
2026-01-11 14:00:00,131.61,0.0,69.75,61.86,0.0,61.86
2026-01-11 15:00:00,64.64,0.0,3.64,61.0,0.0,61.0
2026-01-11 16:00:00,13.12,56.61,0.0,69.72,0.0,69.72
2026-01-11 17:00:00,0.12,94.96,0.0,95.09,0.0,95.09
2026-01-11 18:00:00,0.0,107.6,0.0,107.6,0.0,107.6
2026-01-11 19:00:00,0.0,92.59,0.0,92.59,0.0,92.59
2026-01-11 20:00:00,0.0,105.09,0.0,105.09,0.0,105.09
2026-01-11 21:00:00,0.0,248.82,0.0,248.82,0.0,248.82
2026-01-11 22:00:00,0.0,251.32,0.0,251.32,0.0,251.32
2026-01-11 23:00:00,0.0,285.7,0.0,285.7,0.0,285.7
2026-01-12 00:00:00,0.0,315.69,0.0,315.69,0.0,315.69
2026-01-12 01:00:00,0.0,286.95,0.0,286.95,0.0,286.95
2026-01-12 02:00:00,0.0,331.95,0.0,331.95,0.0,331.95
2026-01-12 03:00:00,0.0,333.19,0.0,333.19,0.0,333.19
2026-01-12 04:00:00,0.0,348.82,0.0,348.82,0.0,348.82
2026-01-12 05:00:00,0.0,380.69,0.0,380.69,0.0,380.69
2026-01-12 06:00:00,0.0,396.32,0.0,396.32,1.23,395.09
2026-01-12 07:00:00,0.0,429.44,0.0,429.44,31.7,397.73
2026-01-12 08:00:00,0.07,533.13,0.0,533.2,120.79,412.41
2026-01-12 09:00:00,11.62,539.77,0.0,551.39,160.53,390.86
2026-01-12 10:00:00,43.79,488.32,0.0,532.11,125.36,406.75
2026-01-12 11:00:00,65.03,360.31,0.0,425.34,99.02,326.31
2026-01-12 12:00:00,88.1,331.09,0.0,419.19,42.77,376.42
2026-01-12 13:00:00,84.72,360.79,0.0,445.51,29.16,416.35
2026-01-12 14:00:00,65.2,393.61,0.0,458.81,18.53,440.28
2026-01-12 15:00:00,43.87,413.21,0.0,457.08,11.09,445.98
2026-01-12 16:00:00,11.79,366.05,0.0,377.84,8.03,369.81
2026-01-12 17:00:00,0.24,358.58,0.0,358.81,0.63,358.19
2026-01-12 18:00:00,0.0,349.45,0.0,349.45,0.04,349.41
2026-01-12 19:00:00,0.0,359.46,0.0,359.46,0.0,359.46
2026-01-12 20:00:00,0.0,390.08,0.0,390.08,0.0,390.08
2026-01-12 21:00:00,0.0,346.94,0.0,346.94,0.0,346.94
2026-01-12 22:00:00,0.0,331.32,0.0,331.32,0.0,331.32
2026-01-12 23:00:00,0.0,353.2,0.0,353.2,0.0,353.2
2026-01-13 00:00:00,0.0,395.08,0.0,395.08,0.0,395.08
2026-01-13 01:00:00,0.0,364.45,0.0,364.45,0.0,364.45
2026-01-13 02:00:00,0.0,388.2,0.0,388.2,0.0,388.2
2026-01-13 03:00:00,0.0,412.58,0.0,412.58,0.0,412.58
2026-01-13 04:00:00,0.0,470.69,0.0,470.69,0.0,470.69
2026-01-13 05:00:00,0.0,441.32,0.0,441.32,0.0,441.32
2026-01-13 06:00:00,0.0,452.58,0.0,452.58,0.0,452.58
2026-01-13 07:00:00,0.0,498.82,0.0,498.82,7.89,490.93
2026-01-13 08:00:00,0.17,593.66,0.0,593.83,74.1,519.73
2026-01-13 09:00:00,12.28,566.86,0.0,579.14,126.43,452.7
2026-01-13 10:00:00,34.86,548.65,0.0,583.51,107.95,475.56
2026-01-13 11:00:00,39.58,550.81,0.0,590.39,88.52,501.87
2026-01-13 12:00:00,53.83,514.22,0.0,568.05,107.98,460.07
2026-01-13 13:00:00,38.92,508.83,0.0,547.75,88.52,459.22
2026-01-13 14:00:00,31.64,447.76,0.0,479.4,43.0,436.4
2026-01-13 15:00:00,18.35,410.69,0.0,429.04,32.38,396.65
2026-01-13 16:00:00,5.69,500.26,0.0,505.95,20.67,485.28
2026-01-13 17:00:00,0.0,509.45,0.0,509.45,11.39,498.06
2026-01-13 18:00:00,0.0,534.45,0.0,534.45,5.97,528.48
2026-01-13 19:00:00,0.0,495.08,0.0,495.08,0.27,494.81
2026-01-13 20:00:00,0.0,373.21,0.0,373.21,0.0,373.21
2026-01-13 21:00:00,0.0,368.82,0.0,368.82,0.0,368.82
2026-01-13 22:00:00,0.0,353.82,0.0,353.82,0.0,353.82
2026-01-13 23:00:00,0.0,384.45,0.0,384.45,0.0,384.45
2026-01-14 00:00:00,0.0,381.95,0.0,381.95,0.0,381.95
2026-01-14 01:00:00,0.0,314.45,0.0,314.45,0.0,314.45
2026-01-14 02:00:00,0.0,388.82,0.0,388.82,0.0,388.82
2026-01-14 03:00:00,0.0,378.82,0.0,378.82,0.0,378.82
2026-01-14 04:00:00,0.0,378.82,0.0,378.82,0.0,378.82
2026-01-14 05:00:00,0.0,446.32,0.0,446.32,0.0,446.32
2026-01-14 06:00:00,0.0,394.46,0.0,394.46,0.29,394.17
2026-01-14 07:00:00,0.0,440.06,0.0,440.06,22.29,417.78
2026-01-14 08:00:00,0.12,543.08,0.0,543.2,67.59,475.61
2026-01-14 09:00:00,9.41,467.86,0.0,477.28,63.65,413.62
2026-01-14 10:00:00,48.21,356.7,0.0,404.91,40.16,364.75
2026-01-14 11:00:00,53.1,247.52,0.0,300.62,17.39,283.24
2026-01-14 12:00:00,47.4,209.82,0.0,257.23,4.79,252.43
2026-01-14 13:00:00,35.76,318.45,0.0,354.21,0.0,354.21
2026-01-14 14:00:00,64.52,398.54,0.0,463.06,0.0,463.06
2026-01-14 15:00:00,60.45,473.11,0.0,533.56,0.0,533.56
2026-01-14 16:00:00,9.39,565.68,0.0,575.08,0.0,575.08
2026-01-14 17:00:00,0.47,560.85,0.0,561.31,0.75,560.56
2026-01-14 18:00:00,0.0,554.44,0.0,554.44,0.0,554.44
2026-01-14 19:00:00,0.0,544.45,0.0,544.45,0.0,544.45
2026-01-14 20:00:00,0.0,443.19,0.0,443.19,0.02,443.17
2026-01-14 21:00:00,0.0,453.82,0.0,453.82,0.0,453.82
2026-01-14 22:00:00,0.0,455.06,0.0,455.06,0.0,455.06
2026-01-14 23:00:00,0.0,433.82,0.0,433.82,0.0,433.82
2026-01-15 00:00:00,0.0,428.19,0.0,428.19,0.0,428.19
2026-01-15 01:00:00,0.0,373.2,0.0,373.2,0.0,373.2
2026-01-15 02:00:00,0.0,426.32,0.0,426.32,0.0,426.32
2026-01-15 03:00:00,0.0,411.94,0.0,411.94,0.0,411.94
2026-01-15 04:00:00,0.0,427.58,0.0,427.58,0.0,427.58
2026-01-15 05:00:00,0.0,457.56,0.0,457.56,0.0,457.56
2026-01-15 06:00:00,0.0,484.45,0.0,484.45,0.0,484.45
2026-01-15 07:00:00,0.0,473.81,0.0,473.81,3.57,470.24
2026-01-15 08:00:00,1.31,510.64,0.0,511.95,23.65,488.3
2026-01-15 09:00:00,40.16,439.16,0.0,479.32,25.81,453.51
2026-01-15 10:00:00,175.47,305.55,0.0,481.02,25.81,455.21
2026-01-15 11:00:00,202.05,281.39,0.0,483.44,24.66,458.77
2026-01-15 12:00:00,184.96,252.27,0.0,437.22,8.86,428.36
2026-01-15 13:00:00,162.7,228.76,0.0,391.46,4.2,387.26
2026-01-15 14:00:00,88.3,321.51,0.0,409.81,4.26,405.55
2026-01-15 15:00:00,77.92,381.27,0.0,459.19,2.54,456.65
2026-01-15 16:00:00,22.13,448.16,0.0,470.29,0.0,470.29
2026-01-15 17:00:00,0.27,439.17,0.0,439.44,0.0,439.44
2026-01-15 18:00:00,0.0,411.95,0.0,411.95,0.0,411.95
2026-01-15 19:00:00,0.0,426.94,0.0,426.94,0.0,426.94
2026-01-15 20:00:00,0.0,413.2,0.0,413.2,0.0,413.2
2026-01-15 21:00:00,0.0,415.7,0.0,415.7,0.0,415.7
2026-01-15 22:00:00,0.0,409.45,0.0,409.45,0.0,409.45
2026-01-15 23:00:00,0.0,411.32,0.0,411.32,0.0,411.32
2026-01-16 00:00:00,0.0,444.44,0.0,444.44,0.0,444.44
2026-01-16 01:00:00,0.0,414.45,0.0,414.45,0.0,414.45
2026-01-16 02:00:00,0.0,423.2,0.0,423.2,0.0,423.2
2026-01-16 03:00:00,0.0,383.2,0.0,383.2,0.0,383.2
2026-01-16 04:00:00,0.0,397.58,0.0,397.58,0.0,397.58
2026-01-16 05:00:00,0.0,338.82,0.0,338.82,0.0,338.82
2026-01-16 06:00:00,0.0,318.2,0.0,318.2,0.84,317.35
2026-01-16 07:00:00,0.0,324.45,0.0,324.45,9.15,315.3
2026-01-16 08:00:00,0.62,433.25,0.0,433.88,40.89,392.98
2026-01-16 09:00:00,25.0,428.61,0.0,453.61,74.06,379.56
2026-01-16 10:00:00,194.5,136.08,0.0,330.58,65.51,265.06
2026-01-16 11:00:00,316.58,0.0,85.28,231.3,43.21,188.09
2026-01-16 12:00:00,369.7,0.0,203.22,166.49,15.66,150.83
2026-01-16 13:00:00,358.98,0.0,88.05,270.92,11.52,259.41
2026-01-16 14:00:00,315.02,0.0,25.93,289.09,8.24,280.85
2026-01-16 15:00:00,148.22,158.07,0.0,306.29,2.89,303.4
2026-01-16 16:00:00,34.63,292.0,0.0,326.62,0.0,326.62
2026-01-16 17:00:00,0.6,320.74,0.0,321.34,0.0,321.34
2026-01-16 18:00:00,0.0,322.58,0.0,322.58,0.3,322.27
2026-01-16 19:00:00,0.0,255.08,0.0,255.08,0.0,255.08
2026-01-16 20:00:00,0.0,139.46,0.0,139.46,0.0,139.46
2026-01-16 21:00:00,0.0,62.59,0.0,62.59,0.0,62.59
2026-01-16 22:00:00,0.0,63.84,0.0,63.84,0.0,63.84
2026-01-16 23:00:00,0.0,62.59,0.0,62.59,0.0,62.59
2026-01-17 00:00:00,0.0,66.34,0.0,66.34,0.0,66.34
2026-01-17 01:00:00,0.0,73.84,0.0,73.84,0.0,73.84
2026-01-17 02:00:00,0.0,72.59,0.0,72.59,0.0,72.59
2026-01-17 03:00:00,0.0,68.85,0.0,68.85,0.0,68.85
2026-01-17 04:00:00,0.0,61.34,0.0,61.34,0.0,61.34
2026-01-17 05:00:00,0.0,67.59,0.0,67.59,0.0,67.59
2026-01-17 06:00:00,0.0,63.21,0.0,63.21,0.0,63.21
2026-01-17 07:00:00,0.0,63.21,0.0,63.21,0.0,63.21
2026-01-17 08:00:00,0.39,60.33,0.0,60.72,0.0,60.72
2026-01-17 09:00:00,18.4,22.15,0.0,40.55,0.0,40.55
2026-01-17 10:00:00,41.66,0.0,47.9,-6.24,0.0,-6.24
2026-01-17 11:00:00,69.86,0.0,86.98,-17.12,0.0,-17.12
2026-01-17 12:00:00,93.46,0.0,111.94,-18.49,0.0,-18.49
2026-01-17 13:00:00,103.25,0.0,122.96,-19.71,0.0,-19.71
2026-01-17 14:00:00,88.96,0.0,99.2,-10.24,0.0,-10.24
2026-01-17 15:00:00,45.5,0.0,38.32,7.19,0.0,7.19
2026-01-17 16:00:00,17.86,4.86,0.0,22.72,0.0,22.72
2026-01-17 17:00:00,0.19,61.15,0.0,61.34,0.0,61.34
2026-01-17 18:00:00,0.0,56.96,0.0,56.96,0.0,56.96
2026-01-17 19:00:00,0.0,55.71,0.0,55.71,0.0,55.71
2026-01-17 20:00:00,0.0,54.46,0.0,54.46,0.0,54.46
2026-01-17 21:00:00,0.0,61.35,0.0,61.35,0.0,61.35
2026-01-17 22:00:00,0.0,56.96,0.0,56.96,0.0,56.96
2026-01-17 23:00:00,0.0,55.71,0.0,55.71,0.0,55.71
2026-01-18 00:00:00,0.0,64.46,0.0,64.46,0.0,64.46
2026-01-18 01:00:00,0.0,75.1,0.0,75.1,0.0,75.1
2026-01-18 02:00:00,0.0,71.34,0.0,71.34,0.0,71.34
2026-01-18 03:00:00,0.0,63.84,0.0,63.84,0.0,63.84
2026-01-18 04:00:00,0.0,60.09,0.0,60.09,0.0,60.09
2026-01-18 05:00:00,0.0,65.72,0.0,65.72,0.0,65.72
2026-01-18 06:00:00,0.0,68.21,0.0,68.21,0.0,68.21
2026-01-18 07:00:00,0.0,61.96,0.0,61.96,0.0,61.96
2026-01-18 08:00:00,0.8,58.69,0.0,59.49,0.0,59.49
2026-01-18 09:00:00,21.51,4.66,0.0,26.16,0.0,26.16
2026-01-18 10:00:00,194.05,0.0,224.66,-30.61,0.0,-30.61
2026-01-18 11:00:00,28.28,0.0,96.86,-68.58,0.0,-68.58
2026-01-18 12:00:00,147.82,0.0,235.89,-88.08,0.0,-88.08
2026-01-18 13:00:00,317.96,0.0,416.41,-98.45,0.0,-98.45
2026-01-18 14:00:00,261.08,0.0,375.1,-114.01,0.0,-114.01
2026-01-18 15:00:00,69.93,0.0,143.54,-73.61,0.0,-73.61
2026-01-18 16:00:00,20.42,0.0,1.95,18.48,0.0,18.48
2026-01-18 17:00:00,1.09,82.2,0.0,83.29,0.0,83.29
2026-01-18 18:00:00,0.0,103.85,0.0,103.85,0.0,103.85
2026-01-18 19:00:00,0.0,122.59,0.0,122.59,0.0,122.59
2026-01-18 20:00:00,0.0,145.09,0.0,145.09,0.0,145.09
2026-01-18 21:00:00,0.0,182.58,0.0,182.58,0.0,182.58
2026-01-18 22:00:00,0.0,258.84,0.0,258.84,0.0,258.84
2026-01-18 23:00:00,0.0,321.31,0.0,321.31,0.0,321.31
2026-01-19 00:00:00,0.0,364.45,0.0,364.45,0.0,364.45
2026-01-19 01:00:00,0.0,350.7,0.0,350.7,0.0,350.7
2026-01-19 02:00:00,0.0,400.69,0.0,400.69,0.0,400.69
2026-01-19 03:00:00,0.0,381.95,0.0,381.95,0.0,381.95
2026-01-19 04:00:00,0.0,381.31,0.0,381.31,0.0,381.31
2026-01-19 05:00:00,0.0,415.08,0.0,415.08,0.0,415.08
2026-01-19 06:00:00,0.0,496.32,0.0,496.32,0.83,495.5
2026-01-19 07:00:00,0.0,533.19,0.0,533.19,38.34,494.85
2026-01-19 08:00:00,2.37,585.93,0.0,588.3,64.5,523.8
2026-01-19 09:00:00,68.77,517.95,0.0,586.72,122.86,463.86
2026-01-19 10:00:00,235.31,359.75,0.0,595.06,105.03,490.03
2026-01-19 11:00:00,340.81,256.12,0.0,596.92,125.99,470.94
2026-01-19 12:00:00,391.44,28.59,0.0,420.02,127.77,292.26
2026-01-19 13:00:00,391.41,0.0,39.47,351.94,109.42,242.52
2026-01-19 14:00:00,316.95,39.04,0.0,355.99,80.41,275.58
2026-01-19 15:00:00,170.98,245.69,0.0,416.68,43.98,372.7
2026-01-19 16:00:00,46.27,398.48,0.0,444.75,23.82,420.93
2026-01-19 17:00:00,2.64,423.86,0.0,426.5,12.47,414.03
2026-01-19 18:00:00,0.0,447.58,0.0,447.58,0.39,447.18
2026-01-19 19:00:00,0.0,432.56,0.0,432.56,0.0,432.56
2026-01-19 20:00:00,0.0,414.45,0.0,414.45,0.0,414.45
2026-01-19 21:00:00,0.0,427.56,0.0,427.56,0.0,427.56
2026-01-19 22:00:00,0.0,451.32,0.0,451.32,0.0,451.32
2026-01-19 23:00:00,0.0,470.06,0.0,470.06,0.0,470.06
2026-01-20 00:00:00,0.0,438.2,0.0,438.2,0.0,438.2
2026-01-20 01:00:00,0.0,363.82,0.0,363.82,0.0,363.82
2026-01-20 02:00:00,0.0,425.06,0.0,425.06,0.0,425.06
2026-01-20 03:00:00,0.0,519.45,0.0,519.45,0.0,519.45
2026-01-20 04:00:00,0.0,526.33,0.0,526.33,0.0,526.33
2026-01-20 05:00:00,0.0,488.19,0.0,488.19,0.0,488.19
2026-01-20 06:00:00,0.0,536.31,0.0,536.31,0.0,536.31
2026-01-20 07:00:00,0.0,563.2,0.0,563.2,7.46,555.74
2026-01-20 08:00:00,4.59,571.11,0.0,575.7,70.97,504.73
2026-01-20 09:00:00,53.72,532.64,0.0,586.36,111.86,474.5
2026-01-20 10:00:00,114.19,424.63,0.0,538.81,146.25,392.56
2026-01-20 11:00:00,97.66,406.54,0.0,504.2,121.53,382.66
2026-01-20 12:00:00,213.51,242.34,0.0,455.85,66.54,389.31
2026-01-20 13:00:00,304.44,107.16,0.0,411.6,35.41,376.19
2026-01-20 14:00:00,208.48,172.5,0.0,380.99,21.14,359.84
2026-01-20 15:00:00,166.01,248.54,0.0,414.55,20.74,393.81
2026-01-20 16:00:00,52.24,423.95,0.0,476.19,3.13,473.06
2026-01-20 17:00:00,5.2,458.62,0.0,463.81,0.48,463.34
2026-01-20 18:00:00,0.0,491.32,0.0,491.32,0.0,491.32
2026-01-20 19:00:00,0.0,485.69,0.0,485.69,0.0,485.69
2026-01-20 20:00:00,0.0,456.32,0.0,456.32,0.0,456.32
2026-01-20 21:00:00,0.0,465.06,0.0,465.06,0.0,465.06
2026-01-20 22:00:00,0.0,481.95,0.0,481.95,0.0,481.95
2026-01-20 23:00:00,0.0,525.69,0.0,525.69,0.0,525.69
2026-01-21 00:00:00,0.0,506.31,0.0,506.31,0.0,506.31
2026-01-21 01:00:00,0.0,482.58,0.0,482.58,0.0,482.58
2026-01-21 02:00:00,0.0,486.31,0.0,486.31,0.0,486.31
2026-01-21 03:00:00,0.0,526.95,0.0,526.95,0.0,526.95
2026-01-21 04:00:00,0.0,472.56,0.0,472.56,0.0,472.56
2026-01-21 05:00:00,0.0,488.81,0.0,488.81,0.0,488.81
2026-01-21 06:00:00,0.0,498.2,0.0,498.2,0.0,498.2
2026-01-21 07:00:00,0.0,524.44,0.0,524.44,5.78,518.66
2026-01-21 08:00:00,0.66,591.92,0.0,592.58,29.27,563.3
2026-01-21 09:00:00,32.19,572.78,0.0,604.96,14.28,590.68
2026-01-21 10:00:00,117.46,469.21,0.0,586.67,65.99,520.68
2026-01-21 11:00:00,106.11,350.58,0.0,456.69,50.84,405.85
2026-01-21 12:00:00,150.05,203.4,0.0,353.45,39.26,314.19
2026-01-21 13:00:00,118.65,202.68,0.0,321.34,14.3,307.04
2026-01-21 14:00:00,79.99,262.18,0.0,342.18,11.21,330.97
2026-01-21 15:00:00,47.1,337.21,0.0,384.31,11.2,373.11
2026-01-21 16:00:00,18.99,393.51,0.0,412.5,0.55,411.95
2026-01-21 17:00:00,0.31,364.9,0.0,365.21,0.66,364.55
2026-01-21 18:00:00,0.0,440.7,0.0,440.7,0.0,440.7
2026-01-21 19:00:00,0.0,425.08,0.0,425.08,0.0,425.08
2026-01-21 20:00:00,0.0,400.06,0.0,400.06,0.0,400.06
2026-01-21 21:00:00,0.0,373.82,0.0,373.82,0.0,373.82
2026-01-21 22:00:00,0.0,396.94,0.0,396.94,0.0,396.94
2026-01-21 23:00:00,0.0,369.45,0.0,369.45,0.0,369.45
2026-01-22 00:00:00,0.0,396.32,0.0,396.32,0.0,396.32
2026-01-22 01:00:00,0.0,390.06,0.0,390.06,0.0,390.06
2026-01-22 02:00:00,0.0,410.08,0.0,410.08,0.0,410.08
2026-01-22 03:00:00,0.0,469.45,0.0,469.45,0.0,469.45
2026-01-22 04:00:00,0.0,400.06,0.0,400.06,0.0,400.06
2026-01-22 05:00:00,0.0,423.82,0.0,423.82,0.0,423.82
2026-01-22 06:00:00,0.0,445.69,0.0,445.69,0.36,445.33
2026-01-22 07:00:00,0.0,430.7,0.0,430.7,21.82,408.88
2026-01-22 08:00:00,0.0,575.36,0.0,575.36,70.41,504.95
2026-01-22 09:00:00,13.51,535.31,0.0,548.81,136.47,412.35
2026-01-22 10:00:00,87.89,392.97,0.0,480.86,118.61,362.25
2026-01-22 11:00:00,286.33,170.47,0.0,456.8,93.57,363.23
2026-01-22 12:00:00,375.37,0.0,7.16,368.21,76.42,291.8
2026-01-22 13:00:00,331.53,21.12,0.0,352.65,61.05,291.6
2026-01-22 14:00:00,281.0,23.22,0.0,304.23,41.22,263.01
2026-01-22 15:00:00,176.65,205.95,0.0,382.6,31.31,351.29
2026-01-22 16:00:00,57.5,351.58,0.0,409.08,10.44,398.63
2026-01-22 17:00:00,3.74,409.66,0.0,413.4,0.0,413.4
2026-01-22 18:00:00,0.0,431.94,0.0,431.94,0.0,431.94
2026-01-22 19:00:00,0.0,440.08,0.0,440.08,0.0,440.08
2026-01-22 20:00:00,0.0,400.69,0.0,400.69,0.0,400.69
2026-01-22 21:00:00,0.0,368.2,0.0,368.2,0.0,368.2
2026-01-22 22:00:00,0.0,329.44,0.0,329.44,0.0,329.44
2026-01-22 23:00:00,0.0,356.95,0.0,356.95,0.0,356.95
2026-01-23 00:00:00,0.0,343.19,0.0,343.19,0.0,343.19
2026-01-23 01:00:00,0.0,312.58,0.0,312.58,0.0,312.58
2026-01-23 02:00:00,0.0,303.81,0.0,303.81,0.0,303.81
2026-01-23 03:00:00,0.0,330.06,0.0,330.06,0.0,330.06
2026-01-23 04:00:00,0.0,349.45,0.0,349.45,0.0,349.45
2026-01-23 05:00:00,0.0,382.56,0.0,382.56,0.0,382.56
2026-01-23 06:00:00,0.0,389.45,0.0,389.45,1.22,388.24
2026-01-23 07:00:00,0.0,366.31,0.0,366.31,14.63,351.68
2026-01-23 08:00:00,4.86,423.99,0.0,428.85,45.23,383.62
2026-01-23 09:00:00,66.38,383.12,0.0,449.5,59.54,389.96
2026-01-23 10:00:00,118.26,348.23,0.0,466.49,58.64,407.85
2026-01-23 11:00:00,140.79,299.38,0.0,440.18,33.34,406.83
2026-01-23 12:00:00,154.91,189.42,0.0,344.32,18.52,325.8
2026-01-23 13:00:00,109.65,289.46,0.0,399.11,22.26,376.85
2026-01-23 14:00:00,34.5,392.21,0.0,426.71,14.59,412.12
2026-01-23 15:00:00,20.18,396.1,0.0,416.28,9.68,406.6
2026-01-23 16:00:00,3.88,388.06,0.0,391.94,4.17,387.77
2026-01-23 17:00:00,0.01,355.69,0.0,355.7,0.0,355.7
2026-01-23 18:00:00,0.0,345.7,0.0,345.7,0.0,345.7
2026-01-23 19:00:00,0.0,213.82,0.0,213.82,0.0,213.82
2026-01-23 20:00:00,0.0,138.21,0.0,138.21,0.0,138.21
2026-01-23 21:00:00,0.0,69.46,0.0,69.46,0.0,69.46
2026-01-23 22:00:00,0.0,64.47,0.0,64.47,0.0,64.47
2026-01-23 23:00:00,0.0,57.59,0.0,57.59,0.0,57.59
2026-01-24 00:00:00,0.0,58.22,0.0,58.22,0.0,58.22
2026-01-24 01:00:00,0.0,60.71,0.0,60.71,0.0,60.71
2026-01-24 02:00:00,0.0,65.71,0.0,65.71,0.0,65.71
2026-01-24 03:00:00,0.0,60.72,0.0,60.72,0.0,60.72
2026-01-24 04:00:00,0.0,64.46,0.0,64.46,0.0,64.46
2026-01-24 05:00:00,0.0,65.72,0.0,65.72,0.0,65.72
2026-01-24 06:00:00,0.0,66.34,0.0,66.34,0.0,66.34
2026-01-24 07:00:00,0.0,65.1,0.0,65.1,0.0,65.1
2026-01-24 08:00:00,3.02,48.67,0.0,51.69,0.0,51.69
2026-01-24 09:00:00,55.66,0.0,66.61,-10.95,0.0,-10.95
2026-01-24 10:00:00,150.2,0.0,282.21,-132.01,0.0,-132.01
2026-01-24 11:00:00,268.65,0.0,496.12,-227.48,0.0,-227.48
2026-01-24 12:00:00,331.23,0.0,583.7,-252.46,0.0,-252.46
2026-01-24 13:00:00,331.82,0.0,576.11,-244.29,0.0,-244.29
2026-01-24 14:00:00,126.68,0.0,335.75,-209.06,0.0,-209.06
2026-01-24 15:00:00,68.58,0.0,172.24,-103.66,0.0,-103.66
2026-01-24 16:00:00,23.95,0.0,24.51,-0.56,0.0,-0.56
2026-01-24 17:00:00,0.66,44.83,0.0,45.49,0.0,45.49
2026-01-24 18:00:00,0.0,50.09,0.0,50.09,0.0,50.09
2026-01-24 19:00:00,0.0,50.09,0.0,50.09,0.0,50.09
2026-01-24 20:00:00,0.0,49.48,0.0,49.48,0.0,49.48
2026-01-24 21:00:00,0.0,50.71,0.0,50.71,0.0,50.71
2026-01-24 22:00:00,0.0,61.98,0.0,61.98,0.0,61.98
2026-01-24 23:00:00,0.0,63.21,0.0,63.21,0.0,63.21
2026-01-25 00:00:00,0.0,62.6,0.0,62.6,0.0,62.6
2026-01-25 01:00:00,0.0,61.96,0.0,61.96,0.0,61.96
2026-01-25 02:00:00,0.0,64.47,0.0,64.47,0.0,64.47
2026-01-25 03:00:00,0.0,61.34,0.0,61.34,0.0,61.34
2026-01-25 04:00:00,0.0,56.35,0.0,56.35,0.0,56.35
2026-01-25 05:00:00,0.0,58.84,0.0,58.84,0.0,58.84
2026-01-25 06:00:00,0.0,66.97,0.0,66.97,0.0,66.97
2026-01-25 07:00:00,0.0,71.96,0.0,71.96,0.0,71.96
2026-01-25 08:00:00,4.32,64.56,0.0,68.88,0.0,68.88
2026-01-25 09:00:00,43.24,0.0,1.16,42.08,0.0,42.08
2026-01-25 10:00:00,66.81,0.0,75.53,-8.72,0.0,-8.72
2026-01-25 11:00:00,69.15,0.0,116.94,-47.79,1.59,-49.38
2026-01-25 12:00:00,73.77,0.0,109.18,-35.41,4.64,-40.06
2026-01-25 13:00:00,93.84,0.0,149.27,-55.42,0.0,-55.42
2026-01-25 14:00:00,92.34,0.0,147.22,-54.88,0.0,-54.88
2026-01-25 15:00:00,35.09,0.0,66.41,-31.32,0.0,-31.32
2026-01-25 16:00:00,15.49,4.73,0.0,20.22,0.0,20.22
2026-01-25 17:00:00,1.02,89.1,0.0,90.12,0.0,90.12
2026-01-25 18:00:00,0.0,139.46,0.0,139.46,0.0,139.46
2026-01-25 19:00:00,0.0,120.71,0.0,120.71,0.0,120.71
2026-01-25 20:00:00,0.0,118.85,0.0,118.85,0.0,118.85
2026-01-25 21:00:00,0.0,250.7,0.0,250.7,0.0,250.7
2026-01-25 22:00:00,0.0,296.32,0.0,296.32,0.0,296.32
2026-01-25 23:00:00,0.0,313.81,0.0,313.81,0.0,313.81
2026-01-26 00:00:00,0.0,336.95,0.0,336.95,0.0,336.95
2026-01-26 01:00:00,0.0,319.45,0.0,319.45,0.0,319.45
2026-01-26 02:00:00,0.0,382.56,0.0,382.56,0.0,382.56
2026-01-26 03:00:00,0.0,420.08,0.0,420.08,0.0,420.08
2026-01-26 04:00:00,0.0,420.06,0.0,420.06,0.0,420.06
2026-01-26 05:00:00,0.0,476.31,0.0,476.31,0.0,476.31
2026-01-26 06:00:00,0.0,432.58,0.0,432.58,0.0,432.58
2026-01-26 07:00:00,0.0,458.81,0.0,458.81,25.73,433.08
2026-01-26 08:00:00,0.24,577.96,0.0,578.2,103.53,474.67
2026-01-26 09:00:00,24.38,554.44,0.0,578.83,146.54,432.29
2026-01-26 10:00:00,239.13,346.8,0.0,585.92,125.44,460.48
2026-01-26 11:00:00,363.54,212.83,0.0,576.36,122.55,453.81
2026-01-26 12:00:00,426.18,71.74,0.0,497.91,94.07,403.84
2026-01-26 13:00:00,424.81,65.09,0.0,489.9,56.84,433.06
2026-01-26 14:00:00,349.04,172.23,0.0,521.28,33.88,487.39
2026-01-26 15:00:00,221.78,289.72,0.0,511.5,25.97,485.54
2026-01-26 16:00:00,70.99,440.22,0.0,511.21,18.86,492.35
2026-01-26 17:00:00,5.56,465.84,0.0,471.4,4.99,466.42
2026-01-26 18:00:00,0.0,474.45,0.0,474.45,3.6,470.85
2026-01-26 19:00:00,0.0,498.81,0.0,498.81,1.43,497.39
2026-01-26 20:00:00,0.0,430.08,0.0,430.08,0.0,430.08
2026-01-26 21:00:00,0.0,381.95,0.0,381.95,0.0,381.95
2026-01-26 22:00:00,0.0,421.94,0.0,421.94,0.0,421.94
2026-01-26 23:00:00,0.0,445.08,0.0,445.08,0.0,445.08
2026-01-27 00:00:00,0.0,480.06,0.0,480.06,0.0,480.06
2026-01-27 01:00:00,0.0,386.95,0.0,386.95,0.0,386.95
2026-01-27 02:00:00,0.0,470.7,0.0,470.7,0.0,470.7
2026-01-27 03:00:00,0.0,475.06,0.0,475.06,0.0,475.06
2026-01-27 04:00:00,0.0,450.7,0.0,450.7,0.0,450.7
2026-01-27 05:00:00,0.0,413.2,0.0,413.2,0.0,413.2
2026-01-27 06:00:00,0.0,438.19,0.0,438.19,0.0,438.19
2026-01-27 07:00:00,0.0,474.45,0.0,474.45,10.6,463.85
2026-01-27 08:00:00,7.15,549.79,0.0,556.94,45.61,511.33
2026-01-27 09:00:00,96.86,495.98,0.0,592.84,97.78,495.05
2026-01-27 10:00:00,236.92,328.68,0.0,565.6,129.54,436.07
2026-01-27 11:00:00,347.58,218.89,0.0,566.48,122.64,443.83
2026-01-27 12:00:00,439.49,113.74,0.0,553.24,106.07,447.17
2026-01-27 13:00:00,281.56,296.6,0.0,578.16,64.07,514.09
2026-01-27 14:00:00,198.03,368.77,0.0,566.8,35.25,531.55
2026-01-27 15:00:00,135.25,383.13,0.0,518.39,7.34,511.05
2026-01-27 16:00:00,61.03,403.35,0.0,464.38,4.83,459.54
2026-01-27 17:00:00,5.04,461.9,0.0,466.94,1.07,465.87
2026-01-27 18:00:00,0.0,485.06,0.0,485.06,0.58,484.48
2026-01-27 19:00:00,0.0,477.58,0.0,477.58,0.0,477.58
2026-01-27 20:00:00,0.0,436.95,0.0,436.95,0.0,436.95
2026-01-27 21:00:00,0.0,380.06,0.0,380.06,0.0,380.06
2026-01-27 22:00:00,0.0,398.2,0.0,398.2,0.0,398.2
2026-01-27 23:00:00,0.0,433.2,0.0,433.2,0.0,433.2
2026-01-28 00:00:00,0.0,466.94,0.0,466.94,0.0,466.94
2026-01-28 01:00:00,0.0,440.08,0.0,440.08,0.0,440.08
2026-01-28 02:00:00,0.0,471.31,0.0,471.31,0.0,471.31
2026-01-28 03:00:00,0.0,484.45,0.0,484.45,0.0,484.45
2026-01-28 04:00:00,0.0,476.31,0.0,476.31,0.0,476.31
2026-01-28 05:00:00,0.0,506.32,0.0,506.32,0.0,506.32
2026-01-28 06:00:00,0.0,475.7,0.0,475.7,0.0,475.7
2026-01-28 07:00:00,0.0,561.94,0.0,561.94,16.78,545.16
2026-01-28 08:00:00,9.52,587.53,0.0,597.05,26.39,570.66
2026-01-28 09:00:00,110.17,473.68,0.0,583.85,58.16,525.69
2026-01-28 10:00:00,208.16,287.09,0.0,495.25,89.4,405.85
2026-01-28 11:00:00,279.6,112.6,0.0,392.2,69.78,322.42
2026-01-28 12:00:00,392.19,0.0,75.15,317.04,56.72,260.32
2026-01-28 13:00:00,310.15,16.42,0.0,326.58,43.73,282.84
2026-01-28 14:00:00,337.0,0.0,40.12,296.89,19.61,277.28
2026-01-28 15:00:00,193.73,117.77,0.0,311.5,11.06,300.44
2026-01-28 16:00:00,84.2,255.75,0.0,339.95,11.05,328.9
2026-01-28 17:00:00,7.07,333.64,0.0,340.71,2.26,338.45
2026-01-28 18:00:00,0.0,343.81,0.0,343.81,0.0,343.81
2026-01-28 19:00:00,0.0,343.2,0.0,343.2,0.0,343.2
2026-01-28 20:00:00,0.0,326.32,0.0,326.32,0.0,326.32
2026-01-28 21:00:00,0.0,348.81,0.0,348.81,0.0,348.81
2026-01-28 22:00:00,0.0,371.95,0.0,371.95,0.0,371.95
2026-01-28 23:00:00,0.0,406.31,0.0,406.31,0.0,406.31
2026-01-29 00:00:00,0.0,389.45,0.0,389.45,0.0,389.45
2026-01-29 01:00:00,0.0,343.2,0.0,343.2,0.0,343.2
2026-01-29 02:00:00,0.0,363.2,0.0,363.2,0.0,363.2
2026-01-29 03:00:00,0.0,418.81,0.0,418.81,0.0,418.81
2026-01-29 04:00:00,0.0,373.82,0.0,373.82,0.0,373.82
2026-01-29 05:00:00,0.0,428.2,0.0,428.2,1.45,426.75
2026-01-29 06:00:00,0.0,441.31,0.0,441.31,10.55,430.76
2026-01-29 07:00:00,0.0,430.08,0.0,430.08,10.6,419.48
2026-01-29 08:00:00,3.58,492.12,0.0,495.7,41.23,454.47
2026-01-29 09:00:00,51.29,519.11,0.0,570.4,61.28,509.12
2026-01-29 10:00:00,226.32,349.32,0.0,575.64,52.51,523.13
2026-01-29 11:00:00,351.13,232.52,0.0,583.65,38.09,545.56
2026-01-29 12:00:00,358.44,190.77,0.0,549.21,46.47,502.75
2026-01-29 13:00:00,395.2,137.6,0.0,532.8,31.94,500.86
2026-01-29 14:00:00,292.66,148.85,0.0,441.51,21.7,419.81
2026-01-29 15:00:00,142.28,312.86,0.0,455.14,11.0,444.14
2026-01-29 16:00:00,51.96,441.14,0.0,493.1,0.0,493.1
2026-01-29 17:00:00,4.98,396.37,0.0,401.35,0.06,401.29
2026-01-29 18:00:00,0.0,383.81,0.0,383.81,5.71,378.1
2026-01-29 19:00:00,0.0,391.32,0.0,391.32,0.0,391.32
2026-01-29 20:00:00,0.0,378.82,0.0,378.82,0.0,378.82
2026-01-29 21:00:00,0.0,366.95,0.0,366.95,0.0,366.95
2026-01-29 22:00:00,0.0,392.56,0.0,392.56,0.0,392.56
2026-01-29 23:00:00,0.0,398.2,0.0,398.2,0.0,398.2
2026-01-30 00:00:00,0.0,368.2,0.0,368.2,0.0,368.2
2026-01-30 01:00:00,0.0,340.08,0.0,340.08,0.0,340.08
2026-01-30 02:00:00,0.0,369.44,0.0,369.44,0.0,369.44
2026-01-30 03:00:00,0.0,361.95,0.0,361.95,0.0,361.95
2026-01-30 04:00:00,0.0,391.32,0.0,391.32,0.0,391.32
2026-01-30 05:00:00,0.0,437.56,0.0,437.56,0.92,436.64
2026-01-30 06:00:00,0.0,413.82,0.0,413.82,8.18,405.64
2026-01-30 07:00:00,0.0,397.56,0.0,397.56,31.53,366.04
2026-01-30 08:00:00,3.4,509.22,0.0,512.61,85.13,427.48
2026-01-30 09:00:00,30.63,454.32,0.0,484.95,109.6,375.35
2026-01-30 10:00:00,66.6,297.13,0.0,363.72,78.81,284.91
2026-01-30 11:00:00,78.37,238.2,0.0,316.56,31.85,284.71
2026-01-30 12:00:00,83.29,213.77,0.0,297.06,13.31,283.75
2026-01-30 13:00:00,73.28,301.73,0.0,375.01,8.35,366.66
2026-01-30 14:00:00,53.5,304.01,0.0,357.51,11.25,346.26
2026-01-30 15:00:00,29.11,318.27,0.0,347.38,0.94,346.44
2026-01-30 16:00:00,12.99,385.29,0.0,398.29,3.88,394.41
2026-01-30 17:00:00,0.29,364.84,0.0,365.12,12.12,353.01
2026-01-30 18:00:00,0.0,263.82,0.0,263.82,11.2,252.62
2026-01-30 19:00:00,0.0,213.82,0.0,213.82,11.25,202.58
2026-01-30 20:00:00,0.0,137.59,0.0,137.59,11.28,126.31
2026-01-30 21:00:00,0.0,73.22,0.0,73.22,11.23,62.0
2026-01-30 22:00:00,0.0,68.84,0.0,68.84,2.69,66.14
2026-01-30 23:00:00,0.0,65.09,0.0,65.09,0.0,65.09
2026-01-31 00:00:00,0.0,60.1,0.0,60.1,0.0,60.1
2026-01-31 01:00:00,0.0,57.59,0.0,57.59,0.0,57.59
2026-01-31 02:00:00,0.0,58.84,0.0,58.84,0.0,58.84
2026-01-31 03:00:00,0.0,55.72,0.0,55.72,0.0,55.72
2026-01-31 04:00:00,0.0,52.59,0.0,52.59,0.0,52.59
2026-01-31 05:00:00,0.0,56.96,0.0,56.96,0.0,56.96
2026-01-31 06:00:00,0.0,55.1,0.0,55.1,0.0,55.1
2026-01-31 07:00:00,0.0,60.71,0.0,60.71,0.0,60.71
2026-01-31 08:00:00,2.25,58.69,0.0,60.94,0.0,60.94
2026-01-31 09:00:00,77.84,0.0,96.42,-18.58,0.0,-18.58
2026-01-31 10:00:00,272.68,0.0,440.77,-168.09,0.0,-168.09
2026-01-31 11:00:00,340.16,0.0,594.35,-254.19,0.0,-254.19
2026-01-31 12:00:00,375.75,0.0,637.24,-261.49,0.0,-261.49
2026-01-31 13:00:00,396.39,0.0,534.5,-138.11,0.0,-138.11
2026-01-31 14:00:00,188.68,0.0,346.94,-158.26,0.0,-158.26
2026-01-31 15:00:00,98.5,0.0,277.15,-178.65,0.0,-178.65
2026-01-31 16:00:00,29.18,0.0,48.28,-19.1,0.0,-19.1
2026-01-31 17:00:00,5.99,40.3,0.0,46.29,0.0,46.29
2026-01-31 18:00:00,0.0,60.1,0.0,60.1,0.0,60.1
2026-01-31 19:00:00,0.0,62.59,0.0,62.59,0.0,62.59
2026-01-31 20:00:00,0.0,58.21,0.0,58.21,0.0,58.21
2026-01-31 21:00:00,0.0,52.6,0.0,52.6,0.0,52.6
2026-01-31 22:00:00,0.0,50.09,0.0,50.09,0.0,50.09
2026-01-31 23:00:00,0.0,56.34,0.0,56.34,0.0,56.34
2026-02-01 00:00:00,0.0,56.98,0.0,56.98,0.0,56.98
2026-02-01 01:00:00,0.0,53.84,0.0,53.84,0.0,53.84
2026-02-01 02:00:00,0.0,64.47,0.0,64.47,0.0,64.47
2026-02-01 03:00:00,0.0,67.59,0.0,67.59,0.0,67.59
2026-02-01 04:00:00,0.0,61.98,0.0,61.98,0.0,61.98
2026-02-01 05:00:00,0.0,55.71,0.0,55.71,0.0,55.71
2026-02-01 06:00:00,0.0,58.22,0.0,58.22,0.0,58.22
2026-02-01 07:00:00,0.0,58.21,0.0,58.21,0.0,58.21
2026-02-01 08:00:00,14.84,42.39,0.0,57.22,0.0,57.22
2026-02-01 09:00:00,115.52,0.0,85.45,30.08,0.0,30.08
2026-02-01 10:00:00,213.07,0.0,198.73,14.34,0.0,14.34
2026-02-01 11:00:00,368.76,0.0,376.02,-7.26,0.0,-7.26
2026-02-01 12:00:00,443.12,0.0,464.84,-21.71,0.0,-21.71
2026-02-01 13:00:00,448.15,0.0,472.48,-24.32,0.0,-24.32
2026-02-01 14:00:00,388.18,0.0,412.17,-23.99,0.0,-23.99
2026-02-01 15:00:00,243.29,0.0,253.92,-10.62,0.0,-10.62
2026-02-01 16:00:00,89.19,0.0,56.92,32.28,0.0,32.28
2026-02-01 17:00:00,9.97,85.12,0.0,95.09,0.0,95.09
2026-02-01 18:00:00,0.0,80.71,0.0,80.71,0.0,80.71
2026-02-01 19:00:00,0.0,81.34,0.0,81.34,0.0,81.34
2026-02-01 20:00:00,0.0,92.6,0.0,92.6,0.0,92.6
2026-02-01 21:00:00,0.0,149.45,0.0,149.45,0.0,149.45
2026-02-01 22:00:00,0.0,223.21,0.0,223.21,0.0,223.21
2026-02-01 23:00:00,0.0,311.34,0.0,311.34,0.0,311.34
2026-02-02 00:00:00,0.0,274.45,0.0,274.45,0.0,274.45
2026-02-02 01:00:00,0.0,251.34,0.0,251.34,0.0,251.34
2026-02-02 02:00:00,0.0,263.2,0.0,263.2,0.0,263.2
2026-02-02 03:00:00,0.0,293.21,0.0,293.21,0.0,293.21
2026-02-02 04:00:00,0.0,341.95,0.0,341.95,0.0,341.95
2026-02-02 05:00:00,0.0,410.69,0.0,410.69,0.0,410.69
2026-02-02 06:00:00,0.0,395.08,0.0,395.08,0.0,395.08
2026-02-02 07:00:00,0.0,422.58,0.0,422.58,15.76,406.81
2026-02-02 08:00:00,8.22,511.28,0.0,519.5,71.97,447.53
2026-02-02 09:00:00,44.61,543.91,0.0,588.51,61.47,527.05
2026-02-02 10:00:00,118.73,473.64,0.0,592.38,75.92,516.46
2026-02-02 11:00:00,316.7,220.33,0.0,537.02,101.63,435.4
2026-02-02 12:00:00,441.62,0.0,12.81,428.81,80.82,348.0
2026-02-02 13:00:00,425.64,0.0,76.44,349.2,49.58,299.62
2026-02-02 14:00:00,391.35,71.67,0.0,463.02,32.15,430.88
2026-02-02 15:00:00,225.69,284.03,0.0,509.72,24.89,484.84
2026-02-02 16:00:00,70.83,437.02,0.0,507.85,16.94,490.91
2026-02-02 17:00:00,11.33,490.03,0.0,501.36,4.0,497.36
2026-02-02 18:00:00,0.0,476.94,0.0,476.94,2.0,474.94
2026-02-02 19:00:00,0.0,515.7,0.0,515.7,0.03,515.67
2026-02-02 20:00:00,0.0,433.81,0.0,433.81,0.0,433.81
2026-02-02 21:00:00,0.0,447.58,0.0,447.58,0.0,447.58
2026-02-02 22:00:00,0.0,425.69,0.0,425.69,0.0,425.69
2026-02-02 23:00:00,0.0,470.7,0.0,470.7,0.0,470.7
2026-02-03 00:00:00,0.0,458.19,0.0,458.19,0.0,458.19
2026-02-03 01:00:00,0.0,429.45,0.0,429.45,0.0,429.45
2026-02-03 02:00:00,0.0,451.94,0.0,451.94,0.0,451.94
2026-02-03 03:00:00,0.0,462.58,0.0,462.58,0.0,462.57
2026-02-03 04:00:00,0.0,443.81,0.0,443.81,0.0,443.81
2026-02-03 05:00:00,0.0,457.58,0.0,457.58,0.0,457.58
2026-02-03 06:00:00,0.0,448.19,0.0,448.19,2.37,445.82
2026-02-03 07:00:00,0.0,511.32,0.0,511.32,20.67,490.66
2026-02-03 08:00:00,2.26,563.58,0.0,565.84,27.22,538.61
2026-02-03 09:00:00,16.81,524.8,0.0,541.61,81.62,459.99
2026-02-03 10:00:00,63.28,506.68,0.0,569.96,68.54,501.43
2026-02-03 11:00:00,214.02,345.42,0.0,559.44,91.08,468.36
2026-02-03 12:00:00,154.7,294.72,0.0,449.42,92.91,356.52
2026-02-03 13:00:00,103.57,342.63,0.0,446.2,49.61,396.59
2026-02-03 14:00:00,87.12,371.66,0.0,458.79,21.3,437.49
2026-02-03 15:00:00,122.18,329.96,0.0,452.14,7.42,444.71
2026-02-03 16:00:00,79.36,426.33,0.0,505.69,5.29,500.39
2026-02-03 17:00:00,5.03,482.53,0.0,487.56,0.92,486.64
2026-02-03 18:00:00,0.0,455.7,0.0,455.7,1.33,454.37
2026-02-03 19:00:00,0.0,425.69,0.0,425.69,0.0,425.69
2026-02-03 20:00:00,0.0,413.82,0.0,413.82,0.0,413.82
2026-02-03 21:00:00,0.0,426.32,0.0,426.32,0.0,426.32
2026-02-03 22:00:00,0.0,429.44,0.0,429.44,0.0,429.44
2026-02-03 23:00:00,0.0,425.7,0.0,425.7,0.0,425.7
2026-02-04 00:00:00,0.0,430.69,0.0,430.69,0.0,430.69
2026-02-04 01:00:00,0.0,410.08,0.0,410.08,0.0,410.08
2026-02-04 02:00:00,0.0,415.7,0.0,415.7,0.0,415.7
2026-02-04 03:00:00,0.0,378.81,0.0,378.81,0.0,378.81
2026-02-04 04:00:00,0.0,379.45,0.0,379.45,0.0,379.45
2026-02-04 05:00:00,0.0,403.19,0.0,403.19,0.0,403.19
2026-02-04 06:00:00,0.0,423.82,0.0,423.82,0.0,423.82
2026-02-04 07:00:00,0.0,506.95,0.0,506.95,11.1,495.85
2026-02-04 08:00:00,9.88,561.63,0.0,571.51,38.34,533.17
2026-02-04 09:00:00,101.17,398.95,0.0,500.11,113.32,386.79
2026-02-04 10:00:00,133.26,288.48,0.0,421.74,110.7,311.04
2026-02-04 11:00:00,254.79,39.65,0.0,294.44,73.89,220.54
2026-02-04 12:00:00,269.25,0.0,99.71,169.54,45.99,123.54
2026-02-04 13:00:00,147.08,94.79,0.0,241.88,24.41,217.46
2026-02-04 14:00:00,243.21,200.19,0.0,443.4,7.79,435.61
2026-02-04 15:00:00,188.08,275.17,0.0,463.25,3.66,459.58
2026-02-04 16:00:00,30.37,469.44,0.0,499.81,3.68,496.13
2026-02-04 17:00:00,4.2,444.32,0.0,448.51,6.17,442.34
2026-02-04 18:00:00,0.0,490.69,0.0,490.69,3.62,487.06
2026-02-04 19:00:00,0.0,462.58,0.0,462.58,1.64,460.94
2026-02-04 20:00:00,0.0,457.56,0.0,457.56,0.0,457.56
2026-02-04 21:00:00,0.0,466.32,0.0,466.32,0.0,466.32
2026-02-04 22:00:00,0.0,435.69,0.0,435.69,0.0,435.69
2026-02-04 23:00:00,0.0,437.58,0.0,437.58,0.0,437.58
2026-02-05 00:00:00,0.0,449.45,0.0,449.45,0.0,449.45
2026-02-05 01:00:00,0.0,429.44,0.0,429.44,0.0,429.44
2026-02-05 02:00:00,0.0,443.82,0.0,443.82,0.0,443.82
2026-02-05 03:00:00,0.0,455.08,0.0,455.08,0.0,455.08
2026-02-05 04:00:00,0.0,440.69,0.0,440.69,0.0,440.69
2026-02-05 05:00:00,0.0,442.58,0.0,442.58,0.0,442.58
2026-02-05 06:00:00,0.0,481.94,0.0,481.94,0.36,481.58
2026-02-05 07:00:00,0.0,574.44,0.0,574.44,9.36,565.08
2026-02-05 08:00:00,7.5,598.65,0.0,606.15,22.42,583.73
2026-02-05 09:00:00,57.13,527.35,0.0,584.48,111.04,473.44
2026-02-05 10:00:00,104.06,467.74,0.0,571.8,116.68,455.12
2026-02-05 11:00:00,122.62,452.42,0.0,575.04,138.4,436.64
2026-02-05 12:00:00,144.87,281.11,0.0,425.98,116.8,309.18
2026-02-05 13:00:00,166.9,325.5,0.0,492.4,70.14,422.26
2026-02-05 14:00:00,127.59,318.61,0.0,446.2,54.17,392.03
2026-02-05 15:00:00,65.18,472.29,0.0,537.48,29.98,507.5
2026-02-05 16:00:00,34.79,493.95,0.0,528.74,13.19,515.54
2026-02-05 17:00:00,2.84,487.23,0.0,490.08,1.82,488.26
2026-02-05 18:00:00,0.0,498.19,0.0,498.19,0.0,498.19
2026-02-05 19:00:00,0.0,475.7,0.0,475.7,0.1,475.6
2026-02-05 20:00:00,0.0,456.94,0.0,456.94,0.0,456.94
2026-02-05 21:00:00,0.0,435.06,0.0,435.06,0.0,435.06
2026-02-05 22:00:00,0.0,455.08,0.0,455.08,0.0,455.07
2026-02-05 23:00:00,0.0,448.19,0.0,448.19,0.0,448.19
2026-02-06 00:00:00,0.0,470.08,0.0,470.08,0.0,470.08
2026-02-06 01:00:00,0.0,458.81,0.0,458.81,0.0,458.81
2026-02-06 02:00:00,0.0,480.69,0.0,480.69,0.0,480.69
2026-02-06 03:00:00,0.0,454.45,0.0,454.45,0.0,454.45
2026-02-06 04:00:00,0.0,451.94,0.0,451.94,0.0,451.94
2026-02-06 05:00:00,0.0,486.95,0.0,486.95,0.0,486.95
2026-02-06 06:00:00,0.0,506.94,0.0,506.94,1.02,505.91
2026-02-06 07:00:00,0.0,559.45,0.0,559.45,31.26,528.19
2026-02-06 08:00:00,1.61,580.64,0.0,582.25,76.0,506.25
2026-02-06 09:00:00,18.36,528.28,0.0,546.64,111.62,435.02
2026-02-06 10:00:00,29.82,456.3,0.0,486.11,106.51,379.6
2026-02-06 11:00:00,105.92,298.0,0.0,403.92,77.87,326.06
2026-02-06 12:00:00,155.78,264.58,0.0,420.36,53.77,366.59
2026-02-06 13:00:00,209.97,62.22,0.0,272.19,28.42,243.77
2026-02-06 14:00:00,159.12,155.53,0.0,314.65,10.68,303.97
2026-02-06 15:00:00,112.45,222.01,0.0,334.46,5.52,328.94
2026-02-06 16:00:00,70.75,261.93,0.0,332.68,0.23,332.44
2026-02-06 17:00:00,5.64,323.05,0.0,328.69,0.52,328.17
2026-02-06 18:00:00,0.0,333.81,0.0,333.81,0.0,333.81
2026-02-06 19:00:00,0.0,265.7,0.0,265.7,0.0,265.7
2026-02-06 20:00:00,0.0,160.09,0.0,160.09,0.0,160.09
2026-02-06 21:00:00,0.0,59.46,0.0,59.46,0.0,59.46
2026-02-06 22:00:00,0.0,53.21,0.0,53.21,0.0,53.21
2026-02-06 23:00:00,0.0,60.09,0.0,60.09,0.0,60.09
2026-02-07 00:00:00,0.0,58.84,0.0,58.84,0.0,58.84
2026-02-07 01:00:00,0.0,56.34,0.0,56.34,0.0,56.34
2026-02-07 02:00:00,0.0,56.96,0.0,56.96,0.0,56.96
2026-02-07 03:00:00,0.0,55.71,0.0,55.71,0.0,55.71
2026-02-07 04:00:00,0.0,53.84,0.0,53.84,0.0,53.84
2026-02-07 05:00:00,0.0,59.46,0.0,59.46,0.0,59.46
2026-02-07 06:00:00,0.0,62.59,0.0,62.59,0.0,62.59
2026-02-07 07:00:00,0.0,107.59,0.0,107.59,0.0,107.59
2026-02-07 08:00:00,3.04,88.68,0.0,91.72,0.0,91.72
2026-02-07 09:00:00,29.07,0.0,65.24,-36.16,0.0,-36.16
2026-02-07 10:00:00,56.04,0.0,117.69,-61.65,0.0,-61.65
2026-02-07 11:00:00,160.16,0.0,391.2,-231.05,0.0,-231.05
2026-02-07 12:00:00,161.64,0.0,400.68,-239.04,0.0,-239.04
2026-02-07 13:00:00,236.47,0.0,430.22,-193.75,0.0,-193.75
2026-02-07 14:00:00,165.17,0.0,301.91,-136.74,0.0,-136.74
2026-02-07 15:00:00,129.25,0.0,181.18,-51.92,0.0,-51.92
2026-02-07 16:00:00,101.57,0.0,60.92,40.65,0.0,40.65
2026-02-07 17:00:00,11.85,59.22,0.0,71.08,0.0,71.08
2026-02-07 18:00:00,0.0,78.85,0.0,78.85,0.0,78.85
2026-02-07 19:00:00,0.0,79.46,0.0,79.46,0.0,79.46
2026-02-07 20:00:00,0.0,86.96,0.0,86.96,0.0,86.96
2026-02-07 21:00:00,0.0,86.96,0.0,86.96,0.0,86.96
2026-02-07 22:00:00,0.0,82.59,0.0,82.59,0.0,82.59
2026-02-07 23:00:00,0.0,83.21,0.0,83.21,0.0,83.21
2026-02-08 00:00:00,0.0,82.59,0.0,82.59,0.0,82.59
2026-02-08 01:00:00,0.0,84.46,0.0,84.46,0.0,84.46
2026-02-08 02:00:00,0.0,88.21,0.0,88.21,0.0,88.21
2026-02-08 03:00:00,0.0,95.09,0.0,95.09,0.0,95.09
2026-02-08 04:00:00,0.0,90.1,0.0,90.1,0.0,90.1
2026-02-08 05:00:00,0.0,83.21,0.0,83.21,0.0,83.21
2026-02-08 06:00:00,0.0,89.46,0.0,89.46,0.0,89.46
2026-02-08 07:00:00,0.0,88.21,0.0,88.21,0.0,88.21
2026-02-08 08:00:00,2.34,69.93,0.0,72.28,0.0,72.28
2026-02-08 09:00:00,18.89,0.0,20.47,-1.59,0.0,-1.59
2026-02-08 10:00:00,56.23,0.0,130.5,-74.28,0.0,-74.28
2026-02-08 11:00:00,40.04,0.0,277.27,-237.22,0.0,-237.22
2026-02-08 12:00:00,50.67,0.0,385.14,-334.48,0.0,-334.48
2026-02-08 13:00:00,49.58,0.0,292.88,-243.3,0.0,-243.3
2026-02-08 14:00:00,63.96,0.0,272.25,-208.29,0.0,-208.29
2026-02-08 15:00:00,58.31,0.0,210.94,-152.64,0.0,-152.64
2026-02-08 16:00:00,22.01,0.0,63.45,-41.44,0.0,-41.44
2026-02-08 17:00:00,2.38,86.24,0.0,88.62,0.0,88.62
2026-02-08 18:00:00,0.0,140.71,0.0,140.71,0.0,140.71
2026-02-08 19:00:00,0.0,141.96,0.0,141.96,0.0,141.96
2026-02-08 20:00:00,0.0,131.34,0.0,131.34,0.0,131.34
2026-02-08 21:00:00,0.0,262.58,0.0,262.58,0.0,262.58
2026-02-08 22:00:00,0.0,299.46,0.0,299.46,0.0,299.46
2026-02-08 23:00:00,0.0,294.45,0.0,294.45,0.0,294.45
2026-02-09 00:00:00,0.0,327.58,0.0,327.58,0.0,327.58
2026-02-09 01:00:00,0.0,343.82,0.0,343.82,0.0,343.82
2026-02-09 02:00:00,0.0,378.2,0.0,378.2,0.0,378.2
2026-02-09 03:00:00,0.0,380.08,0.0,380.08,0.0,380.08
2026-02-09 04:00:00,0.0,378.2,0.0,378.2,0.0,378.2
2026-02-09 05:00:00,0.0,437.58,0.0,437.58,0.0,437.58
2026-02-09 06:00:00,0.0,404.45,0.0,404.45,5.3,399.15
2026-02-09 07:00:00,0.0,499.44,0.0,499.44,46.07,453.37
2026-02-09 08:00:00,7.81,570.94,0.0,578.75,87.34,491.41
2026-02-09 09:00:00,77.62,497.46,0.0,575.09,146.51,428.57
2026-02-09 10:00:00,142.78,416.08,0.0,558.86,158.5,400.36
2026-02-09 11:00:00,248.94,197.1,0.0,446.04,143.23,302.8
2026-02-09 12:00:00,386.67,0.0,238.06,148.61,86.5,62.11
2026-02-09 13:00:00,207.29,8.31,0.0,215.6,36.76,178.84
2026-02-09 14:00:00,179.14,160.71,0.0,339.85,24.24,315.61
2026-02-09 15:00:00,221.74,161.19,0.0,382.92,13.69,369.24
2026-02-09 16:00:00,109.47,243.86,0.0,353.34,3.67,349.66
2026-02-09 17:00:00,20.87,379.47,0.0,400.34,4.46,395.87
2026-02-09 18:00:00,0.0,398.2,0.0,398.2,3.67,394.53
2026-02-09 19:00:00,0.0,397.56,0.0,397.56,3.67,393.89
2026-02-09 20:00:00,0.0,403.82,0.0,403.82,0.54,403.28
2026-02-09 21:00:00,0.0,356.95,0.0,356.95,0.0,356.95
2026-02-09 22:00:00,0.0,355.7,0.0,355.7,0.0,355.7
2026-02-09 23:00:00,0.0,362.56,0.0,362.56,0.0,362.56
2026-02-10 00:00:00,0.0,348.82,0.0,348.82,0.0,348.82
2026-02-10 01:00:00,0.0,339.45,0.0,339.45,0.0,339.45
2026-02-10 02:00:00,0.0,340.08,0.0,340.08,0.0,340.08
2026-02-10 03:00:00,0.0,343.21,0.0,343.21,0.0,343.21
2026-02-10 04:00:00,0.0,360.08,0.0,360.08,0.0,360.08
2026-02-10 05:00:00,0.0,446.94,0.0,446.94,0.0,446.94
2026-02-10 06:00:00,0.0,503.82,0.0,503.82,0.0,503.82
2026-02-10 07:00:00,0.0,522.56,0.0,522.56,4.37,518.19
2026-02-10 08:00:00,18.75,561.27,0.0,580.01,36.47,543.55
2026-02-10 09:00:00,108.08,473.49,0.0,581.58,100.62,480.95
2026-02-10 10:00:00,166.78,382.86,0.0,549.64,130.52,419.12
2026-02-10 11:00:00,173.93,302.2,0.0,476.12,108.21,367.91
2026-02-10 12:00:00,209.1,92.88,0.0,301.98,70.45,231.52
2026-02-10 13:00:00,204.87,91.93,0.0,296.8,48.62,248.18
2026-02-10 14:00:00,260.5,51.67,0.0,312.16,35.91,276.25
2026-02-10 15:00:00,194.34,172.81,0.0,367.15,19.56,347.59
2026-02-10 16:00:00,91.42,300.69,0.0,392.11,15.2,376.91
2026-02-10 17:00:00,9.78,401.78,0.0,411.56,4.98,406.58
2026-02-10 18:00:00,0.0,503.82,0.0,503.82,0.0,503.82
2026-02-10 19:00:00,0.0,504.44,0.0,504.44,0.61,503.83
2026-02-10 20:00:00,0.0,441.95,0.0,441.95,0.0,441.95
2026-02-10 21:00:00,0.0,365.69,0.0,365.69,0.0,365.69
2026-02-10 22:00:00,0.0,409.45,0.0,409.45,0.0,409.45
2026-02-10 23:00:00,0.0,445.08,0.0,445.08,0.0,445.08
2026-02-11 00:00:00,0.0,458.81,0.0,458.81,0.0,458.81
2026-02-11 01:00:00,0.0,394.45,0.0,394.45,0.0,394.45
2026-02-11 02:00:00,0.0,364.44,0.0,364.44,0.0,364.44
2026-02-11 03:00:00,0.0,419.45,0.0,419.45,0.0,419.45
2026-02-11 04:00:00,0.0,461.31,0.0,461.31,0.0,461.31
2026-02-11 05:00:00,0.0,458.2,0.0,458.2,0.0,458.2
2026-02-11 06:00:00,0.0,451.31,0.0,451.31,0.0,451.31
2026-02-11 07:00:00,0.0,518.83,0.0,518.83,5.62,513.2
2026-02-11 08:00:00,8.59,579.09,0.0,587.69,31.14,556.55
2026-02-11 09:00:00,79.26,504.64,0.0,583.9,88.32,495.58
2026-02-11 10:00:00,266.85,321.89,0.0,588.74,93.44,495.3
2026-02-11 11:00:00,218.09,368.66,0.0,586.75,96.23,490.52
2026-02-11 12:00:00,173.54,254.8,0.0,428.34,95.11,333.23
2026-02-11 13:00:00,133.02,274.63,0.0,407.65,61.56,346.09
2026-02-11 14:00:00,57.72,301.04,0.0,358.76,35.46,323.3
2026-02-11 15:00:00,92.93,384.47,0.0,477.4,32.51,444.89
2026-02-11 16:00:00,11.57,472.24,0.0,483.81,16.46,467.35
2026-02-11 17:00:00,4.91,450.03,0.0,454.94,2.53,452.41
2026-02-11 18:00:00,0.0,498.2,0.0,498.2,0.06,498.14
2026-02-11 19:00:00,0.0,470.06,0.0,470.06,0.0,470.06
2026-02-11 20:00:00,0.0,419.45,0.0,419.45,0.0,419.45
2026-02-11 21:00:00,0.0,376.32,0.0,376.32,0.0,376.32
2026-02-11 22:00:00,0.0,406.95,0.0,406.95,0.0,406.95
2026-02-11 23:00:00,0.0,341.32,0.0,341.32,0.0,341.32
2026-02-12 00:00:00,0.0,373.2,0.0,373.2,0.0,373.2
2026-02-12 01:00:00,0.0,346.32,0.0,346.32,0.0,346.32
2026-02-12 02:00:00,0.0,371.96,0.0,371.96,0.0,371.96
2026-02-12 03:00:00,0.0,393.82,0.0,393.82,0.0,393.82
2026-02-12 04:00:00,0.0,373.2,0.0,373.2,0.0,373.2
2026-02-12 05:00:00,0.0,421.31,0.0,421.31,0.0,421.31
2026-02-12 06:00:00,0.0,456.32,0.0,456.32,1.52,454.8
2026-02-12 07:00:00,0.01,518.19,0.0,518.2,21.0,497.2
2026-02-12 08:00:00,31.22,464.12,0.0,495.34,42.2,453.14
2026-02-12 09:00:00,149.48,300.06,0.0,449.54,74.46,375.08
2026-02-12 10:00:00,346.29,56.64,0.0,402.94,74.81,328.12
2026-02-12 11:00:00,439.68,0.0,124.58,315.1,63.18,251.92
2026-02-12 12:00:00,417.87,0.0,136.81,281.06,47.69,233.37
2026-02-12 13:00:00,456.22,0.0,266.89,189.32,21.97,167.35
2026-02-12 14:00:00,431.22,0.0,241.72,189.5,17.25,172.25
2026-02-12 15:00:00,352.7,0.0,77.28,275.41,6.36,269.05
2026-02-12 16:00:00,188.5,135.73,0.0,324.23,0.95,323.28
2026-02-12 17:00:00,27.71,373.58,0.0,401.29,0.1,401.18
2026-02-12 18:00:00,0.74,397.44,0.0,398.19,0.0,398.19
2026-02-12 19:00:00,0.0,382.58,0.0,382.58,0.0,382.58
2026-02-12 20:00:00,0.0,355.06,0.0,355.06,0.0,355.06
2026-02-12 21:00:00,0.0,353.2,0.0,353.2,0.0,353.2
2026-02-12 22:00:00,0.0,379.45,0.0,379.45,0.0,379.45
2026-02-12 23:00:00,0.0,355.69,0.0,355.69,0.0,355.69
2026-02-13 00:00:00,0.0,350.08,0.0,350.08,0.0,350.08
2026-02-13 01:00:00,0.0,351.94,0.0,351.94,0.0,351.94
2026-02-13 02:00:00,0.0,327.58,0.0,327.58,0.0,327.58
2026-02-13 03:00:00,0.0,331.32,0.0,331.32,0.0,331.32
2026-02-13 04:00:00,0.0,310.69,0.0,310.69,0.0,310.69
2026-02-13 05:00:00,0.0,363.2,0.0,363.2,0.0,363.2
2026-02-13 06:00:00,0.0,403.81,0.0,403.81,3.1,400.71
2026-02-13 07:00:00,0.02,454.43,0.0,454.45,21.32,433.13
2026-02-13 08:00:00,21.58,503.15,0.0,524.74,98.58,426.16
2026-02-13 09:00:00,112.57,429.92,0.0,542.49,132.06,410.43
2026-02-13 10:00:00,249.35,291.58,0.0,540.92,125.96,414.97
2026-02-13 11:00:00,349.71,117.27,0.0,466.98,88.45,378.52
2026-02-13 12:00:00,469.71,0.0,92.33,377.38,58.66,318.71
2026-02-13 13:00:00,476.01,0.0,117.37,358.64,23.86,334.78
2026-02-13 14:00:00,309.08,48.12,0.0,357.2,13.72,343.48
2026-02-13 15:00:00,90.71,267.75,0.0,358.46,8.54,349.92
2026-02-13 16:00:00,53.06,270.5,0.0,323.56,1.33,322.23
2026-02-13 17:00:00,18.39,321.9,0.0,340.29,0.0,340.29
2026-02-13 18:00:00,0.0,373.82,0.0,373.82,0.0,373.82
2026-02-13 19:00:00,0.0,284.45,0.0,284.45,0.0,284.45
2026-02-13 20:00:00,0.0,188.82,0.0,188.82,0.0,188.82
2026-02-13 21:00:00,0.0,70.71,0.0,70.71,0.0,70.71
2026-02-13 22:00:00,0.0,71.97,0.0,71.97,0.0,71.97
2026-02-13 23:00:00,0.0,66.96,0.0,66.96,0.0,66.96
2026-02-14 00:00:00,0.0,62.6,0.0,62.6,0.0,62.6
2026-02-14 01:00:00,0.0,58.21,0.0,58.21,0.0,58.21
2026-02-14 02:00:00,0.0,63.84,0.0,63.84,0.0,63.84
2026-02-14 03:00:00,0.0,66.97,0.0,66.97,0.0,66.97
2026-02-14 04:00:00,0.0,72.59,0.0,72.59,0.0,72.59
2026-02-14 05:00:00,0.0,67.6,0.0,67.6,0.0,67.6
2026-02-14 06:00:00,0.0,68.21,0.0,68.21,0.0,68.21
2026-02-14 07:00:00,0.0,85.72,0.0,85.72,0.0,85.72
2026-02-14 08:00:00,4.93,80.27,0.0,85.2,0.0,85.2
2026-02-14 09:00:00,28.32,1.11,0.0,29.42,0.0,29.42
2026-02-14 10:00:00,44.66,0.0,217.41,-172.75,0.0,-172.75
2026-02-14 11:00:00,70.2,0.0,381.92,-311.71,0.0,-311.71
2026-02-14 12:00:00,61.94,0.0,330.36,-268.42,0.0,-268.42
2026-02-14 13:00:00,57.99,0.0,356.61,-298.62,0.0,-298.63
2026-02-14 14:00:00,83.36,0.0,349.57,-266.21,0.0,-266.21
2026-02-14 15:00:00,74.87,0.0,260.72,-185.85,0.0,-185.85
2026-02-14 16:00:00,62.75,0.0,107.72,-44.98,0.0,-44.98
2026-02-14 17:00:00,14.01,14.84,0.0,28.85,0.0,28.85
2026-02-14 18:00:00,0.0,81.96,0.0,81.96,0.0,81.96
2026-02-14 19:00:00,0.0,61.34,0.0,61.34,0.0,61.34
2026-02-14 20:00:00,0.0,52.6,0.0,52.6,0.0,52.6
2026-02-14 21:00:00,0.0,63.84,0.0,63.84,0.0,63.84
2026-02-14 22:00:00,0.0,70.1,0.0,70.1,0.0,70.1
2026-02-14 23:00:00,0.0,66.96,0.0,66.96,0.0,66.96
2026-02-15 00:00:00,0.0,65.1,0.0,65.1,0.0,65.1
2026-02-15 01:00:00,0.0,65.71,0.0,65.71,0.0,65.71
2026-02-15 02:00:00,0.0,62.6,0.0,62.6,0.0,62.6
2026-02-15 03:00:00,0.0,60.71,0.0,60.71,0.0,60.71
2026-02-15 04:00:00,0.0,58.22,0.0,58.22,0.0,58.22
2026-02-15 05:00:00,0.0,63.84,0.0,63.84,0.0,63.84
2026-02-15 06:00:00,0.0,70.72,0.0,70.72,0.0,70.72
2026-02-15 07:00:00,0.0,71.96,0.0,71.96,0.0,71.96
2026-02-15 08:00:00,25.26,0.0,2.36,22.9,0.0,22.9
2026-02-15 09:00:00,109.54,0.0,200.48,-90.94,0.0,-90.94
2026-02-15 10:00:00,233.1,0.0,478.02,-244.92,0.0,-244.92
2026-02-15 11:00:00,389.88,0.0,586.03,-196.15,0.0,-196.15
2026-02-15 12:00:00,351.95,0.0,425.34,-73.39,0.0,-73.39
2026-02-15 13:00:00,356.71,0.0,377.45,-20.74,0.0,-20.74
2026-02-15 14:00:00,261.51,0.0,236.11,25.4,0.0,25.4
2026-02-15 15:00:00,198.45,0.0,144.25,54.2,0.0,54.2
2026-02-15 16:00:00,93.93,0.0,30.09,63.84,0.0,63.84
2026-02-15 17:00:00,10.91,114.18,0.0,125.09,0.0,125.09
2026-02-15 18:00:00,0.0,185.09,0.0,185.09,0.0,185.09
2026-02-15 19:00:00,0.0,126.34,0.0,126.34,0.0,126.34
2026-02-15 20:00:00,0.0,128.84,0.0,128.84,0.0,128.84
2026-02-15 21:00:00,0.0,243.2,0.0,243.2,0.0,243.2
2026-02-15 22:00:00,0.0,262.58,0.0,262.58,0.0,262.58
2026-02-15 23:00:00,0.0,277.58,0.0,277.58,0.0,277.58
2026-02-16 00:00:00,0.0,331.95,0.0,331.95,0.0,331.95
2026-02-16 01:00:00,0.0,320.06,0.0,320.06,0.0,320.06
2026-02-16 02:00:00,0.0,360.7,0.0,360.7,0.0,360.7
2026-02-16 03:00:00,0.0,348.82,0.0,348.82,0.0,348.82
2026-02-16 04:00:00,0.0,361.95,0.0,361.95,0.0,361.95
2026-02-16 05:00:00,0.0,389.44,0.0,389.44,0.0,389.44
2026-02-16 06:00:00,0.0,409.45,0.0,409.45,0.0,409.45
2026-02-16 07:00:00,0.0,428.19,0.0,428.19,14.16,414.03
2026-02-16 08:00:00,2.54,510.6,0.0,513.14,69.26,443.88
2026-02-16 09:00:00,3.24,453.75,0.0,456.99,93.87,363.12
2026-02-16 10:00:00,28.87,340.76,0.0,369.64,75.12,294.51
2026-02-16 11:00:00,93.43,33.18,0.0,126.61,65.44,61.17
2026-02-16 12:00:00,256.37,0.0,113.34,143.04,51.51,91.53
2026-02-16 13:00:00,358.08,0.0,269.0,89.07,34.06,55.01
2026-02-16 14:00:00,454.91,0.0,341.11,113.8,4.67,109.13
2026-02-16 15:00:00,378.08,0.0,25.21,352.88,3.01,349.87
2026-02-16 16:00:00,160.19,274.48,0.0,434.68,1.67,433.0
2026-02-16 17:00:00,34.12,423.96,0.0,458.08,0.11,457.97
2026-02-16 18:00:00,0.63,484.46,0.0,485.09,0.0,485.09
2026-02-16 19:00:00,0.0,411.94,0.0,411.94,0.0,411.94
2026-02-16 20:00:00,0.0,403.2,0.0,403.2,0.0,403.2
2026-02-16 21:00:00,0.0,415.06,0.0,415.06,0.0,415.06
2026-02-16 22:00:00,0.0,394.45,0.0,394.45,0.0,394.45
2026-02-16 23:00:00,0.0,403.2,0.0,403.2,0.0,403.2
2026-02-17 00:00:00,0.0,400.08,0.0,400.08,0.0,400.08
2026-02-17 01:00:00,0.0,376.32,0.0,376.32,0.0,376.32
2026-02-17 02:00:00,0.0,403.19,0.0,403.19,0.0,403.19
2026-02-17 03:00:00,0.0,417.58,0.0,417.58,0.0,417.58
2026-02-17 04:00:00,0.0,426.94,0.0,426.94,0.0,426.94
2026-02-17 05:00:00,0.0,463.82,0.0,463.82,0.0,463.82
2026-02-17 06:00:00,0.0,472.58,0.0,472.58,1.83,470.74
2026-02-17 07:00:00,0.12,499.32,0.0,499.44,26.94,472.49
2026-02-17 08:00:00,26.5,520.41,0.0,546.91,99.77,447.14
2026-02-17 09:00:00,133.9,427.79,0.0,561.69,150.33,411.35
2026-02-17 10:00:00,302.21,249.88,0.0,552.09,151.01,401.08
2026-02-17 11:00:00,497.65,19.9,0.0,517.55,113.98,403.57
2026-02-17 12:00:00,527.79,0.0,155.67,372.11,66.12,305.99
2026-02-17 13:00:00,353.1,0.0,189.29,163.81,37.07,126.74
2026-02-17 14:00:00,207.63,0.0,63.2,144.43,2.02,142.4
2026-02-17 15:00:00,97.24,146.22,0.0,243.46,1.74,241.72
2026-02-17 16:00:00,50.34,316.96,0.0,367.3,5.91,361.39
2026-02-17 17:00:00,12.85,405.04,0.0,417.89,4.32,413.57
2026-02-17 18:00:00,0.06,460.0,0.0,460.06,1.0,459.07
2026-02-17 19:00:00,0.0,438.2,0.0,438.2,0.0,438.2
2026-02-17 20:00:00,0.0,428.81,0.0,428.81,0.0,428.81
2026-02-17 21:00:00,0.0,438.82,0.0,438.82,0.0,438.82
2026-02-17 22:00:00,0.0,395.06,0.0,395.06,0.0,395.06
2026-02-17 23:00:00,0.0,381.95,0.0,381.95,0.0,381.95
2026-02-18 00:00:00,0.0,396.95,0.0,396.95,0.0,396.95
2026-02-18 01:00:00,0.0,361.31,0.0,361.31,0.0,361.31
2026-02-18 02:00:00,0.0,396.95,0.0,396.95,0.0,396.95
2026-02-18 03:00:00,0.0,406.32,0.0,406.32,0.0,406.32
2026-02-18 04:00:00,0.0,406.94,0.0,406.94,0.0,406.94
2026-02-18 05:00:00,0.0,434.45,0.0,434.45,0.0,434.45
2026-02-18 06:00:00,0.0,422.58,0.0,422.58,0.0,422.58
2026-02-18 07:00:00,0.0,456.94,0.0,456.94,3.35,453.59
2026-02-18 08:00:00,8.0,467.06,0.0,475.06,34.85,440.21
2026-02-18 09:00:00,29.43,363.31,0.0,392.74,39.89,352.84
2026-02-18 10:00:00,37.42,176.24,0.0,213.66,33.53,180.13
2026-02-18 11:00:00,58.6,98.99,0.0,157.59,37.45,120.14
2026-02-18 12:00:00,43.57,0.0,10.41,33.16,33.35,-0.18
2026-02-18 13:00:00,124.56,0.0,39.72,84.84,33.2,51.64
2026-02-18 14:00:00,182.98,48.19,0.0,231.18,10.8,220.38
2026-02-18 15:00:00,188.31,131.39,0.0,319.7,0.0,319.7
2026-02-18 16:00:00,154.81,234.34,0.0,389.15,0.0,389.15
2026-02-18 17:00:00,16.64,383.9,0.0,400.54,0.0,400.54
2026-02-18 18:00:00,0.62,429.45,0.0,430.08,0.0,430.08
2026-02-18 19:00:00,0.0,473.19,0.0,473.19,0.0,473.19
2026-02-18 20:00:00,0.0,446.95,0.0,446.95,0.0,446.95
2026-02-18 21:00:00,0.0,471.31,0.0,471.31,0.0,471.31
2026-02-18 22:00:00,0.0,486.94,0.0,486.94,0.0,486.94
2026-02-18 23:00:00,0.0,488.82,0.0,488.82,0.0,488.82
2026-02-19 00:00:00,0.0,460.69,0.0,460.69,0.0,460.69
2026-02-19 01:00:00,0.0,390.08,0.0,390.08,0.0,390.08
2026-02-19 02:00:00,0.0,437.56,0.0,437.56,0.0,437.56
2026-02-19 03:00:00,0.0,453.82,0.0,453.82,0.0,453.82
2026-02-19 04:00:00,0.0,481.31,0.0,481.31,0.0,481.31
2026-02-19 05:00:00,0.0,416.32,0.0,416.32,0.0,416.32
2026-02-19 06:00:00,0.0,453.81,0.0,453.81,0.99,452.82
2026-02-19 07:00:00,0.93,456.64,0.0,457.58,17.5,440.08
2026-02-19 08:00:00,62.37,498.55,0.0,560.92,69.62,491.31
2026-02-19 09:00:00,71.71,499.47,0.0,571.17,96.27,474.91
2026-02-19 10:00:00,80.32,457.87,0.0,538.19,85.02,453.17
2026-02-19 11:00:00,165.51,312.86,0.0,478.38,69.9,408.47
2026-02-19 12:00:00,178.95,152.76,0.0,331.71,27.04,304.67
2026-02-19 13:00:00,129.25,258.27,0.0,387.52,23.7,363.82
2026-02-19 14:00:00,145.54,155.06,0.0,300.6,12.35,288.25
2026-02-19 15:00:00,291.4,13.46,0.0,304.86,1.64,303.22
2026-02-19 16:00:00,102.16,253.55,0.0,355.71,0.08,355.63
2026-02-19 17:00:00,56.93,375.07,0.0,432.0,0.0,432.0
2026-02-19 18:00:00,0.81,438.64,0.0,439.45,0.0,439.45
2026-02-19 19:00:00,0.0,408.81,0.0,408.81,0.0,408.81
2026-02-19 20:00:00,0.0,346.32,0.0,346.32,0.0,346.32
2026-02-19 21:00:00,0.0,321.31,0.0,321.31,0.0,321.31
2026-02-19 22:00:00,0.0,325.08,0.0,325.08,0.0,325.08
2026-02-19 23:00:00,0.0,336.32,0.0,336.32,0.0,336.32
2026-02-20 00:00:00,0.0,356.31,0.0,356.31,0.0,356.31
2026-02-20 01:00:00,0.0,323.2,0.0,323.2,0.0,323.2
2026-02-20 02:00:00,0.0,406.95,0.0,406.95,0.0,406.95
2026-02-20 03:00:00,0.0,401.94,0.0,401.94,0.0,401.94
2026-02-20 04:00:00,0.0,401.32,0.0,401.32,0.0,401.32
2026-02-20 05:00:00,0.0,415.06,0.0,415.06,0.0,415.06
2026-02-20 06:00:00,0.0,446.31,0.0,446.31,3.83,442.49
2026-02-20 07:00:00,0.32,471.63,0.0,471.95,31.27,440.68
2026-02-20 08:00:00,46.98,468.91,0.0,515.89,77.29,438.6
2026-02-20 09:00:00,190.4,285.32,0.0,475.71,68.99,406.72
2026-02-20 10:00:00,150.56,293.11,0.0,443.68,58.34,385.33
2026-02-20 11:00:00,175.48,167.67,0.0,343.15,40.58,302.58
2026-02-20 12:00:00,174.83,0.0,59.82,115.01,19.55,95.46
2026-02-20 13:00:00,192.99,64.74,0.0,257.73,18.64,239.08
2026-02-20 14:00:00,238.88,146.96,0.0,385.84,18.18,367.65
2026-02-20 15:00:00,158.19,315.17,0.0,473.36,17.68,455.69
2026-02-20 16:00:00,107.75,345.9,0.0,453.65,3.31,450.34
2026-02-20 17:00:00,14.28,288.1,0.0,302.39,0.61,301.78
2026-02-20 18:00:00,0.0,335.71,0.0,335.71,0.0,335.71
2026-02-20 19:00:00,0.0,324.45,0.0,324.45,0.0,324.45
2026-02-20 20:00:00,0.0,283.2,0.0,283.2,0.0,283.2
2026-02-20 21:00:00,0.0,283.2,0.0,283.2,0.0,283.2
2026-02-20 22:00:00,0.0,291.94,0.0,291.94,0.0,291.94
2026-02-20 23:00:00,0.0,279.44,0.0,279.44,0.0,279.44
2026-02-21 00:00:00,0.0,307.58,0.0,307.58,0.0,307.58
2026-02-21 01:00:00,0.0,312.56,0.0,312.56,0.0,312.56
2026-02-21 02:00:00,0.0,321.95,0.0,321.95,0.0,321.95
2026-02-21 03:00:00,0.0,322.58,0.0,322.58,0.0,322.58
2026-02-21 04:00:00,0.0,166.95,0.0,166.95,0.0,166.95
2026-02-21 05:00:00,0.0,78.22,0.0,78.22,0.0,78.22
2026-02-21 06:00:00,0.0,71.34,0.0,71.34,0.0,71.34
2026-02-21 07:00:00,0.03,73.18,0.0,73.21,0.0,73.21
2026-02-21 08:00:00,12.86,57.95,0.0,70.81,0.0,70.81
2026-02-21 09:00:00,52.28,0.0,21.37,30.91,0.0,30.91
2026-02-21 10:00:00,130.71,0.0,135.26,-4.55,0.0,-4.55
2026-02-21 11:00:00,270.23,0.0,519.56,-249.34,0.0,-249.34
2026-02-21 12:00:00,198.92,0.0,597.55,-398.62,0.0,-398.62
2026-02-21 13:00:00,132.63,0.0,498.04,-365.41,0.0,-365.41
2026-02-21 14:00:00,101.33,0.0,383.3,-281.98,0.0,-281.98
2026-02-21 15:00:00,43.07,0.0,187.54,-144.46,0.0,-144.46
2026-02-21 16:00:00,24.6,0.0,34.7,-10.1,0.0,-10.1
2026-02-21 17:00:00,6.48,24.21,0.0,30.69,0.0,30.69
2026-02-21 18:00:00,0.0,47.59,0.0,47.59,0.0,47.59
2026-02-21 19:00:00,0.0,52.6,0.0,52.6,0.0,52.6
2026-02-21 20:00:00,0.0,49.46,0.0,49.46,0.0,49.46
2026-02-21 21:00:00,0.0,51.96,0.0,51.96,0.0,51.96
2026-02-21 22:00:00,0.0,55.72,0.0,55.72,0.0,55.72
2026-02-21 23:00:00,0.0,55.71,0.0,55.71,0.0,55.71
2026-02-22 00:00:00,0.0,58.22,0.0,58.22,0.0,58.22
2026-02-22 01:00:00,0.0,54.46,0.0,54.46,0.0,54.46
2026-02-22 02:00:00,0.0,46.98,0.0,46.98,0.0,46.98
2026-02-22 03:00:00,0.0,46.96,0.0,46.96,0.0,46.96
2026-02-22 04:00:00,0.0,50.72,0.0,50.72,0.0,50.72
2026-02-22 05:00:00,0.0,50.09,0.0,50.09,0.0,50.09
2026-02-22 06:00:00,0.0,48.85,0.0,48.85,0.0,48.85
2026-02-22 07:00:00,0.45,54.02,0.0,54.48,0.0,54.48
2026-02-22 08:00:00,30.63,22.43,0.0,53.06,0.0,53.06
2026-02-22 09:00:00,110.52,0.0,77.07,33.45,0.0,33.45
2026-02-22 10:00:00,110.9,0.0,107.39,3.51,0.0,3.51
2026-02-22 11:00:00,161.24,0.0,243.9,-82.66,0.0,-82.66
2026-02-22 12:00:00,215.65,0.0,298.07,-82.42,0.0,-82.42
2026-02-22 13:00:00,220.9,0.0,244.23,-23.34,0.0,-23.34
2026-02-22 14:00:00,246.66,0.0,256.75,-10.09,0.0,-10.09
2026-02-22 15:00:00,86.12,0.0,78.16,7.96,0.0,7.96
2026-02-22 16:00:00,46.25,0.0,28.56,17.69,0.0,17.69
2026-02-22 17:00:00,52.38,0.0,10.37,42.01,0.0,42.01
2026-02-22 18:00:00,0.39,135.34,0.0,135.72,0.0,135.72
2026-02-22 19:00:00,0.0,98.84,0.0,98.84,0.0,98.84
2026-02-22 20:00:00,0.0,104.48,0.0,104.48,0.0,104.48
2026-02-22 21:00:00,0.0,205.71,0.0,205.71,0.0,205.71
2026-02-22 22:00:00,0.0,268.2,0.0,268.2,0.0,268.2
2026-02-22 23:00:00,0.0,264.46,0.0,264.46,0.0,264.46
2026-02-23 00:00:00,0.0,270.08,0.0,270.08,0.0,270.08
2026-02-23 01:00:00,0.0,270.7,0.0,270.7,0.0,270.7
2026-02-23 02:00:00,0.0,301.34,0.0,301.34,0.0,301.34
2026-02-23 03:00:00,0.0,296.95,0.0,296.95,0.0,296.95
2026-02-23 04:00:00,0.0,356.95,0.0,356.95,0.0,356.95
2026-02-23 05:00:00,0.0,443.81,0.0,443.81,0.0,443.81
2026-02-23 06:00:00,0.0,448.2,0.0,448.2,0.54,447.66
2026-02-23 07:00:00,0.43,501.52,0.0,501.95,29.34,472.61
2026-02-23 08:00:00,17.75,524.77,0.0,542.51,134.91,407.61
2026-02-23 09:00:00,51.27,452.05,0.0,503.32,197.84,305.48
2026-02-23 10:00:00,199.97,251.36,0.0,451.32,160.88,290.44
2026-02-23 11:00:00,487.18,0.0,182.37,304.81,121.44,183.37
2026-02-23 12:00:00,243.07,0.0,7.23,235.84,81.6,154.23
2026-02-23 13:00:00,379.23,0.0,62.98,316.25,58.44,257.81
2026-02-23 14:00:00,146.61,249.31,0.0,395.91,31.86,364.05
2026-02-23 15:00:00,199.92,201.45,0.0,401.38,15.58,385.79
2026-02-23 16:00:00,98.5,350.91,0.0,449.41,0.54,448.88
2026-02-23 17:00:00,30.72,417.21,0.0,447.92,3.49,444.44
2026-02-23 18:00:00,1.25,435.07,0.0,436.31,0.0,436.31
2026-02-23 19:00:00,0.0,430.7,0.0,430.7,0.0,430.7
2026-02-23 20:00:00,0.0,369.44,0.0,369.44,0.0,369.44
2026-02-23 21:00:00,0.0,376.31,0.0,376.31,0.0,376.31
2026-02-23 22:00:00,0.0,328.82,0.0,328.82,0.0,328.82
2026-02-23 23:00:00,0.0,348.19,0.0,348.19,0.0,348.19
2026-02-24 00:00:00,0.0,405.7,0.0,405.7,0.0,405.7
2026-02-24 01:00:00,0.0,356.31,0.0,356.31,0.0,356.31
2026-02-24 02:00:00,0.0,369.45,0.0,369.45,0.0,369.45
2026-02-24 03:00:00,0.0,391.32,0.0,391.32,0.0,391.32
2026-02-24 04:00:00,0.0,378.19,0.0,378.19,0.0,378.19
2026-02-24 05:00:00,0.0,389.45,0.0,389.45,0.0,389.45
2026-02-24 06:00:00,0.0,391.95,0.0,391.95,0.0,391.95
2026-02-24 07:00:00,3.12,393.81,0.0,396.94,20.38,376.56
2026-02-24 08:00:00,44.26,437.63,0.0,481.89,77.94,403.94
2026-02-24 09:00:00,120.35,358.45,0.0,478.8,133.83,344.97
2026-02-24 10:00:00,373.71,52.15,0.0,425.86,123.87,302.0
2026-02-24 11:00:00,428.36,0.0,93.03,335.32,101.16,234.17
2026-02-24 12:00:00,366.4,0.0,279.66,86.74,77.78,8.95
2026-02-24 13:00:00,478.67,0.0,467.23,11.44,54.42,-42.98
2026-02-24 14:00:00,261.62,119.36,0.0,380.99,30.54,350.45
2026-02-24 15:00:00,120.08,363.86,0.0,483.94,14.85,469.08
2026-02-24 16:00:00,56.16,284.98,0.0,341.14,4.7,336.44
2026-02-24 17:00:00,6.62,361.61,0.0,368.22,0.38,367.84
2026-02-24 18:00:00,0.63,433.97,0.0,434.6,0.0,434.6
2026-02-24 19:00:00,0.0,436.94,0.0,436.94,0.0,436.94
2026-02-24 20:00:00,0.0,356.32,0.0,356.32,0.0,356.32
2026-02-24 21:00:00,0.0,357.56,0.0,357.56,0.0,357.56
2026-02-24 22:00:00,0.0,371.95,0.0,371.95,0.0,371.95
2026-02-24 23:00:00,0.0,379.45,0.0,379.45,0.0,379.45
2026-02-25 00:00:00,0.0,363.81,0.0,363.81,0.0,363.81
2026-02-25 01:00:00,0.0,353.2,0.0,353.2,0.0,353.2
2026-02-25 02:00:00,0.0,369.44,0.0,369.44,0.0,369.44
2026-02-25 03:00:00,0.0,365.7,0.0,365.7,0.0,365.7
2026-02-25 04:00:00,0.0,378.2,0.0,378.2,0.0,378.2
2026-02-25 05:00:00,0.0,385.08,0.0,385.08,0.0,385.08
2026-02-25 06:00:00,0.0,383.81,0.0,383.81,0.76,383.06
2026-02-25 07:00:00,4.3,402.16,0.0,406.46,18.24,388.22
2026-02-25 08:00:00,78.95,264.06,0.0,343.01,57.31,285.71
2026-02-25 09:00:00,188.49,35.46,0.0,223.95,77.33,146.62
2026-02-25 10:00:00,183.48,0.0,5.9,177.58,67.44,110.13
2026-02-25 11:00:00,140.15,0.0,75.74,64.41,48.23,16.18
2026-02-25 12:00:00,155.75,0.0,199.55,-43.8,31.92,-75.72
2026-02-25 13:00:00,148.87,0.0,205.35,-56.49,11.76,-68.24
2026-02-25 14:00:00,345.49,0.0,326.89,18.6,11.04,7.56
2026-02-25 15:00:00,287.92,0.0,109.91,178.01,4.64,173.37
2026-02-25 16:00:00,200.74,69.75,0.0,270.49,0.0,270.49
2026-02-25 17:00:00,32.61,336.69,0.0,369.3,0.37,368.93
2026-02-25 18:00:00,0.33,470.79,0.0,471.11,0.0,471.11
2026-02-25 19:00:00,0.0,411.32,0.0,411.32,0.0,411.32
2026-02-25 20:00:00,0.0,390.06,0.0,390.06,0.0,390.06
2026-02-25 21:00:00,0.0,414.45,0.0,414.45,0.0,414.45
2026-02-25 22:00:00,0.0,433.2,0.0,433.2,0.0,433.2
2026-02-25 23:00:00,0.0,411.31,0.0,411.31,0.0,411.31
2026-02-26 00:00:00,0.0,459.45,0.0,459.45,0.0,459.45
2026-02-26 01:00:00,0.0,401.94,0.0,401.94,0.0,401.94
2026-02-26 02:00:00,0.0,430.02,0.0,430.02,0.0,430.02
2026-02-26 03:00:00,0.0,415.0,0.0,415.0,0.0,415.0
2026-02-26 04:00:00,0.0,430.0,0.0,430.0,0.0,430.0
2026-02-26 05:00:00,0.0,428.75,0.0,428.75,0.0,428.75
2026-02-26 06:00:00,0.0,409.38,0.0,409.38,3.74,405.63
2026-02-26 07:00:00,0.49,431.39,0.0,431.88,24.44,407.44
2026-02-26 08:00:00,11.47,483.53,0.0,495.0,109.92,385.08
2026-02-26 09:00:00,18.54,428.34,0.0,446.88,179.87,267.0
2026-02-26 10:00:00,49.34,290.04,0.0,339.38,161.51,177.86
2026-02-26 11:00:00,76.08,39.55,0.0,115.62,113.0,2.63
2026-02-26 12:00:00,109.09,0.0,101.59,7.5,71.0,-63.5
2026-02-26 13:00:00,82.41,0.0,21.16,61.25,34.67,26.58
2026-02-26 14:00:00,113.74,0.0,3.11,110.62,27.89,82.74
2026-02-26 15:00:00,108.16,73.72,0.0,181.88,15.63,166.25
2026-02-26 16:00:00,93.7,208.8,0.0,302.5,10.73,291.77
2026-02-26 17:00:00,57.67,247.33,0.0,305.0,10.74,294.26
2026-02-26 18:00:00,2.06,431.07,0.0,433.12,2.63,430.49
2026-02-26 19:00:00,0.0,438.75,0.0,438.75,0.0,438.75
2026-02-26 20:00:00,0.0,369.38,0.0,369.38,0.0,369.38
2026-02-26 21:00:00,0.0,389.38,0.0,389.38,0.0,389.38
2026-02-26 22:00:00,0.0,416.88,0.0,416.88,0.0,416.88
2026-02-26 23:00:00,0.0,458.12,0.0,458.12,0.0,458.12
2026-02-27 00:00:00,0.0,455.0,0.0,455.0,0.0,455.0
2026-02-27 01:00:00,0.0,393.12,0.0,393.12,0.0,393.12
2026-02-27 02:00:00,0.0,403.75,0.0,403.75,0.0,403.75
2026-02-27 03:00:00,0.0,441.88,0.0,441.88,0.0,441.88
2026-02-27 04:00:00,0.0,421.25,0.0,421.25,0.0,421.25
2026-02-27 05:00:00,0.0,365.0,0.0,365.0,0.0,365.0
2026-02-27 06:00:00,0.0,388.75,0.0,388.75,3.06,385.69
2026-02-27 07:00:00,4.76,427.12,0.0,431.88,30.08,401.8
2026-02-27 08:00:00,104.24,330.14,0.0,434.38,63.25,371.13
2026-02-27 09:00:00,309.49,156.76,0.0,466.25,93.45,372.8
2026-02-27 10:00:00,474.93,0.0,69.56,405.36,79.87,325.5
2026-02-27 11:00:00,593.01,0.0,174.38,418.62,52.36,366.26
2026-02-27 12:00:00,671.11,0.0,357.4,313.71,44.78,268.93
2026-02-27 13:00:00,697.35,0.0,300.16,397.19,35.26,361.93
2026-02-27 14:00:00,617.65,0.0,202.55,415.1,25.0,390.1
2026-02-27 15:00:00,468.2,0.0,65.19,403.01,16.95,386.07
2026-02-27 16:00:00,218.45,188.6,0.0,407.05,3.66,403.39
2026-02-27 17:00:00,68.0,238.5,0.0,306.5,2.98,303.52
2026-02-27 18:00:00,4.03,332.29,0.0,336.32,0.0,336.32
2026-02-27 19:00:00,0.0,294.46,0.0,294.46,0.0,294.46
2026-02-27 20:00:00,0.0,140.71,0.0,140.71,0.0,140.71
2026-02-27 21:00:00,0.0,69.47,0.0,69.47,0.0,69.47
2026-02-27 22:00:00,0.0,58.84,0.0,58.84,0.0,58.84
2026-02-27 23:00:00,0.0,56.98,0.0,56.98,0.0,56.98
2026-02-28 00:00:00,0.0,56.98,0.0,56.98,0.0,56.98
2026-02-28 01:00:00,0.0,58.84,0.0,58.84,0.0,58.84
2026-02-28 02:00:00,0.0,58.22,0.0,58.22,0.0,58.22
2026-02-28 03:00:00,0.0,64.46,0.0,64.46,0.0,64.46
2026-02-28 04:00:00,0.0,65.1,0.0,65.1,0.0,65.1
2026-02-28 05:00:00,0.0,65.72,0.0,65.72,0.0,65.72
2026-02-28 06:00:00,0.0,63.21,0.0,63.21,0.0,63.21
2026-02-28 07:00:00,4.74,55.98,0.0,60.72,0.0,60.72
2026-02-28 08:00:00,58.91,0.0,25.46,33.45,0.0,33.45
2026-02-28 09:00:00,131.89,0.0,115.84,16.05,0.0,16.05
2026-02-28 10:00:00,128.92,0.0,123.28,5.64,0.0,5.64
2026-02-28 11:00:00,150.44,0.0,143.64,6.8,0.0,6.8
2026-02-28 12:00:00,190.78,0.0,176.31,14.46,0.0,14.46
2026-02-28 13:00:00,107.83,0.0,94.23,13.6,0.0,13.6
2026-02-28 14:00:00,126.27,0.0,114.34,11.94,0.0,11.94
2026-02-28 15:00:00,107.36,0.0,92.17,15.19,0.0,15.19
2026-02-28 16:00:00,79.18,0.0,68.99,10.19,0.0,10.19
2026-02-28 17:00:00,52.93,0.0,31.89,21.04,0.0,21.04
2026-02-28 18:00:00,1.44,53.66,0.0,55.1,0.0,55.1
2026-02-28 19:00:00,0.0,56.96,0.0,56.96,0.0,56.96
2026-02-28 20:00:00,0.0,60.72,0.0,60.72,0.0,60.72
2026-02-28 21:00:00,0.0,64.46,0.0,64.46,0.0,64.46
2026-02-28 22:00:00,0.0,68.22,0.0,68.22,0.0,68.22
2026-02-28 23:00:00,0.0,75.09,0.0,75.09,0.0,75.09
2026-03-01 00:00:00,0.0,76.35,0.0,76.35,0.0,76.35
2026-03-01 01:00:00,0.0,73.84,0.0,73.84,0.0,73.84
2026-03-01 02:00:00,0.0,61.35,0.0,61.35,0.0,61.35
2026-03-01 03:00:00,0.0,61.96,0.0,61.96,0.0,61.96
2026-03-01 04:00:00,0.0,65.72,0.0,65.72,0.0,65.72
2026-03-01 05:00:00,0.0,65.71,0.0,65.71,0.0,65.71
2026-03-01 06:00:00,0.0,65.72,0.0,65.72,0.0,65.72
2026-03-01 07:00:00,7.19,58.61,0.0,65.8,0.0,65.8
2026-03-01 08:00:00,109.4,0.0,135.4,-26.0,0.0,-26.0
2026-03-01 09:00:00,236.48,0.0,207.42,29.06,0.0,29.06
2026-03-01 10:00:00,225.43,0.0,177.4,48.04,0.0,48.04
2026-03-01 11:00:00,112.62,0.0,64.67,47.95,0.0,47.95
2026-03-01 12:00:00,93.32,0.0,66.59,26.72,0.0,26.72
2026-03-01 13:00:00,160.68,0.0,134.04,26.64,0.0,26.64
2026-03-01 14:00:00,363.46,0.0,329.42,34.04,0.0,34.04
2026-03-01 15:00:00,495.93,0.0,488.17,7.76,0.0,7.76
2026-03-01 16:00:00,270.9,0.0,284.53,-13.64,0.0,-13.64
2026-03-01 17:00:00,104.11,0.0,62.99,41.12,0.0,41.12
2026-03-01 18:00:00,5.3,93.53,0.0,98.84,0.0,98.84
2026-03-01 19:00:00,0.0,91.96,0.0,91.96,0.0,91.96
2026-03-01 20:00:00,0.0,123.21,0.0,123.21,0.0,123.21
2026-03-01 21:00:00,0.0,193.2,0.0,193.2,0.0,193.2
2026-03-01 22:00:00,0.0,181.34,0.0,181.34,0.0,181.34
2026-03-01 23:00:00,0.0,249.45,0.0,249.45,0.0,249.45
2026-03-02 00:00:00,0.0,272.58,0.0,272.58,0.0,272.58
2026-03-02 01:00:00,0.0,252.59,0.0,252.59,0.0,252.59
2026-03-02 02:00:00,0.0,297.58,0.0,297.58,0.0,297.58
2026-03-02 03:00:00,0.0,324.45,0.0,324.45,0.0,324.45
2026-03-02 04:00:00,0.0,353.82,0.0,353.82,0.0,353.82
2026-03-02 05:00:00,0.0,386.31,0.0,386.31,0.0,386.31
2026-03-02 06:00:00,0.0,440.08,0.0,440.08,0.0,440.08
2026-03-02 07:00:00,7.89,462.27,0.0,470.16,22.97,447.19
2026-03-02 08:00:00,114.81,414.35,0.0,529.16,121.13,408.03
2026-03-02 09:00:00,320.47,100.87,0.0,421.34,213.08,208.26
2026-03-02 10:00:00,244.37,60.2,0.0,304.58,183.1,121.48
2026-03-02 11:00:00,512.75,0.0,344.42,168.32,127.02,41.3
2026-03-02 12:00:00,434.6,0.0,322.83,111.78,97.68,14.09
2026-03-02 13:00:00,240.35,0.0,122.97,117.38,62.13,55.24
2026-03-02 14:00:00,136.54,0.0,27.24,109.3,29.62,79.68
2026-03-02 15:00:00,117.05,0.0,68.45,48.6,24.22,24.38
2026-03-02 16:00:00,50.59,132.85,0.0,183.44,19.7,163.74
2026-03-02 17:00:00,17.59,289.82,0.0,307.41,3.74,303.67
2026-03-02 18:00:00,1.02,365.92,0.0,366.94,0.0,366.94
2026-03-02 19:00:00,0.0,384.44,0.0,384.44,0.02,384.42
2026-03-02 20:00:00,0.0,387.58,0.0,387.58,0.0,387.58
2026-03-02 21:00:00,0.0,413.2,0.0,413.2,0.0,413.2
2026-03-02 22:00:00,0.0,416.94,0.0,416.94,0.0,416.94
2026-03-02 23:00:00,0.0,383.2,0.0,383.2,0.0,383.2
2026-03-03 00:00:00,0.0,396.31,0.0,396.31,0.0,396.31
2026-03-03 01:00:00,0.0,408.82,0.0,408.82,0.0,408.82
2026-03-03 02:00:00,0.0,497.58,0.0,497.58,0.0,497.58
2026-03-03 03:00:00,0.0,480.69,0.0,480.69,0.0,480.69
2026-03-03 04:00:00,0.0,435.7,0.0,435.7,0.0,435.7
2026-03-03 05:00:00,0.0,451.31,0.0,451.31,0.0,451.31
2026-03-03 06:00:00,0.0,519.45,0.0,519.45,0.0,519.45
2026-03-03 07:00:00,2.83,553.6,0.0,556.42,10.37,546.06
2026-03-03 08:00:00,31.67,459.65,0.0,491.31,70.38,420.93
2026-03-03 09:00:00,93.64,296.31,0.0,389.95,129.08,260.87
2026-03-03 10:00:00,131.86,149.88,0.0,281.74,118.28,163.46
2026-03-03 11:00:00,162.18,1.0,0.0,163.18,108.22,54.95
2026-03-03 12:00:00,168.52,0.0,59.05,109.46,62.6,46.86
2026-03-03 13:00:00,106.34,0.0,1.89,104.45,48.95,55.5
2026-03-03 14:00:00,111.75,0.0,65.28,46.46,26.38,20.08
2026-03-03 15:00:00,56.93,58.06,0.0,114.99,7.86,107.12
2026-03-03 16:00:00,42.83,164.84,0.0,207.68,0.0,207.68
2026-03-03 17:00:00,40.78,259.21,0.0,299.99,0.36,299.63
2026-03-03 18:00:00,9.98,421.58,0.0,431.56,0.03,431.53
2026-03-03 19:00:00,0.0,432.58,0.0,432.58,0.0,432.58
2026-03-03 20:00:00,0.0,416.31,0.0,416.31,0.0,416.31
2026-03-03 21:00:00,0.0,427.58,0.0,427.58,0.0,427.58
2026-03-03 22:00:00,0.0,426.32,0.0,426.32,0.0,426.32
2026-03-03 23:00:00,0.0,417.56,0.0,417.56,0.0,417.56
2026-03-04 00:00:00,0.0,365.08,0.0,365.08,0.0,365.08
2026-03-04 01:00:00,0.0,337.58,0.0,337.58,0.0,337.57
2026-03-04 02:00:00,0.0,371.94,0.0,371.94,0.0,371.94
2026-03-04 03:00:00,0.0,446.95,0.0,446.95,0.0,446.95
2026-03-04 04:00:00,0.0,385.7,0.0,385.7,0.0,385.7
2026-03-04 05:00:00,0.0,393.19,0.0,393.19,0.0,393.19
2026-03-04 06:00:00,0.0,453.2,0.0,453.2,0.0,453.2
2026-03-04 07:00:00,6.29,437.09,0.0,443.39,3.38,440.01
2026-03-04 08:00:00,121.81,298.37,0.0,420.18,40.25,379.92
2026-03-04 09:00:00,351.27,0.0,75.16,276.11,58.79,217.33
2026-03-04 10:00:00,488.7,0.0,231.36,257.34,47.38,209.96
2026-03-04 11:00:00,611.32,0.0,645.29,-33.97,28.96,-62.94
2026-03-04 12:00:00,640.35,0.0,557.75,82.6,12.14,70.46
2026-03-04 13:00:00,607.16,0.0,505.89,101.26,13.64,87.62
2026-03-04 14:00:00,363.23,0.0,266.98,96.25,12.3,83.95
2026-03-04 15:00:00,332.93,0.0,256.17,76.76,10.75,66.02
2026-03-04 16:00:00,175.55,69.72,0.0,245.28,10.73,234.55
2026-03-04 17:00:00,104.13,202.08,0.0,306.21,4.24,301.98
2026-03-04 18:00:00,9.35,353.43,0.0,362.78,0.0,362.78
2026-03-04 19:00:00,0.0,398.81,0.0,398.81,0.0,398.81
2026-03-04 20:00:00,0.0,395.7,0.0,395.7,0.0,395.7
2026-03-04 21:00:00,0.0,378.81,0.0,378.81,0.0,378.81
2026-03-04 22:00:00,0.0,393.2,0.0,393.2,0.0,393.2
2026-03-04 23:00:00,0.0,415.69,0.0,415.69,0.0,415.69
2026-03-05 00:00:00,0.0,385.08,0.0,385.08,0.0,385.08
2026-03-05 01:00:00,0.0,393.82,0.0,393.82,0.0,393.82
2026-03-05 02:00:00,0.0,407.58,0.0,407.58,0.0,407.58
2026-03-05 03:00:00,0.0,420.69,0.0,420.69,0.0,420.69
2026-03-05 04:00:00,0.0,413.82,0.0,413.82,0.0,413.82
2026-03-05 05:00:00,0.0,395.08,0.0,395.08,0.0,395.08
2026-03-05 06:00:00,0.0,441.31,0.0,441.31,0.0,441.31
2026-03-05 07:00:00,3.57,444.36,0.0,447.92,10.35,437.58
2026-03-05 08:00:00,41.44,378.41,0.0,419.85,50.55,369.3
2026-03-05 09:00:00,92.96,207.68,0.0,300.64,94.08,206.56
2026-03-05 10:00:00,171.45,0.0,38.44,133.01,94.96,38.05
2026-03-05 11:00:00,158.52,0.0,56.3,102.22,68.95,33.27
2026-03-05 12:00:00,191.49,0.0,94.04,97.45,32.3,65.15
2026-03-05 13:00:00,189.21,0.0,88.67,100.54,22.38,78.16
2026-03-05 14:00:00,210.31,0.0,110.12,100.19,12.03,88.16
2026-03-05 15:00:00,178.65,0.0,45.43,133.22,0.0,133.22
2026-03-05 16:00:00,103.3,99.55,0.0,202.85,0.0,202.85
2026-03-05 17:00:00,75.63,288.88,0.0,364.51,0.0,364.51
2026-03-05 18:00:00,2.37,361.9,0.0,364.28,0.0,364.28
2026-03-05 19:00:00,0.0,408.82,0.0,408.82,0.0,408.82
2026-03-05 20:00:00,0.0,391.31,0.0,391.31,0.0,391.31
2026-03-05 21:00:00,0.0,360.08,0.0,360.08,0.0,360.08
2026-03-05 22:00:00,0.0,393.82,0.0,393.82,0.0,393.82
2026-03-05 23:00:00,0.0,410.7,0.0,410.7,0.0,410.7
2026-03-06 00:00:00,0.0,396.31,0.0,396.31,0.0,396.31
2026-03-06 01:00:00,0.0,373.2,0.0,373.2,0.0,373.2
2026-03-06 02:00:00,0.0,358.82,0.0,358.82,0.0,358.82
2026-03-06 03:00:00,0.0,351.94,0.0,351.94,0.0,351.94
2026-03-06 04:00:00,0.0,356.32,0.0,356.32,0.0,356.32
2026-03-06 05:00:00,0.0,393.2,0.0,393.2,0.0,393.2
2026-03-06 06:00:00,0.0,377.58,0.0,377.58,4.47,373.11
2026-03-06 07:00:00,5.49,470.72,0.0,476.21,35.23,440.98
2026-03-06 08:00:00,50.33,456.12,0.0,506.45,88.43,418.02
2026-03-06 09:00:00,191.57,191.16,0.0,382.74,104.0,278.73
2026-03-06 10:00:00,401.69,0.0,162.57,239.11,75.64,163.47
2026-03-06 11:00:00,501.81,0.0,307.74,194.06,36.14,157.93
2026-03-06 12:00:00,646.46,0.0,612.43,34.04,30.37,3.66
2026-03-06 13:00:00,401.29,0.0,366.2,35.09,32.87,2.22
2026-03-06 14:00:00,218.83,0.0,64.84,153.99,18.41,135.58
2026-03-06 15:00:00,264.14,0.0,4.35,259.79,10.88,248.91
2026-03-06 16:00:00,239.73,49.85,0.0,289.58,10.86,278.71
2026-03-06 17:00:00,186.91,109.68,0.0,296.59,5.79,290.8
2026-03-06 18:00:00,17.35,293.06,0.0,310.41,0.0,310.41
2026-03-06 19:00:00,0.0,318.82,0.0,318.82,0.0,318.82
2026-03-06 20:00:00,0.0,308.82,0.0,308.82,0.0,308.82
2026-03-06 21:00:00,0.0,282.58,0.0,282.58,0.0,282.58
2026-03-06 22:00:00,0.0,258.81,0.0,258.81,0.0,258.81
2026-03-06 23:00:00,0.0,261.32,0.0,261.32,0.0,261.32
2026-03-07 00:00:00,0.0,240.7,0.0,240.7,0.0,240.7
2026-03-07 01:00:00,0.0,249.44,0.0,249.44,0.0,249.44
2026-03-07 02:00:00,0.0,281.32,0.0,281.32,0.0,281.32
2026-03-07 03:00:00,0.0,259.45,0.0,259.45,0.0,259.45
2026-03-07 04:00:00,0.0,270.08,0.0,270.08,0.0,270.08
2026-03-07 05:00:00,0.0,288.2,0.0,288.2,0.0,288.2
2026-03-07 06:00:00,0.0,253.82,0.0,253.82,0.0,253.82
2026-03-07 07:00:00,16.78,258.33,0.0,275.11,0.0,275.11
2026-03-07 08:00:00,133.6,119.6,0.0,253.2,0.0,253.2
2026-03-07 09:00:00,290.44,0.0,83.2,207.24,0.0,207.24
2026-03-07 10:00:00,467.49,0.0,301.74,165.75,0.0,165.75
2026-03-07 11:00:00,632.63,0.0,512.35,120.28,0.0,120.28
2026-03-07 12:00:00,642.83,0.0,617.31,25.52,0.0,25.52
2026-03-07 13:00:00,630.86,0.0,613.47,17.39,0.0,17.39
2026-03-07 14:00:00,619.88,0.0,606.62,13.26,0.0,13.26
2026-03-07 15:00:00,528.08,0.0,580.94,-52.86,0.0,-52.86
2026-03-07 16:00:00,332.23,0.0,379.68,-47.45,0.0,-47.45
2026-03-07 17:00:00,137.8,0.0,139.05,-1.25,0.0,-1.25
2026-03-07 18:00:00,15.4,28.71,0.0,44.11,0.0,44.11
2026-03-07 19:00:00,0.0,53.84,0.0,53.84,0.0,53.84
2026-03-07 20:00:00,0.0,53.22,0.0,53.22,0.0,53.22
2026-03-07 21:00:00,0.0,51.96,0.0,51.96,0.0,51.96
2026-03-07 22:00:00,0.0,52.59,0.0,52.59,0.0,52.59
2026-03-07 23:00:00,0.0,57.6,0.0,57.6,0.0,57.6
2026-03-08 00:00:00,0.0,61.34,0.0,61.34,0.0,61.34
2026-03-08 01:00:00,0.0,60.1,0.0,60.1,0.0,60.1
2026-03-08 02:00:00,0.0,54.46,0.0,54.46,0.0,54.46
2026-03-08 03:00:00,0.0,52.6,0.0,52.6,0.0,52.6
2026-03-08 04:00:00,0.0,51.34,0.0,51.34,0.0,51.34
2026-03-08 05:00:00,0.0,51.35,0.0,51.35,0.0,51.35
2026-03-08 06:00:00,0.0,51.96,0.0,51.96,0.0,51.96
2026-03-08 07:00:00,19.4,27.19,0.0,46.59,0.0,46.59
2026-03-08 08:00:00,143.46,0.0,123.09,20.38,0.0,20.38
2026-03-08 09:00:00,353.66,0.0,358.17,-4.52,0.0,-4.52
2026-03-08 10:00:00,538.04,0.0,613.84,-75.8,0.0,-75.8
2026-03-08 11:00:00,673.45,0.0,665.15,8.3,0.0,8.3
2026-03-08 12:00:00,741.31,0.0,715.58,25.74,0.0,25.74
2026-03-08 13:00:00,742.14,0.0,699.29,42.85,0.0,42.85
2026-03-08 14:00:00,674.27,0.0,628.8,45.47,0.0,45.47
2026-03-08 15:00:00,537.33,0.0,490.61,46.72,0.0,46.72
2026-03-08 16:00:00,352.94,0.0,527.85,-174.91,0.0,-174.91
2026-03-08 17:00:00,97.25,0.0,130.26,-33.01,0.0,-33.01
2026-03-08 18:00:00,13.84,62.11,0.0,75.95,0.0,75.95
2026-03-08 19:00:00,0.0,129.48,0.0,129.48,0.0,129.48
2026-03-08 20:00:00,0.0,101.96,0.0,101.96,0.0,101.96
2026-03-08 21:00:00,0.0,251.34,0.0,251.34,0.0,251.34
2026-03-08 22:00:00,0.0,320.08,0.0,320.08,0.0,320.08
2026-03-08 23:00:00,0.0,318.2,0.0,318.2,0.0,318.2
2026-03-09 00:00:00,0.0,336.95,0.0,336.95,0.0,336.95
2026-03-09 01:00:00,0.0,336.94,0.0,336.94,0.0,336.94
2026-03-09 02:00:00,0.0,388.81,0.0,388.81,0.0,388.81
2026-03-09 03:00:00,0.0,396.95,0.0,396.95,0.0,396.95
2026-03-09 04:00:00,0.0,385.69,0.0,385.69,0.0,385.69
2026-03-09 05:00:00,0.0,400.7,0.0,400.7,0.0,400.7
2026-03-09 06:00:00,0.0,392.56,0.0,392.56,0.0,392.56
2026-03-09 07:00:00,22.43,392.94,0.0,415.38,23.59,391.78
2026-03-09 08:00:00,162.33,339.85,0.0,502.18,92.76,409.42
2026-03-09 09:00:00,358.62,71.91,0.0,430.52,173.71,256.82
2026-03-09 10:00:00,549.1,0.0,244.31,304.79,161.17,143.62
2026-03-09 11:00:00,663.88,0.0,570.12,93.76,121.52,-27.76
2026-03-09 12:00:00,729.68,0.0,732.95,-3.28,95.06,-98.33
2026-03-09 13:00:00,629.63,0.0,633.68,-4.05,79.82,-83.87
2026-03-09 14:00:00,391.99,0.0,395.43,-3.44,36.12,-39.56
2026-03-09 15:00:00,195.32,0.0,99.32,96.0,31.89,64.11
2026-03-09 16:00:00,124.71,85.55,0.0,210.26,9.53,200.73
2026-03-09 17:00:00,71.49,214.13,0.0,285.62,0.37,285.25
2026-03-09 18:00:00,6.5,363.95,0.0,370.45,0.0,370.45
2026-03-09 19:00:00,0.0,375.7,0.0,375.7,0.0,375.7
2026-03-09 20:00:00,0.0,361.32,0.0,361.32,0.0,361.32
2026-03-09 21:00:00,0.0,380.7,0.0,380.7,0.0,380.7
2026-03-09 22:00:00,0.0,408.2,0.0,408.2,0.0,408.2
2026-03-09 23:00:00,0.0,394.45,0.0,394.45,0.0,394.45
2026-03-10 00:00:00,0.0,421.32,0.0,421.32,0.0,421.32
2026-03-10 01:00:00,0.0,370.69,0.0,370.69,0.0,370.69
2026-03-10 02:00:00,0.0,414.45,0.0,414.45,0.0,414.45
2026-03-10 03:00:00,0.0,421.32,0.0,421.32,0.0,421.32
2026-03-10 04:00:00,0.0,366.94,0.0,366.94,0.0,366.94
2026-03-10 05:00:00,0.0,401.95,0.0,401.95,0.0,401.95
2026-03-10 06:00:00,0.0,410.06,0.0,410.06,0.0,410.06
2026-03-10 07:00:00,3.97,435.48,0.0,439.45,20.93,418.52
2026-03-10 08:00:00,25.11,492.68,0.0,517.79,94.22,423.57
2026-03-10 09:00:00,54.48,451.37,0.0,505.85,141.66,364.19
2026-03-10 10:00:00,158.63,282.17,0.0,440.8,99.56,341.24
2026-03-10 11:00:00,118.55,225.19,0.0,343.74,38.89,304.85
2026-03-10 12:00:00,124.98,89.44,0.0,214.42,14.46,199.97
2026-03-10 13:00:00,124.14,118.59,0.0,242.72,18.79,223.94
2026-03-10 14:00:00,282.39,0.0,36.64,245.75,22.15,223.6
2026-03-10 15:00:00,250.16,0.0,82.59,167.58,22.2,145.38
2026-03-10 16:00:00,99.45,172.16,0.0,271.61,15.47,256.15
2026-03-10 17:00:00,48.7,288.25,0.0,336.95,3.42,333.53
2026-03-10 18:00:00,4.57,362.46,0.0,367.04,8.94,358.1
2026-03-10 19:00:00,0.0,399.45,0.0,399.45,9.03,390.42
2026-03-10 20:00:00,0.0,396.31,0.0,396.31,0.0,396.31
2026-03-10 21:00:00,0.0,395.7,0.0,395.7,0.0,395.7
2026-03-10 22:00:00,0.0,393.81,0.0,393.81,0.0,393.81
2026-03-10 23:00:00,0.0,394.45,0.0,394.45,0.0,394.45
2026-03-11 00:00:00,0.0,406.94,0.0,406.94,0.0,406.94
2026-03-11 01:00:00,0.0,383.2,0.0,383.2,0.0,383.2
2026-03-11 02:00:00,0.0,402.58,0.0,402.58,0.0,402.57
2026-03-11 03:00:00,0.0,393.19,0.0,393.19,0.0,393.19
2026-03-11 04:00:00,0.0,413.2,0.0,413.2,0.0,413.2
2026-03-11 05:00:00,0.0,431.31,0.0,431.31,0.0,431.31
2026-03-11 06:00:00,0.0,403.2,0.0,403.2,0.0,403.2
2026-03-11 07:00:00,2.02,423.74,0.0,425.76,18.34,407.42
2026-03-11 08:00:00,21.98,457.05,0.0,479.04,63.22,415.82
2026-03-11 09:00:00,70.6,414.97,0.0,485.58,99.15,386.42
2026-03-11 10:00:00,90.39,355.3,0.0,445.69,111.44,334.24
2026-03-11 11:00:00,128.19,92.41,0.0,220.6,94.06,126.54
2026-03-11 12:00:00,213.81,0.0,100.88,112.92,85.33,27.6
2026-03-11 13:00:00,195.41,0.0,81.58,113.84,59.4,54.44
2026-03-11 14:00:00,172.48,0.0,60.93,111.55,12.34,99.21
2026-03-11 15:00:00,64.0,10.06,0.0,74.06,4.21,69.86
2026-03-11 16:00:00,33.09,169.17,0.0,202.26,1.86,200.4
2026-03-11 17:00:00,12.67,352.06,0.0,364.74,0.09,364.65
2026-03-11 18:00:00,0.3,408.28,0.0,408.58,0.0,408.58
2026-03-11 19:00:00,0.0,438.82,0.0,438.82,0.0,438.82
2026-03-11 20:00:00,0.0,433.19,0.0,433.19,0.0,433.19
2026-03-11 21:00:00,0.0,338.2,0.0,338.2,0.0,338.2
2026-03-11 22:00:00,0.0,383.82,0.0,383.82,0.0,383.82
2026-03-11 23:00:00,0.0,372.58,0.0,372.58,0.0,372.58
2026-03-12 00:00:00,0.0,380.06,0.0,380.06,0.0,380.06
2026-03-12 01:00:00,0.0,363.2,0.0,363.2,0.0,363.2
2026-03-12 02:00:00,0.0,381.32,0.0,381.32,0.0,381.32
2026-03-12 03:00:00,0.0,363.82,0.0,363.82,0.0,363.82
2026-03-12 04:00:00,0.0,362.56,0.0,362.56,0.0,362.56
2026-03-12 05:00:00,0.0,424.45,0.0,424.45,0.0,424.45
2026-03-12 06:00:00,0.0,450.7,0.0,450.7,0.0,450.7
2026-03-12 07:00:00,11.53,381.65,0.0,393.18,19.39,373.79
2026-03-12 08:00:00,65.28,321.42,0.0,386.7,64.28,322.41
2026-03-12 09:00:00,153.53,75.61,0.0,229.14,91.0,138.14
2026-03-12 10:00:00,227.34,0.0,111.61,115.72,78.94,36.79
2026-03-12 11:00:00,172.54,0.0,71.79,100.75,63.23,37.52
2026-03-12 12:00:00,194.47,0.0,74.31,120.16,21.74,98.42
2026-03-12 13:00:00,167.25,0.0,51.0,116.25,6.4,109.85
2026-03-12 14:00:00,90.39,17.81,0.0,108.2,11.24,96.96
2026-03-12 15:00:00,75.06,52.11,0.0,127.18,12.34,114.84
2026-03-12 16:00:00,60.55,162.76,0.0,223.31,14.42,208.89
2026-03-12 17:00:00,16.07,286.95,0.0,303.02,14.86,288.17
2026-03-12 18:00:00,2.04,386.42,0.0,388.46,3.66,384.81
2026-03-12 19:00:00,0.0,388.82,0.0,388.82,1.26,387.56
2026-03-12 20:00:00,0.0,395.7,0.0,395.7,0.0,395.7
2026-03-12 21:00:00,0.0,329.45,0.0,329.45,0.0,329.45
2026-03-12 22:00:00,0.0,359.45,0.0,359.45,0.0,359.45
2026-03-12 23:00:00,0.0,384.45,0.0,384.45,0.0,384.45
2026-03-13 00:00:00,0.0,416.31,0.0,416.31,0.0,416.31
2026-03-13 01:00:00,0.0,364.45,0.0,364.45,0.0,364.45
2026-03-13 02:00:00,0.0,400.08,0.0,400.08,0.0,400.08
2026-03-13 03:00:00,0.0,367.58,0.0,367.58,0.0,367.58
2026-03-13 04:00:00,0.0,370.7,0.0,370.7,0.0,370.7
2026-03-13 05:00:00,0.0,345.7,0.0,345.7,0.0,345.7
2026-03-13 06:00:00,0.0,317.58,0.0,317.58,1.4,316.17
2026-03-13 07:00:00,11.42,348.66,0.0,360.09,14.86,345.22
2026-03-13 08:00:00,72.1,341.98,0.0,414.08,64.37,349.71
2026-03-13 09:00:00,83.92,286.25,0.0,370.16,100.38,269.78
2026-03-13 10:00:00,183.57,144.15,0.0,327.71,76.86,250.85
2026-03-13 11:00:00,276.02,0.0,3.93,272.09,40.24,231.84
2026-03-13 12:00:00,413.68,0.0,259.4,154.28,13.3,140.97
2026-03-13 13:00:00,355.95,0.0,264.19,91.76,3.48,88.28
2026-03-13 14:00:00,291.7,0.0,118.88,172.82,3.51,169.31
2026-03-13 15:00:00,210.28,0.0,68.29,141.99,3.52,138.47
2026-03-13 16:00:00,83.41,169.56,0.0,252.96,3.46,249.5
2026-03-13 17:00:00,77.33,270.5,0.0,347.82,1.87,345.95
2026-03-13 18:00:00,22.77,336.94,0.0,359.71,0.0,359.71
2026-03-13 19:00:00,0.0,370.69,0.0,370.69,0.0,370.69
2026-03-13 20:00:00,0.0,335.08,0.0,335.08,0.0,335.08
2026-03-13 21:00:00,0.0,276.32,0.0,276.32,0.0,276.32
2026-03-13 22:00:00,0.0,265.08,0.0,265.08,0.0,265.08
2026-03-13 23:00:00,0.0,293.2,0.0,293.2,0.0,293.2
2026-03-14 00:00:00,0.0,288.2,0.0,288.2,0.0,288.2
2026-03-14 01:00:00,0.0,263.82,0.0,263.82,0.0,263.82
2026-03-14 02:00:00,0.0,274.45,0.0,274.45,0.0,274.45
2026-03-14 03:00:00,0.0,251.32,0.0,251.32,0.0,251.32
2026-03-14 04:00:00,0.0,165.09,0.0,165.09,0.0,165.09
2026-03-14 05:00:00,0.0,63.84,0.0,63.84,0.0,63.84
2026-03-14 06:00:00,0.0,61.34,0.0,61.34,0.0,61.34
2026-03-14 07:00:00,40.23,11.84,0.0,52.08,0.0,52.08
2026-03-14 08:00:00,207.52,0.0,226.21,-18.69,0.0,-18.69
2026-03-14 09:00:00,388.36,0.0,608.06,-219.7,0.0,-219.7
2026-03-14 10:00:00,408.08,0.0,598.77,-190.69,0.0,-190.69
2026-03-14 11:00:00,659.2,0.0,851.79,-192.59,0.0,-192.59
2026-03-14 12:00:00,524.71,0.0,813.65,-288.94,0.0,-288.94
2026-03-14 13:00:00,408.42,0.0,899.92,-491.5,0.0,-491.5
2026-03-14 14:00:00,386.95,0.0,842.39,-455.44,0.0,-455.44
2026-03-14 15:00:00,293.42,0.0,635.2,-341.78,0.0,-341.78
2026-03-14 16:00:00,191.38,0.0,435.57,-244.19,0.0,-244.19
2026-03-14 17:00:00,136.06,0.0,143.77,-7.71,0.0,-7.71
2026-03-14 18:00:00,42.7,0.0,10.81,31.89,0.0,31.89
2026-03-14 19:00:00,0.0,51.98,0.0,51.98,0.0,51.98
2026-03-14 20:00:00,0.0,56.96,0.0,56.96,0.0,56.96
2026-03-14 21:00:00,0.0,51.35,0.0,51.35,0.0,51.35
2026-03-14 22:00:00,0.0,56.35,0.0,56.35,0.0,56.35
2026-03-14 23:00:00,0.0,63.85,0.0,63.85,0.0,63.85
2026-03-15 00:00:00,0.0,62.6,0.0,62.6,0.0,62.6
2026-03-15 01:00:00,0.0,50.71,0.0,50.71,0.0,50.71
2026-03-15 02:00:00,0.0,54.48,0.0,54.48,0.0,54.48
2026-03-15 03:00:00,0.0,66.35,0.0,66.35,0.0,66.35
2026-03-15 04:00:00,0.0,61.98,0.0,61.98,0.0,61.98
2026-03-15 05:00:00,0.0,61.96,0.0,61.96,0.0,61.96
2026-03-15 06:00:00,0.0,73.85,0.0,73.85,0.0,73.85
2026-03-15 07:00:00,20.64,8.53,0.0,29.16,0.0,29.16
2026-03-15 08:00:00,144.05,0.0,282.23,-138.18,0.0,-138.18
2026-03-15 09:00:00,175.21,0.0,483.66,-308.45,0.0,-308.45
2026-03-15 10:00:00,302.68,0.0,747.89,-445.21,0.0,-445.21
2026-03-15 11:00:00,393.36,0.0,935.34,-541.99,0.0,-541.99
2026-03-15 12:00:00,396.19,0.0,981.91,-585.72,0.0,-585.72
2026-03-15 13:00:00,312.13,0.0,264.96,47.16,0.0,47.16
2026-03-15 14:00:00,379.52,0.0,323.16,56.36,0.0,56.36
2026-03-15 15:00:00,166.56,0.0,447.33,-280.77,0.0,-280.77
2026-03-15 16:00:00,196.24,0.0,453.76,-257.52,0.0,-257.52
2026-03-15 17:00:00,197.28,0.0,265.93,-68.65,0.0,-68.65
2026-03-15 18:00:00,24.91,72.55,0.0,97.46,0.0,97.46
2026-03-15 19:00:00,0.01,119.47,0.0,119.48,0.0,119.48
2026-03-15 20:00:00,0.0,133.85,0.0,133.85,0.0,133.85
2026-03-15 21:00:00,0.0,183.84,0.0,183.84,0.0,183.84
2026-03-15 22:00:00,0.0,282.59,0.0,282.59,0.0,282.59
2026-03-15 23:00:00,0.0,302.58,0.0,302.58,0.0,302.58
2026-03-16 00:00:00,0.0,293.84,0.0,293.84,0.0,293.84
2026-03-16 01:00:00,0.0,259.45,0.0,259.45,0.0,259.45
2026-03-16 02:00:00,0.0,315.08,0.0,315.08,0.0,315.08
2026-03-16 03:00:00,0.0,323.84,0.0,323.84,0.0,323.84
2026-03-16 04:00:00,0.0,375.08,0.0,375.08,0.0,375.08
2026-03-16 05:00:00,0.0,443.82,0.0,443.82,0.0,443.82
2026-03-16 06:00:00,0.09,436.23,0.0,436.32,1.25,435.07
2026-03-16 07:00:00,27.2,398.72,0.0,425.92,40.2,385.72
2026-03-16 08:00:00,76.26,397.69,0.0,473.95,148.33,325.62
2026-03-16 09:00:00,201.99,136.55,0.0,338.54,200.76,137.78
2026-03-16 10:00:00,286.61,0.0,136.69,149.93,173.96,-24.04
2026-03-16 11:00:00,550.3,0.0,427.92,122.39,135.84,-13.45
2026-03-16 12:00:00,584.8,0.0,464.13,120.66,110.4,10.27
2026-03-16 13:00:00,674.6,0.0,562.12,112.48,80.79,31.68
2026-03-16 14:00:00,746.48,0.0,638.07,108.41,77.65,30.76
2026-03-16 15:00:00,563.02,0.0,362.64,200.39,46.1,154.29
2026-03-16 16:00:00,350.59,0.0,150.74,199.85,14.62,185.23
2026-03-16 17:00:00,118.49,173.07,0.0,291.56,0.0,291.56
2026-03-16 18:00:00,24.55,353.98,0.0,378.54,3.97,374.57
2026-03-16 19:00:00,0.0,380.69,0.0,380.69,11.16,369.53
2026-03-16 20:00:00,0.0,365.7,0.0,365.7,4.6,361.1
2026-03-16 21:00:00,0.0,343.2,0.0,343.2,0.0,343.2
2026-03-16 22:00:00,0.0,330.08,0.0,330.08,0.0,330.08
2026-03-16 23:00:00,0.0,329.44,0.0,329.44,0.0,329.44
2026-03-17 00:00:00,0.0,313.21,0.0,313.21,0.0,313.21
2026-03-17 01:00:00,0.0,306.31,0.0,306.31,0.0,306.31
2026-03-17 02:00:00,0.0,293.82,0.0,293.82,0.0,293.82
2026-03-17 03:00:00,0.0,315.08,0.0,315.08,0.0,315.08
2026-03-17 04:00:00,0.0,315.69,0.0,315.69,0.0,315.69
2026-03-17 05:00:00,0.0,406.32,0.0,406.32,0.0,406.32
2026-03-17 06:00:00,0.0,405.69,0.0,405.69,3.83,401.86
2026-03-17 07:00:00,18.56,338.99,0.0,357.55,32.62,324.93
2026-03-17 08:00:00,82.84,314.5,0.0,397.34,113.11,284.23
2026-03-17 09:00:00,101.52,238.03,0.0,339.55,180.32,159.23
2026-03-17 10:00:00,164.16,0.0,52.12,112.04,142.35,-30.31
2026-03-17 11:00:00,298.12,0.0,301.47,-3.35,83.26,-86.61
2026-03-17 12:00:00,425.57,0.0,579.67,-154.1,58.9,-213.0
2026-03-17 13:00:00,278.1,0.0,410.2,-132.1,45.56,-177.66
2026-03-17 14:00:00,169.45,0.0,317.33,-147.89,31.29,-179.18
2026-03-17 15:00:00,87.52,0.0,39.7,47.82,22.01,25.82
2026-03-17 16:00:00,60.96,141.74,0.0,202.7,16.96,185.74
2026-03-17 17:00:00,36.62,168.23,0.0,204.85,2.99,201.86
2026-03-17 18:00:00,2.65,442.18,0.0,444.84,0.0,444.84
2026-03-17 19:00:00,0.0,444.44,0.0,444.44,0.0,444.44
2026-03-17 20:00:00,0.0,380.08,0.0,380.08,0.0,380.08
2026-03-17 21:00:00,0.0,349.45,0.0,349.45,0.0,349.45
2026-03-17 22:00:00,0.0,349.45,0.0,349.45,0.0,349.45
2026-03-17 23:00:00,0.0,344.44,0.0,344.44,0.0,344.44
2026-03-18 00:00:00,0.0,359.45,0.0,359.45,0.0,359.45
2026-03-18 01:00:00,0.0,321.95,0.0,321.95,0.0,321.95
2026-03-18 02:00:00,0.0,351.95,0.0,351.95,0.0,351.95
2026-03-18 03:00:00,0.0,363.19,0.0,363.19,0.0,363.19
2026-03-18 04:00:00,0.0,366.32,0.0,366.32,0.0,366.32
2026-03-18 05:00:00,0.0,400.7,0.0,400.7,0.0,400.7
2026-03-18 06:00:00,0.2,355.49,0.0,355.69,1.28,354.41
2026-03-18 07:00:00,41.91,292.84,0.0,334.75,17.47,317.28
2026-03-18 08:00:00,144.28,98.27,0.0,242.55,58.95,183.6
2026-03-18 09:00:00,264.48,0.0,169.19,95.29,86.51,8.78
2026-03-18 10:00:00,324.95,0.0,229.36,95.59,78.68,16.9
2026-03-18 11:00:00,222.96,0.0,110.84,112.11,57.82,54.29
2026-03-18 12:00:00,360.26,0.0,232.64,127.62,24.83,102.79
2026-03-18 13:00:00,820.05,0.0,691.08,128.98,19.58,109.39
2026-03-18 14:00:00,763.8,0.0,643.6,120.2,21.73,98.47
2026-03-18 15:00:00,628.29,0.0,529.18,99.11,16.91,82.2
2026-03-18 16:00:00,407.87,0.0,267.43,140.44,2.8,137.64
2026-03-18 17:00:00,152.52,96.33,0.0,248.85,0.0,248.85
2026-03-18 18:00:00,21.53,382.33,0.0,403.86,0.0,403.86
2026-03-18 19:00:00,0.0,457.58,0.0,457.58,0.0,457.58
2026-03-18 20:00:00,0.0,393.19,0.0,393.19,0.0,393.19
2026-03-18 21:00:00,0.0,381.32,0.0,381.32,0.0,381.32
2026-03-18 22:00:00,0.0,391.32,0.0,391.32,0.0,391.32
2026-03-18 23:00:00,0.0,383.19,0.0,383.19,0.0,383.19
2026-03-19 00:00:00,0.0,388.82,0.0,388.82,0.0,388.82
2026-03-19 01:00:00,0.0,350.08,0.0,350.08,0.0,350.08
2026-03-19 02:00:00,0.0,366.95,0.0,366.95,0.0,366.95
2026-03-19 03:00:00,0.0,391.94,0.0,391.94,0.0,391.94
2026-03-19 04:00:00,0.0,346.32,0.0,346.32,0.0,346.32
2026-03-19 05:00:00,0.0,393.2,0.0,393.2,0.0,393.2
2026-03-19 06:00:00,0.06,401.89,0.0,401.95,1.78,400.17
2026-03-19 07:00:00,18.96,348.16,0.0,367.12,24.82,342.3
2026-03-19 08:00:00,186.57,60.65,0.0,247.22,61.84,185.39
2026-03-19 09:00:00,249.3,0.0,99.75,149.55,83.64,65.91
2026-03-19 10:00:00,461.14,0.0,353.83,107.31,75.61,31.7
2026-03-19 11:00:00,659.19,0.0,552.37,106.82,73.54,33.28
2026-03-19 12:00:00,487.07,0.0,370.69,116.39,50.3,66.09
2026-03-19 13:00:00,433.19,0.0,304.98,128.21,40.74,87.47
2026-03-19 14:00:00,364.44,0.0,247.64,116.8,16.94,99.86
2026-03-19 15:00:00,393.99,0.0,449.76,-55.76,0.58,-56.34
2026-03-19 16:00:00,352.07,0.0,288.42,63.65,0.0,63.65
2026-03-19 17:00:00,170.34,22.76,0.0,193.1,0.37,192.73
2026-03-19 18:00:00,31.39,276.39,0.0,307.77,0.0,307.77
2026-03-19 19:00:00,0.0,378.2,0.0,378.2,0.0,378.2
2026-03-19 20:00:00,0.0,361.32,0.0,361.32,0.0,361.32
2026-03-19 21:00:00,0.0,333.19,0.0,333.19,0.0,333.19
2026-03-19 22:00:00,0.0,353.82,0.0,353.82,0.0,353.82
2026-03-19 23:00:00,0.0,348.82,0.0,348.82,0.0,348.82
2026-03-20 00:00:00,0.0,366.32,0.0,366.32,0.0,366.32
2026-03-20 01:00:00,0.0,338.2,0.0,338.2,0.0,338.2
2026-03-20 02:00:00,0.0,326.95,0.0,326.95,0.0,326.95
2026-03-20 03:00:00,0.0,335.69,0.0,335.69,0.0,335.69
2026-03-20 04:00:00,0.0,331.95,0.0,331.95,0.0,331.95
2026-03-20 05:00:00,0.0,328.82,0.0,328.82,0.0,328.82
2026-03-20 06:00:00,0.57,345.76,0.0,346.32,3.7,342.62
2026-03-20 07:00:00,48.06,265.41,0.0,313.48,27.22,286.26
2026-03-20 08:00:00,159.32,130.17,0.0,289.49,114.32,175.17
2026-03-20 09:00:00,357.0,0.0,245.8,111.2,144.82,-33.62
2026-03-20 10:00:00,505.79,0.0,418.95,86.84,108.35,-21.51
2026-03-20 11:00:00,554.42,0.0,636.67,-82.25,76.53,-158.78
2026-03-20 12:00:00,610.35,0.0,815.66,-205.31,33.59,-238.9
2026-03-20 13:00:00,660.63,0.0,801.24,-140.61,18.48,-159.09
2026-03-20 14:00:00,553.02,0.0,654.41,-101.39,2.75,-104.14
2026-03-20 15:00:00,502.86,0.0,531.05,-28.19,0.0,-28.19
2026-03-20 16:00:00,443.06,0.0,363.43,79.62,0.0,79.62
2026-03-20 17:00:00,148.14,62.77,0.0,210.91,0.34,210.57
2026-03-20 18:00:00,46.74,227.36,0.0,274.1,0.0,274.1
2026-03-20 19:00:00,0.23,299.22,0.0,299.45,0.0,299.45
2026-03-20 20:00:00,0.0,186.34,0.0,186.34,0.0,186.34
2026-03-20 21:00:00,0.0,66.34,0.0,66.34,0.0,66.34
2026-03-20 22:00:00,0.0,61.96,0.0,61.96,0.0,61.96
2026-03-20 23:00:00,0.0,53.85,0.0,53.85,0.0,53.85
2026-03-21 00:00:00,0.0,52.59,0.0,52.59,0.0,52.59
2026-03-21 01:00:00,0.0,53.21,0.0,53.21,0.0,53.21
2026-03-21 02:00:00,0.0,53.22,0.0,53.22,0.0,53.22
2026-03-21 03:00:00,0.0,56.96,0.0,56.96,0.0,56.96
2026-03-21 04:00:00,0.0,59.46,0.0,59.46,0.0,59.46
2026-03-21 05:00:00,0.0,62.6,0.0,62.6,0.0,62.6
2026-03-21 06:00:00,0.36,52.86,0.0,53.22,0.0,53.22
2026-03-21 07:00:00,18.75,0.0,28.74,-9.99,0.0,-9.99
2026-03-21 08:00:00,74.53,0.0,250.47,-175.94,0.0,-175.94
2026-03-21 09:00:00,218.05,0.0,487.27,-269.21,0.0,-269.21
2026-03-21 10:00:00,265.89,0.0,720.51,-454.62,0.0,-454.62
2026-03-21 11:00:00,467.22,0.0,960.2,-492.99,0.0,-492.99
2026-03-21 12:00:00,647.82,0.0,597.46,50.36,0.0,50.36
2026-03-21 13:00:00,623.38,0.0,578.36,45.01,0.0,45.01
2026-03-21 14:00:00,516.0,0.0,1067.35,-551.35,0.0,-551.35
2026-03-21 15:00:00,448.36,0.0,904.26,-455.9,0.0,-455.9
2026-03-21 16:00:00,201.13,0.0,508.73,-307.6,0.0,-307.6
2026-03-21 17:00:00,103.39,0.0,244.97,-141.57,0.0,-141.57
2026-03-21 18:00:00,31.52,0.0,19.17,12.35,0.0,12.35
2026-03-21 19:00:00,0.42,59.67,0.0,60.09,0.0,60.09
2026-03-21 20:00:00,0.0,59.46,0.0,59.46,0.0,59.46
2026-03-21 21:00:00,0.0,55.1,0.0,55.1,0.0,55.1
2026-03-21 22:00:00,0.0,50.09,0.0,50.09,0.0,50.09
2026-03-21 23:00:00,0.0,48.22,0.0,48.22,0.0,48.22
2026-03-22 00:00:00,0.0,46.34,0.0,46.34,0.0,46.34
2026-03-22 01:00:00,0.0,50.1,0.0,50.1,0.0,50.1
2026-03-22 02:00:00,0.0,55.71,0.0,55.71,0.0,55.71
2026-03-22 03:00:00,0.0,53.85,0.0,53.85,0.0,53.85
2026-03-22 04:00:00,0.0,48.85,0.0,48.85,0.0,48.85
2026-03-22 05:00:00,0.0,46.96,0.0,46.96,0.0,46.96
2026-03-22 06:00:00,0.33,48.5,0.0,48.84,0.0,48.84
2026-03-22 07:00:00,48.87,0.0,54.36,-5.49,0.0,-5.49
2026-03-22 08:00:00,80.84,0.0,73.28,7.56,0.0,7.56
2026-03-22 09:00:00,88.61,0.0,69.61,19.0,0.0,19.0
2026-03-22 10:00:00,95.84,0.0,57.37,38.46,0.0,38.46
2026-03-22 11:00:00,116.27,0.0,73.07,43.2,0.0,43.2
2026-03-22 12:00:00,140.47,0.0,96.92,43.55,0.0,43.55
2026-03-22 13:00:00,129.2,0.0,85.34,43.86,0.0,43.86
2026-03-22 14:00:00,147.21,0.0,102.96,44.25,0.0,44.25
2026-03-22 15:00:00,82.19,0.0,39.0,43.19,0.0,43.19
2026-03-22 16:00:00,74.57,0.0,30.47,44.1,0.0,44.1
2026-03-22 17:00:00,24.05,0.0,161.0,-136.95,0.0,-136.95
2026-03-22 18:00:00,5.38,32.46,0.0,37.84,0.0,37.84
2026-03-22 19:00:00,0.03,136.31,0.0,136.34,0.0,136.34
2026-03-22 20:00:00,0.0,118.85,0.0,118.85,0.0,118.85
2026-03-22 21:00:00,0.0,211.34,0.0,211.34,0.0,211.34
2026-03-22 22:00:00,0.0,278.82,0.0,278.82,0.0,278.82
2026-03-22 23:00:00,0.0,225.09,0.0,225.09,0.0,225.09
2026-03-23 00:00:00,0.0,274.45,0.0,274.45,0.0,274.45
2026-03-23 01:00:00,0.0,261.95,0.0,261.95,0.0,261.95
2026-03-23 02:00:00,0.0,296.34,0.0,296.34,0.0,296.34
2026-03-23 03:00:00,0.0,301.31,0.0,301.31,0.0,301.31
2026-03-23 04:00:00,0.0,296.95,0.0,296.95,0.0,296.95
2026-03-23 05:00:00,0.0,331.95,0.0,331.95,0.0,331.95
2026-03-23 06:00:00,2.15,309.83,0.0,311.98,1.71,310.26
2026-03-23 07:00:00,55.42,265.76,0.0,321.18,36.97,284.21
2026-03-23 08:00:00,215.17,39.21,0.0,254.38,123.79,130.58
2026-03-23 09:00:00,358.16,0.0,105.62,252.54,174.47,78.07
2026-03-23 10:00:00,424.51,0.0,373.52,50.99,146.2,-95.21
2026-03-23 11:00:00,429.74,0.0,403.2,26.54,103.43,-76.89
2026-03-23 12:00:00,407.4,0.0,467.28,-59.88,71.78,-131.66
2026-03-23 13:00:00,563.93,0.0,635.79,-71.86,38.01,-109.87
2026-03-23 14:00:00,404.41,0.0,529.79,-125.39,12.17,-137.56
2026-03-23 15:00:00,174.65,0.0,243.83,-69.18,0.0,-69.18
2026-03-23 16:00:00,50.71,56.41,0.0,107.12,3.51,103.61
2026-03-23 17:00:00,335.76,0.0,68.71,267.05,7.76,259.3
2026-03-23 18:00:00,58.3,333.89,0.0,392.19,4.12,388.07
2026-03-23 19:00:00,1.14,400.81,0.0,401.95,0.0,401.95
2026-03-23 20:00:00,0.0,403.81,0.0,403.81,0.0,403.81
2026-03-23 21:00:00,0.0,405.08,0.0,405.08,0.0,405.08
2026-03-23 22:00:00,0.0,419.45,0.0,419.45,0.0,419.45
2026-03-23 23:00:00,0.0,474.44,0.0,474.44,0.0,474.44
2026-03-24 00:00:00,0.0,446.32,0.0,446.32,0.0,446.32
2026-03-24 01:00:00,0.0,459.44,0.0,459.44,0.0,459.44
2026-03-24 02:00:00,0.0,484.45,0.0,484.45,0.0,484.45
2026-03-24 03:00:00,0.0,452.58,0.0,452.58,0.0,452.58
2026-03-24 04:00:00,0.0,468.82,0.0,468.82,0.0,468.82
2026-03-24 05:00:00,0.0,408.81,0.0,408.81,0.0,408.81
2026-03-24 06:00:00,1.11,421.47,0.0,422.58,0.0,422.58
2026-03-24 07:00:00,61.08,381.46,0.0,442.54,13.34,429.2
2026-03-24 08:00:00,137.87,355.3,0.0,493.16,86.82,406.34
2026-03-24 09:00:00,135.53,268.31,0.0,403.84,137.0,266.84
2026-03-24 10:00:00,516.65,0.0,355.84,160.81,121.64,39.18
2026-03-24 11:00:00,452.93,0.0,313.37,139.56,75.75,63.81
2026-03-24 12:00:00,434.67,0.0,342.53,92.14,33.02,59.12
2026-03-24 13:00:00,422.08,0.0,350.83,71.25,29.29,41.96
2026-03-24 14:00:00,295.79,0.0,184.05,111.74,8.29,103.45
2026-03-24 15:00:00,141.12,0.0,18.25,122.86,0.0,122.86
2026-03-24 16:00:00,103.37,146.33,0.0,249.7,0.54,249.16
2026-03-24 17:00:00,45.0,170.91,0.0,215.91,0.39,215.52
2026-03-24 18:00:00,41.18,268.4,0.0,309.59,0.0,309.59
2026-03-24 19:00:00,1.35,380.0,0.0,381.35,0.0,381.35
2026-03-24 20:00:00,0.0,360.69,0.0,360.69,0.0,360.69
2026-03-24 21:00:00,0.0,359.45,0.0,359.45,0.0,359.45
2026-03-24 22:00:00,0.0,371.94,0.0,371.94,0.0,371.94
2026-03-24 23:00:00,0.0,364.45,0.0,364.45,0.0,364.45
2026-03-25 00:00:00,0.0,347.56,0.0,347.56,0.0,347.56
2026-03-25 01:00:00,0.0,322.58,0.0,322.58,0.0,322.58
2026-03-25 02:00:00,0.0,344.44,0.0,344.44,0.0,344.44
2026-03-25 03:00:00,0.0,349.45,0.0,349.45,0.0,349.45
2026-03-25 04:00:00,0.0,338.82,0.0,338.82,0.0,338.82
2026-03-25 05:00:00,0.0,390.69,0.0,390.69,0.0,390.69
2026-03-25 06:00:00,5.33,416.62,0.0,421.95,0.0,421.95
2026-03-25 07:00:00,52.81,379.2,0.0,432.01,5.46,426.55
2026-03-25 08:00:00,120.59,246.59,0.0,367.18,48.91,318.26
2026-03-25 09:00:00,210.34,27.54,0.0,237.88,71.86,166.02
2026-03-25 10:00:00,188.43,8.01,0.0,196.44,53.48,142.95
2026-03-25 11:00:00,475.68,0.0,339.64,136.04,42.24,93.79
2026-03-25 12:00:00,783.68,0.0,651.54,132.14,29.25,102.88
2026-03-25 13:00:00,693.89,0.0,580.76,113.14,23.05,90.08
2026-03-25 14:00:00,637.57,0.0,541.91,95.66,1.84,93.82
2026-03-25 15:00:00,574.47,0.0,406.12,168.35,0.0,168.35
2026-03-25 16:00:00,378.42,0.0,194.79,183.64,0.0,183.64
2026-03-25 17:00:00,175.09,0.0,47.24,127.85,0.0,127.85
2026-03-25 18:00:00,40.19,231.16,0.0,271.35,0.48,270.86
2026-03-25 19:00:00,0.4,304.06,0.0,304.46,0.0,304.46
2026-03-25 20:00:00,0.0,335.08,0.0,335.08,0.0,335.08
2026-03-25 21:00:00,0.0,356.32,0.0,356.32,0.0,356.32
2026-03-25 22:00:00,0.0,361.32,0.0,361.32,0.0,361.32
2026-03-25 23:00:00,0.0,370.7,0.0,370.7,0.0,370.7
2026-03-26 00:00:00,0.0,326.32,0.0,326.32,0.0,326.32
2026-03-26 01:00:00,0.0,319.45,0.0,319.45,0.0,319.45
2026-03-26 02:00:00,0.0,335.7,0.0,335.7,0.0,335.7
2026-03-26 03:00:00,0.0,333.82,0.0,333.82,0.0,333.82
2026-03-26 04:00:00,0.0,342.56,0.0,342.56,0.0,342.56
2026-03-26 05:00:00,0.0,367.58,0.0,367.58,0.0,367.58
2026-03-26 06:00:00,2.71,384.24,0.0,386.95,1.44,385.51
2026-03-26 07:00:00,85.9,262.32,0.0,348.22,26.49,321.74
2026-03-26 08:00:00,203.87,90.01,0.0,293.88,37.76,256.12
2026-03-26 09:00:00,335.94,0.0,189.95,145.99,58.3,87.68
2026-03-26 10:00:00,373.56,0.0,158.16,215.4,48.01,167.39
2026-03-26 11:00:00,632.06,0.0,353.38,278.68,36.06,242.62
2026-03-26 12:00:00,596.54,0.0,419.01,177.52,16.78,160.75
2026-03-26 13:00:00,531.82,0.0,396.46,135.36,21.71,113.65
2026-03-26 14:00:00,396.4,0.0,233.99,162.41,21.75,140.67
2026-03-26 15:00:00,320.49,0.0,172.75,147.74,21.44,126.3
2026-03-26 16:00:00,185.8,0.0,81.4,104.4,14.56,89.84
2026-03-26 17:00:00,85.21,40.99,0.0,126.2,0.0,126.2
2026-03-26 18:00:00,5.74,311.04,0.0,316.77,0.0,316.77
2026-03-26 19:00:00,0.0,394.49,0.0,394.49,0.0,394.49
2026-03-26 20:00:00,0.0,366.94,0.0,366.94,0.0,366.94
2026-03-26 21:00:00,0.0,365.08,0.0,365.08,0.0,365.08
2026-03-26 22:00:00,0.0,361.95,0.0,361.95,0.0,361.95
2026-03-26 23:00:00,0.0,341.95,0.0,341.95,0.0,341.95
2026-03-27 00:00:00,0.0,331.32,0.0,331.32,0.0,331.32
2026-03-27 01:00:00,0.0,331.95,0.0,331.95,0.0,331.95
2026-03-27 02:00:00,0.0,318.82,0.0,318.82,0.0,318.82
2026-03-27 03:00:00,0.0,314.45,0.0,314.45,0.0,314.45
2026-03-27 04:00:00,0.0,305.7,0.0,305.7,0.0,305.7
2026-03-27 05:00:00,0.0,333.2,0.0,333.2,0.0,333.2
2026-03-27 06:00:00,2.27,363.47,0.0,365.74,4.61,361.13
2026-03-27 07:00:00,37.4,277.26,0.0,314.66,25.99,288.67
2026-03-27 08:00:00,62.95,293.59,0.0,356.54,124.84,231.7
2026-03-27 09:00:00,143.12,90.28,0.0,233.4,138.06,95.34
2026-03-27 10:00:00,197.71,0.0,108.74,88.98,95.83,-6.85
2026-03-27 11:00:00,410.07,0.0,459.55,-49.49,69.65,-119.14
2026-03-27 12:00:00,433.91,0.0,626.22,-192.31,45.14,-237.45
2026-03-27 13:00:00,729.94,0.0,769.44,-39.5,25.7,-65.2
2026-03-27 14:00:00,598.67,0.0,566.06,32.61,7.15,25.46
2026-03-27 15:00:00,666.07,0.0,531.48,134.59,1.3,133.29
2026-03-27 16:00:00,488.52,0.0,254.16,234.36,3.64,230.72
2026-03-27 17:00:00,158.67,40.7,0.0,199.38,1.18,198.2
2026-03-27 18:00:00,25.84,184.88,0.0,210.71,0.0,210.71
2026-03-27 19:00:00,0.98,227.22,0.0,228.2,0.0,228.2
2026-03-27 20:00:00,0.0,136.96,0.0,136.96,0.0,136.96
2026-03-27 21:00:00,0.0,61.34,0.0,61.34,0.0,61.34
2026-03-27 22:00:00,0.0,56.96,0.0,56.96,0.0,56.96
2026-03-27 23:00:00,0.0,56.98,0.0,56.98,0.0,56.98
2026-03-28 00:00:00,0.0,57.59,0.0,57.59,0.0,57.59
2026-03-28 01:00:00,0.0,56.34,0.0,56.34,0.0,56.34
2026-03-28 02:00:00,0.0,60.09,0.0,60.09,0.0,60.09
2026-03-28 03:00:00,0.0,65.72,0.0,65.72,0.0,65.72
2026-03-28 04:00:00,0.0,65.71,0.0,65.71,0.0,65.71
2026-03-28 05:00:00,0.0,71.34,0.0,71.34,0.0,71.34
2026-03-28 06:00:00,0.78,59.53,0.0,60.31,0.0,60.31
2026-03-28 07:00:00,47.7,0.0,65.4,-17.7,0.0,-17.7
2026-03-28 08:00:00,191.62,0.0,381.37,-189.75,0.0,-189.75
2026-03-28 09:00:00,393.97,0.0,338.96,55.01,0.0,55.01
2026-03-28 10:00:00,537.6,0.0,482.66,54.94,0.0,54.94
2026-03-28 11:00:00,564.42,0.0,507.05,57.36,0.0,57.36
2026-03-28 12:00:00,521.26,0.0,467.1,54.16,0.0,54.16
2026-03-28 13:00:00,396.71,0.0,341.62,55.09,0.0,55.09
2026-03-28 14:00:00,274.08,0.0,225.78,48.3,0.0,48.3
2026-03-28 15:00:00,489.49,0.0,456.09,33.4,0.0,33.4
2026-03-28 16:00:00,464.25,0.0,664.26,-200.01,0.0,-200.01
2026-03-28 17:00:00,255.9,0.0,462.5,-206.6,0.0,-206.6
2026-03-28 18:00:00,64.16,0.0,108.46,-44.3,0.0,-44.3
2026-03-28 19:00:00,1.74,55.86,0.0,57.6,0.0,57.6
2026-03-28 20:00:00,0.0,61.34,0.0,61.34,0.0,61.34
2026-03-28 21:00:00,0.0,63.85,0.0,63.85,0.0,63.85
2026-03-28 22:00:00,0.0,66.96,0.0,66.96,0.0,66.96
2026-03-28 23:00:00,0.0,61.98,0.0,61.98,0.0,61.98
2026-03-29 00:00:00,0.0,54.48,0.0,54.48,0.0,54.48
2026-03-29 01:00:00,0.0,53.84,0.0,53.84,0.0,53.84
2026-03-29 02:00:00,0.0,55.1,0.0,55.1,,
2026-03-29 03:00:00,0.0,53.84,0.0,53.84,0.0,53.84
2026-03-29 04:00:00,0.0,55.72,0.0,55.72,0.0,55.72
2026-03-29 05:00:00,0.0,53.21,0.0,53.21,0.0,53.21
2026-03-29 06:00:00,4.26,57.78,0.0,62.04,0.0,62.04
2026-03-29 07:00:00,94.2,0.0,31.67,62.52,0.0,62.52
2026-03-29 08:00:00,196.0,0.0,221.47,-25.48,0.0,-25.48
2026-03-29 09:00:00,384.2,0.0,547.09,-162.89,0.0,-162.89
2026-03-29 10:00:00,602.66,0.0,994.23,-391.56,0.0,-391.56
2026-03-29 11:00:00,612.75,0.0,547.49,65.26,0.0,65.26
2026-03-29 12:00:00,661.5,0.0,598.34,63.16,0.0,63.16
2026-03-29 13:00:00,632.32,0.0,613.2,19.11,0.0,19.11
2026-03-29 14:00:00,567.22,0.0,557.86,9.36,0.0,9.36
2026-03-29 15:00:00,404.39,0.0,390.27,14.11,0.0,14.11
2026-03-29 16:00:00,227.08,0.0,223.5,3.57,0.0,3.57
2026-03-29 17:00:00,124.08,0.0,121.37,2.71,0.0,2.71
2026-03-29 18:00:00,31.94,0.0,14.45,17.49,0.0,17.49
2026-03-29 19:00:00,0.89,117.33,0.0,118.22,0.0,118.22
2026-03-29 20:00:00,0.0,149.45,0.0,149.45,0.0,149.45
2026-03-29 21:00:00,0.0,202.59,0.0,202.59,0.0,202.59
2026-03-29 22:00:00,0.0,250.7,0.0,250.7,0.0,250.7
2026-03-29 23:00:00,0.0,258.18,0.0,258.18,0.0,258.18
2026-03-30 00:00:00,0.0,290.08,0.0,290.08,0.0,290.08
2026-03-30 01:00:00,0.0,283.82,0.0,283.82,0.0,283.82
2026-03-30 02:00:00,0.0,306.95,0.0,306.95,0.0,306.95
2026-03-30 03:00:00,0.0,348.2,0.0,348.2,0.0,348.2
2026-03-30 04:00:00,0.0,315.7,0.0,315.7,0.0,315.7
2026-03-30 05:00:00,0.0,386.31,0.0,386.31,0.0,386.31
2026-03-30 06:00:00,3.0,433.33,0.0,436.32,0.0,436.32
2026-03-30 07:00:00,14.34,426.47,0.0,440.81,9.87,430.94
2026-03-30 08:00:00,50.75,460.62,0.0,511.36,105.04,406.32
2026-03-30 09:00:00,129.21,243.34,0.0,372.55,172.67,199.88
2026-03-30 10:00:00,107.89,71.87,0.0,179.76,161.19,18.58
2026-03-30 11:00:00,101.58,0.0,35.28,66.3,130.2,-63.9
2026-03-30 12:00:00,121.55,15.69,0.0,137.24,82.75,54.49
2026-03-30 13:00:00,323.28,0.0,206.36,116.92,69.58,47.34
2026-03-30 14:00:00,347.46,0.0,219.89,127.56,54.45,73.11
2026-03-30 15:00:00,401.2,0.0,264.35,136.85,44.41,92.44
2026-03-30 16:00:00,420.51,0.0,196.4,224.11,29.96,194.15
2026-03-30 17:00:00,325.55,0.0,97.65,227.9,16.5,211.4
2026-03-30 18:00:00,80.94,187.26,0.0,268.2,12.84,255.36
2026-03-30 19:00:00,3.02,358.48,0.0,361.5,0.26,361.24
2026-03-30 20:00:00,0.0,391.94,0.0,391.94,0.0,391.94
2026-03-30 21:00:00,0.0,415.7,0.0,415.7,0.0,415.7
2026-03-30 22:00:00,0.0,416.32,0.0,416.32,0.0,416.32
2026-03-30 23:00:00,0.0,405.69,0.0,405.69,0.0,405.69
2026-03-31 00:00:00,0.0,418.82,0.0,418.82,0.0,418.82
2026-03-31 01:00:00,0.0,385.08,0.0,385.08,0.0,385.08
2026-03-31 02:00:00,0.0,406.94,0.0,406.94,0.0,406.94
2026-03-31 03:00:00,0.0,415.7,0.0,415.7,0.0,415.7
2026-03-31 04:00:00,0.0,398.82,0.0,398.82,0.0,398.82
2026-03-31 05:00:00,0.0,403.19,0.0,403.19,0.0,403.19
2026-03-31 06:00:00,0.0,425.7,0.0,425.7,0.0,425.7
2026-03-31 07:00:00,3.05,448.64,0.0,451.69,0.99,450.7
2026-03-31 08:00:00,27.83,417.47,0.0,445.3,45.04,400.26
2026-03-31 09:00:00,75.9,228.27,0.0,304.16,102.92,201.24
2026-03-31 10:00:00,261.78,0.0,30.79,230.99,126.32,104.67
2026-03-31 11:00:00,491.91,0.0,116.99,374.92,134.84,240.08
2026-03-31 12:00:00,591.27,0.0,262.97,328.3,96.36,231.94
2026-03-31 13:00:00,586.04,0.0,260.7,325.34,52.4,272.94
2026-03-31 14:00:00,470.34,0.0,263.26,207.09,43.7,163.38
2026-03-31 15:00:00,254.12,0.0,145.69,108.44,29.93,78.5
2026-03-31 16:00:00,182.99,0.0,94.69,88.3,20.71,67.59
2026-03-31 17:00:00,154.3,129.1,0.0,283.4,10.5,272.9
2026-03-31 18:00:00,100.39,319.72,0.0,420.11,0.0,420.11
2026-03-31 19:00:00,36.41,411.56,0.0,447.98,0.02,447.96
2026-03-31 20:00:00,1.26,421.31,0.0,422.58,0.1,422.47
2026-03-31 21:00:00,0.0,435.06,0.0,435.06,0.0,435.06
2026-03-31 22:00:00,0.0,458.2,0.0,458.2,0.0,458.2
2026-03-31 23:00:00,0.0,411.32,0.0,411.32,0.0,411.32
2026-04-01 00:00:00,0.0,411.32,0.0,411.32,0.0,411.32
2026-04-01 01:00:00,0.0,415.7,0.0,415.7,0.0,415.7
2026-04-01 02:00:00,0.0,382.58,0.0,382.58,0.0,382.58
2026-04-01 03:00:00,0.0,358.82,0.0,358.82,0.0,358.82
2026-04-01 04:00:00,0.0,378.82,0.0,378.82,0.0,378.82
2026-04-01 05:00:00,0.0,409.44,0.0,409.44,0.0,409.44
2026-04-01 06:00:00,0.0,430.08,0.0,430.08,2.14,427.93
2026-04-01 07:00:00,6.86,438.34,0.0,445.2,27.16,418.04
2026-04-01 08:00:00,74.5,398.92,0.0,473.42,73.89,399.54
2026-04-01 09:00:00,211.07,185.65,0.0,396.72,107.14,289.58
2026-04-01 10:00:00,590.33,0.0,297.85,292.48,92.56,199.91
2026-04-01 11:00:00,611.53,0.0,366.75,244.78,74.56,170.22
2026-04-01 12:00:00,681.5,0.0,626.54,54.96,37.8,17.17
2026-04-01 13:00:00,363.91,0.0,302.77,61.14,9.44,51.7
2026-04-01 14:00:00,397.51,0.0,333.15,64.36,0.0,64.36
2026-04-01 15:00:00,494.05,0.0,413.07,80.97,0.0,80.97
2026-04-01 16:00:00,574.09,0.0,387.38,186.71,0.0,186.71
2026-04-01 17:00:00,521.47,0.0,362.34,159.14,0.55,158.59
2026-04-01 18:00:00,175.59,39.72,0.0,215.31,0.0,215.31
2026-04-01 19:00:00,61.82,219.25,0.0,281.08,0.0,281.08
2026-04-01 20:00:00,3.75,274.49,0.0,278.24,2.23,276.01
2026-04-01 21:00:00,0.0,285.08,0.0,285.08,0.0,285.08
2026-04-01 22:00:00,0.0,376.31,0.0,376.31,0.0,376.31
2026-04-01 23:00:00,0.0,368.82,0.0,368.82,0.0,368.82
2026-04-02 00:00:00,0.0,359.44,0.0,359.44,0.0,359.44
2026-04-02 01:00:00,0.0,341.95,0.0,341.95,0.0,341.95
2026-04-02 02:00:00,0.0,360.69,0.0,360.69,0.0,360.69
2026-04-02 03:00:00,0.0,314.45,0.0,314.45,0.0,314.45
2026-04-02 04:00:00,0.0,355.06,0.0,355.06,0.0,355.06
2026-04-02 05:00:00,0.0,366.31,0.0,366.31,0.0,366.31
2026-04-02 06:00:00,0.0,371.32,0.0,371.32,0.0,371.32
2026-04-02 07:00:00,7.3,381.2,0.0,388.5,10.06,378.44
2026-04-02 08:00:00,133.91,348.5,0.0,482.41,68.28,414.13
2026-04-02 09:00:00,181.7,366.34,0.0,548.04,117.16,430.87
2026-04-02 10:00:00,358.23,131.51,0.0,489.74,98.66,391.07
2026-04-02 11:00:00,231.79,20.19,0.0,251.98,88.43,163.55
2026-04-02 12:00:00,235.85,0.0,199.29,36.56,49.33,-12.77
2026-04-02 13:00:00,267.2,0.0,173.38,93.81,26.48,67.34
2026-04-02 14:00:00,649.08,0.0,720.12,-71.04,17.34,-88.38
2026-04-02 15:00:00,625.18,0.0,506.43,118.75,3.33,115.42
2026-04-02 16:00:00,587.03,0.0,399.98,187.05,0.0,187.05
2026-04-02 17:00:00,271.05,0.0,146.51,124.54,0.04,124.49
2026-04-02 18:00:00,157.43,99.21,0.0,256.64,0.0,256.64
2026-04-02 19:00:00,36.59,344.6,0.0,381.19,0.0,381.19
2026-04-02 20:00:00,0.16,415.16,0.0,415.32,0.0,415.32
2026-04-02 21:00:00,0.0,378.82,0.0,378.82,0.0,378.82
2026-04-02 22:00:00,0.0,388.81,0.0,388.81,0.0,388.81
2026-04-02 23:00:00,0.0,382.58,0.0,382.58,0.0,382.58
2026-04-03 00:00:00,0.0,382.56,0.0,382.56,0.0,382.56
2026-04-03 01:00:00,0.0,334.45,0.0,334.45,0.0,334.45
2026-04-03 02:00:00,0.0,362.56,0.0,362.56,0.0,362.56
2026-04-03 03:00:00,0.0,323.82,0.0,323.82,0.0,323.82
2026-04-03 04:00:00,0.0,322.58,0.0,322.58,0.0,322.58
2026-04-03 05:00:00,0.0,335.7,0.0,335.7,0.0,335.7
2026-04-03 06:00:00,0.0,348.2,0.0,348.2,3.56,344.64
2026-04-03 07:00:00,9.47,374.24,0.0,383.71,25.4,358.32
2026-04-03 08:00:00,44.53,307.03,0.0,351.56,51.43,300.13
2026-04-03 09:00:00,86.57,257.84,0.0,344.41,110.52,233.9
2026-04-03 10:00:00,200.96,25.54,0.0,226.5,110.4,116.1
2026-04-03 11:00:00,385.12,0.0,272.02,113.1,41.98,71.12
2026-04-03 12:00:00,354.17,0.0,306.55,47.62,17.76,29.86
2026-04-03 13:00:00,286.84,0.0,206.91,79.92,10.7,69.23
2026-04-03 14:00:00,607.15,0.0,409.56,197.59,10.27,187.32
2026-04-03 15:00:00,378.74,0.0,193.61,185.12,0.0,185.12
2026-04-03 16:00:00,177.4,0.0,23.98,153.41,0.0,153.41
2026-04-03 17:00:00,143.03,38.37,0.0,181.4,0.09,181.31
2026-04-03 18:00:00,118.57,100.89,0.0,219.46,0.0,219.46
2026-04-03 19:00:00,33.14,193.42,0.0,226.56,0.0,226.56
2026-04-03 20:00:00,4.71,216.61,0.0,221.32,0.0,221.32
2026-04-03 21:00:00,0.0,211.94,0.0,211.94,0.0,211.94
2026-04-03 22:00:00,0.0,246.32,0.0,246.32,0.0,246.32
2026-04-03 23:00:00,0.0,198.2,0.0,198.2,0.0,198.2
2026-04-04 00:00:00,0.0,201.96,0.0,201.96,0.0,201.96
2026-04-04 01:00:00,0.0,173.82,0.0,173.82,0.0,173.82
2026-04-04 02:00:00,0.0,171.32,0.0,171.32,0.0,171.32
2026-04-04 03:00:00,0.0,154.46,0.0,154.46,0.0,154.46
2026-04-04 04:00:00,0.0,130.07,0.0,130.07,0.0,130.07
2026-04-04 05:00:00,0.0,70.71,0.0,70.71,0.0,70.71
2026-04-04 06:00:00,0.0,63.84,0.0,63.84,0.0,63.84
2026-04-04 07:00:00,2.59,48.38,0.0,50.98,0.0,50.98
2026-04-04 08:00:00,21.63,0.0,117.78,-96.15,0.0,-96.15
2026-04-04 09:00:00,280.59,0.0,538.05,-257.46,0.0,-257.46
2026-04-04 10:00:00,461.05,0.0,850.83,-389.79,0.0,-389.79
2026-04-04 11:00:00,429.83,0.0,387.45,42.38,0.0,42.38
2026-04-04 12:00:00,282.11,0.0,239.87,42.24,0.0,42.24
2026-04-04 13:00:00,488.9,0.0,449.33,39.56,0.0,39.56
2026-04-04 14:00:00,598.17,0.0,564.47,33.7,0.0,33.7
2026-04-04 15:00:00,850.93,0.0,825.88,25.05,0.0,25.05
2026-04-04 16:00:00,699.01,0.0,665.61,33.4,0.0,33.4
2026-04-04 17:00:00,350.46,0.0,312.89,37.58,0.0,37.58
2026-04-04 18:00:00,271.08,0.0,481.37,-210.29,0.0,-210.29
2026-04-04 19:00:00,66.96,0.0,62.24,4.71,0.0,4.71
2026-04-04 20:00:00,2.81,45.87,0.0,48.69,0.0,48.69
2026-04-04 21:00:00,0.0,55.09,0.0,55.09,0.0,55.09
2026-04-04 22:00:00,0.0,55.72,0.0,55.72,0.0,55.72
2026-04-04 23:00:00,0.0,49.48,0.0,49.48,0.0,49.48
2026-04-05 00:00:00,0.0,44.46,0.0,44.46,0.0,44.46
2026-04-05 01:00:00,0.0,44.48,0.0,44.48,0.0,44.48
2026-04-05 02:00:00,0.0,43.85,0.0,43.85,0.0,43.85
2026-04-05 03:00:00,0.0,43.84,0.0,43.84,0.0,43.84
2026-04-05 04:00:00,0.0,44.48,0.0,44.48,0.0,44.48
2026-04-05 05:00:00,0.0,42.59,0.0,42.59,0.0,42.59
2026-04-05 06:00:00,0.0,48.85,0.0,48.85,0.0,48.85
2026-04-05 07:00:00,6.1,33.54,0.0,39.64,0.0,39.64
2026-04-05 08:00:00,32.35,0.0,30.42,1.93,0.0,1.93
2026-04-05 09:00:00,52.03,0.0,33.54,18.49,0.0,18.49
2026-04-05 10:00:00,199.46,0.0,170.32,29.14,0.0,29.14
2026-04-05 11:00:00,129.5,0.0,95.83,33.67,0.0,33.67
2026-04-05 12:00:00,348.73,0.0,312.53,36.2,0.0,36.2
2026-04-05 13:00:00,660.29,0.0,620.76,39.53,0.0,39.53
2026-04-05 14:00:00,779.68,0.0,741.67,38.01,0.0,38.01
2026-04-05 15:00:00,477.84,0.0,438.63,39.21,0.0,39.21
2026-04-05 16:00:00,512.62,0.0,475.07,37.55,0.0,37.55
2026-04-05 17:00:00,397.56,0.0,363.68,33.88,0.0,33.88
2026-04-05 18:00:00,142.62,0.0,95.61,47.01,0.0,47.01
2026-04-05 19:00:00,81.87,0.0,34.84,47.04,0.0,47.04
2026-04-05 20:00:00,3.27,121.89,0.0,125.16,0.0,125.16
2026-04-05 21:00:00,0.0,108.21,0.0,108.21,0.0,108.21
2026-04-05 22:00:00,0.0,106.35,0.0,106.35,0.0,106.35
2026-04-05 23:00:00,0.0,98.84,0.0,98.84,0.0,98.84
2026-04-06 00:00:00,0.0,96.34,0.0,96.34,0.0,96.34
2026-04-06 01:00:00,0.0,99.48,0.0,99.48,0.0,99.48
2026-04-06 02:00:00,0.0,100.72,0.0,100.72,0.0,100.72
2026-04-06 03:00:00,0.0,99.46,0.0,99.46,0.0,99.46
2026-04-06 04:00:00,0.0,109.48,0.0,109.48,0.0,109.48
2026-04-06 05:00:00,0.0,121.96,0.0,121.96,0.0,121.96
2026-04-06 06:00:00,0.0,126.34,0.0,126.34,0.0,126.34
2026-04-06 07:00:00,22.51,86.47,0.0,108.98,0.0,108.98
2026-04-06 08:00:00,114.66,0.0,114.56,0.1,0.0,0.1
2026-04-06 09:00:00,208.11,0.0,196.1,12.01,0.0,12.01
2026-04-06 10:00:00,439.64,0.0,382.04,57.6,0.0,57.6
2026-04-06 11:00:00,539.68,0.0,451.03,88.65,0.0,88.65
2026-04-06 12:00:00,678.93,0.0,580.08,98.85,0.0,98.85
2026-04-06 13:00:00,711.47,0.0,617.56,93.91,0.0,93.91
2026-04-06 14:00:00,708.06,0.0,609.57,98.49,0.0,98.49
2026-04-06 15:00:00,385.44,0.0,286.38,99.06,0.0,99.06
2026-04-06 16:00:00,443.75,0.0,348.7,95.05,0.0,95.05
2026-04-06 17:00:00,223.42,0.0,146.24,77.18,0.0,77.18
2026-04-06 18:00:00,131.13,0.0,88.2,42.92,0.0,42.92
2026-04-06 19:00:00,55.95,0.0,50.16,5.79,0.0,5.79
2026-04-06 20:00:00,4.38,97.58,0.0,101.96,0.0,101.96
2026-04-06 21:00:00,0.0,230.1,0.0,230.1,0.0,230.1
2026-04-06 22:00:00,0.0,228.84,0.0,228.84,0.0,228.84
2026-04-06 23:00:00,0.0,256.96,0.0,256.96,0.0,256.96
2026-04-07 00:00:00,0.0,270.08,0.0,270.08,0.0,270.08
2026-04-07 01:00:00,0.0,266.34,0.0,266.34,0.0,266.34
2026-04-07 02:00:00,0.0,279.45,0.0,279.45,0.0,279.45
2026-04-07 03:00:00,0.0,285.71,0.0,285.71,0.0,285.71
2026-04-07 04:00:00,0.0,310.08,0.0,310.08,0.0,310.08
2026-04-07 05:00:00,0.0,355.08,0.0,355.08,0.0,355.08
2026-04-07 06:00:00,0.0,358.2,0.0,358.2,0.0,358.2
2026-04-07 07:00:00,27.07,356.24,0.0,383.31,20.09,363.23
2026-04-07 08:00:00,179.99,170.65,0.0,350.64,105.99,244.65
2026-04-07 09:00:00,392.08,0.0,232.77,159.31,169.7,-10.39
2026-04-07 10:00:00,608.74,0.0,530.09,78.65,144.19,-65.54
2026-04-07 11:00:00,708.72,0.0,605.85,102.88,119.02,-16.15
2026-04-07 12:00:00,684.71,0.0,562.44,122.28,103.95,18.32
2026-04-07 13:00:00,860.86,0.0,732.01,128.85,101.1,27.75
2026-04-07 14:00:00,742.22,0.0,614.13,128.09,64.19,63.9
2026-04-07 15:00:00,676.56,0.0,552.89,123.66,33.89,89.77
2026-04-07 16:00:00,658.98,0.0,551.83,107.15,4.42,102.73
2026-04-07 17:00:00,362.15,0.0,278.82,83.32,0.0,83.32
2026-04-07 18:00:00,119.67,9.79,0.0,129.46,0.0,129.46
2026-04-07 19:00:00,29.44,259.31,0.0,288.75,0.0,288.75
2026-04-07 20:00:00,4.11,366.19,0.0,370.3,0.0,370.3
2026-04-07 21:00:00,0.0,385.08,0.0,385.08,0.0,385.08
2026-04-07 22:00:00,0.0,391.32,0.0,391.32,0.0,391.32
2026-04-07 23:00:00,0.0,395.08,0.0,395.08,0.0,395.08
2026-04-08 00:00:00,0.0,394.45,0.0,394.45,0.0,394.45
2026-04-08 01:00:00,0.0,368.82,0.0,368.82,0.0,368.82
2026-04-08 02:00:00,0.0,375.7,0.0,375.7,0.0,375.7
2026-04-08 03:00:00,0.0,365.7,0.0,365.7,0.0,365.7
2026-04-08 04:00:00,0.0,373.81,0.0,373.81,0.0,373.81
2026-04-08 05:00:00,0.0,427.58,0.0,427.58,0.0,427.58
2026-04-08 06:00:00,0.02,415.68,0.0,415.7,2.47,413.23
2026-04-08 07:00:00,14.97,398.94,0.0,413.91,24.08,389.84
2026-04-08 08:00:00,66.78,283.82,0.0,350.6,69.76,280.84
2026-04-08 09:00:00,113.53,68.79,0.0,182.31,92.2,90.11
2026-04-08 10:00:00,211.23,0.0,129.13,82.1,68.32,13.78
2026-04-08 11:00:00,338.1,0.0,237.31,100.79,48.36,52.43
2026-04-08 12:00:00,434.84,0.0,315.04,119.8,21.01,98.79
2026-04-08 13:00:00,676.96,0.0,555.05,121.91,13.76,108.15
2026-04-08 14:00:00,679.98,0.0,556.8,123.18,11.28,111.9
2026-04-08 15:00:00,678.52,0.0,563.06,115.46,5.64,109.82
2026-04-08 16:00:00,664.18,0.0,565.0,99.18,0.0,99.17
2026-04-08 17:00:00,518.11,0.0,576.86,-58.75,0.72,-59.46
2026-04-08 18:00:00,327.18,0.0,187.6,139.57,0.0,139.57
2026-04-08 19:00:00,101.65,204.89,0.0,306.54,0.0,306.54
2026-04-08 20:00:00,4.2,358.29,0.0,362.49,0.0,362.49
2026-04-08 21:00:00,0.0,385.08,0.0,385.08,0.0,385.07
2026-04-08 22:00:00,0.0,383.82,0.0,383.82,0.0,383.82
2026-04-08 23:00:00,0.0,355.08,0.0,355.08,0.0,355.08
2026-04-09 00:00:00,0.0,335.7,0.0,335.7,0.0,335.7
2026-04-09 01:00:00,0.0,350.7,0.0,350.7,0.0,350.7
2026-04-09 02:00:00,0.0,370.09,0.0,370.09,0.0,370.09
2026-04-09 03:00:00,0.0,364.45,0.0,364.45,0.0,364.45
2026-04-09 04:00:00,0.0,365.7,0.0,365.7,0.0,365.7
2026-04-09 05:00:00,0.0,345.7,0.0,345.7,0.0,345.7
2026-04-09 06:00:00,0.0,348.2,0.0,348.2,0.0,348.2
2026-04-09 07:00:00,14.34,364.61,0.0,378.95,13.25,365.7
2026-04-09 08:00:00,184.15,126.54,0.0,310.69,48.46,262.23
2026-04-09 09:00:00,246.88,0.0,52.81,194.08,82.22,111.85
2026-04-09 10:00:00,252.11,0.0,161.81,90.3,69.44,20.86
2026-04-09 11:00:00,180.18,0.0,86.98,93.2,62.6,30.6
2026-04-09 12:00:00,499.95,0.0,394.45,105.5,49.29,56.21
2026-04-09 13:00:00,466.02,0.0,367.1,98.91,43.83,55.09
2026-04-09 14:00:00,485.2,0.0,376.64,108.56,35.06,73.51
2026-04-09 15:00:00,252.51,0.0,156.0,96.51,15.45,81.06
2026-04-09 16:00:00,338.93,0.0,264.78,74.15,13.26,60.89
2026-04-09 17:00:00,425.5,0.0,279.64,145.86,4.26,141.6
2026-04-09 18:00:00,266.61,0.0,62.38,204.22,2.34,201.89
2026-04-09 19:00:00,128.79,173.41,0.0,302.2,0.0,302.2
2026-04-09 20:00:00,11.13,319.05,0.0,330.19,0.0,330.19
2026-04-09 21:00:00,0.0,360.7,0.0,360.7,0.0,360.7
2026-04-09 22:00:00,0.0,356.32,0.0,356.32,0.0,356.32
2026-04-09 23:00:00,0.0,361.31,0.0,361.31,0.0,361.31
2026-04-10 00:00:00,0.0,332.58,0.0,332.58,0.0,332.58
2026-04-10 01:00:00,0.0,284.45,0.0,284.45,0.0,284.45
2026-04-10 02:00:00,0.0,328.82,0.0,328.82,0.0,328.82
2026-04-10 03:00:00,0.0,326.32,0.0,326.32,0.0,326.32
2026-04-10 04:00:00,0.0,318.82,0.0,318.82,0.0,318.82
2026-04-10 05:00:00,0.0,292.58,0.0,292.58,0.0,292.58
2026-04-10 06:00:00,0.13,328.07,0.0,328.2,2.26,325.94
2026-04-10 07:00:00,36.63,281.02,0.0,317.65,15.72,301.94
2026-04-10 08:00:00,206.22,85.57,0.0,291.79,55.41,236.38
2026-04-10 09:00:00,426.59,0.0,266.09,160.5,69.66,90.84
2026-04-10 10:00:00,635.43,0.0,663.8,-28.38,71.35,-99.72
2026-04-10 11:00:00,754.64,0.0,898.52,-143.88,60.39,-204.27
2026-04-10 12:00:00,837.42,0.0,1030.68,-193.26,25.72,-218.98
2026-04-10 13:00:00,654.39,0.0,985.76,-331.38,7.72,-339.1
2026-04-10 14:00:00,709.3,0.0,1073.94,-364.64,0.0,-364.64
2026-04-10 15:00:00,636.61,0.0,913.08,-276.46,3.44,-279.91
2026-04-10 16:00:00,624.55,0.0,770.84,-146.29,3.64,-149.93
2026-04-10 17:00:00,513.93,0.0,546.49,-32.56,2.55,-35.11
2026-04-10 18:00:00,220.43,0.0,68.68,151.75,0.0,151.75
2026-04-10 19:00:00,122.05,82.43,0.0,204.48,0.0,204.48
2026-04-10 20:00:00,4.04,155.68,0.0,159.72,0.0,159.72
2026-04-10 21:00:00,0.0,62.59,0.0,62.59,0.0,62.59
2026-04-10 22:00:00,0.0,56.34,0.0,56.34,0.0,56.34
2026-04-10 23:00:00,0.0,53.85,0.0,53.85,0.0,53.85
2026-04-11 00:00:00,0.0,51.96,0.0,51.96,0.0,51.96
2026-04-11 01:00:00,0.0,43.85,0.0,43.85,0.0,43.85
2026-04-11 02:00:00,0.0,44.46,0.0,44.46,0.0,44.46
2026-04-11 03:00:00,0.0,44.48,0.0,44.48,0.0,44.48
2026-04-11 04:00:00,0.0,43.84,0.0,43.84,0.0,43.84
2026-04-11 05:00:00,0.0,43.22,0.0,43.22,0.0,43.22
2026-04-11 06:00:00,0.0,43.21,0.0,43.21,0.0,43.21
2026-04-11 07:00:00,1.46,20.81,0.0,22.28,0.0,22.28
2026-04-11 08:00:00,24.7,0.0,27.97,-3.28,0.0,-3.28
2026-04-11 09:00:00,66.18,0.0,62.46,3.72,0.0,3.72
2026-04-11 10:00:00,96.83,0.0,61.08,35.75,0.0,35.75
2026-04-11 11:00:00,138.49,0.0,98.27,40.22,0.0,40.22
2026-04-11 12:00:00,158.99,0.0,121.77,37.22,0.0,37.22
2026-04-11 13:00:00,157.29,0.0,136.75,20.54,0.0,20.54
2026-04-11 14:00:00,235.57,0.0,231.97,3.6,0.0,3.6
2026-04-11 15:00:00,237.9,0.0,235.19,2.71,0.0,2.71
2026-04-11 16:00:00,224.46,0.0,214.81,9.65,0.0,9.65
2026-04-11 17:00:00,132.6,0.0,118.78,13.81,0.0,13.81
2026-04-11 18:00:00,64.62,0.0,58.07,6.55,0.0,6.55
2026-04-11 19:00:00,27.66,0.0,53.98,-26.32,0.0,-26.32
2026-04-11 20:00:00,2.75,29.05,0.0,31.8,0.0,31.8
2026-04-11 21:00:00,0.0,51.96,0.0,51.96,0.0,51.96
2026-04-11 22:00:00,0.0,50.71,0.0,50.71,0.0,50.71
2026-04-11 23:00:00,0.0,46.98,0.0,46.98,0.0,46.98
2026-04-12 00:00:00,0.0,41.96,0.0,41.96,0.0,41.96
2026-04-12 01:00:00,0.0,41.96,0.0,41.96,0.0,41.96
2026-04-12 02:00:00,0.0,43.85,0.0,43.85,0.0,43.85
2026-04-12 03:00:00,0.0,43.21,0.0,43.21,0.0,43.21
2026-04-12 04:00:00,0.0,42.59,0.0,42.59,0.0,42.59
2026-04-12 05:00:00,0.0,44.48,0.0,44.48,0.0,44.48
2026-04-12 06:00:00,0.84,48.63,0.0,49.46,0.0,49.46
2026-04-12 07:00:00,37.3,0.0,18.46,18.84,0.0,18.84
2026-04-12 08:00:00,151.57,0.0,260.48,-108.91,0.0,-108.91
2026-04-12 09:00:00,399.95,0.0,371.01,28.94,0.0,28.94
2026-04-12 10:00:00,588.76,0.0,549.64,39.12,0.0,39.12
2026-04-12 11:00:00,755.22,0.0,717.27,37.95,0.0,37.95
2026-04-12 12:00:00,828.7,0.0,792.01,36.69,0.0,36.69
2026-04-12 13:00:00,780.9,0.0,745.37,35.53,0.0,35.53
2026-04-12 14:00:00,825.22,0.0,789.78,35.44,0.0,35.44
2026-04-12 15:00:00,729.37,0.0,694.92,34.45,0.0,34.45
2026-04-12 16:00:00,662.02,0.0,1186.93,-524.91,0.0,-524.91
2026-04-12 17:00:00,478.63,0.0,805.32,-326.69,0.0,-326.69
2026-04-12 18:00:00,306.01,0.0,399.69,-93.68,0.0,-93.68
2026-04-12 19:00:00,98.6,0.0,72.28,26.32,0.0,26.32
2026-04-12 20:00:00,10.78,74.46,0.0,85.24,0.0,85.24
2026-04-12 21:00:00,0.0,140.09,0.0,140.09,0.0,140.09
2026-04-12 22:00:00,0.0,221.34,0.0,221.34,0.0,221.34
2026-04-12 23:00:00,0.0,249.46,0.0,249.46,0.0,249.46
2026-04-13 00:00:00,0.0,298.2,0.0,298.2,0.0,298.2
2026-04-13 01:00:00,0.0,282.58,0.0,282.58,0.0,282.58
2026-04-13 02:00:00,0.0,297.59,0.0,297.59,0.0,297.59
2026-04-13 03:00:00,0.0,295.08,0.0,295.08,0.0,295.08
2026-04-13 04:00:00,0.0,326.95,0.0,326.95,0.0,326.95
2026-04-13 05:00:00,0.0,335.08,0.0,335.08,0.0,335.08
2026-04-13 06:00:00,0.13,371.19,0.0,371.32,0.0,371.32
2026-04-13 07:00:00,37.85,356.85,0.0,394.7,3.66,391.04
2026-04-13 08:00:00,165.79,211.92,0.0,377.71,58.24,319.47
2026-04-13 09:00:00,356.13,11.02,0.0,367.15,119.16,247.98
2026-04-13 10:00:00,510.5,0.0,198.5,312.0,123.59,188.41
2026-04-13 11:00:00,625.07,0.0,414.68,210.39,99.78,110.61
2026-04-13 12:00:00,794.18,0.0,786.77,7.41,87.91,-80.5
2026-04-13 13:00:00,856.3,0.0,786.89,69.41,98.13,-28.72
2026-04-13 14:00:00,856.59,0.0,754.25,102.34,67.59,34.75
2026-04-13 15:00:00,795.33,0.0,827.84,-32.51,24.52,-57.03
2026-04-13 16:00:00,675.15,0.0,606.34,68.81,10.72,58.09
2026-04-13 17:00:00,503.6,0.0,318.9,184.7,0.45,184.25
2026-04-13 18:00:00,333.3,0.0,87.42,245.89,0.0,245.89
2026-04-13 19:00:00,148.35,182.32,0.0,330.68,0.0,330.68
2026-04-13 20:00:00,17.77,350.62,0.0,368.39,0.0,368.39
2026-04-13 21:00:00,0.0,402.56,0.0,402.56,0.0,402.56
2026-04-13 22:00:00,0.0,404.45,0.0,404.45,0.0,404.45
2026-04-13 23:00:00,0.0,410.06,0.0,410.06,0.0,410.06
2026-04-14 00:00:00,0.0,395.08,0.0,395.08,0.0,395.08
2026-04-14 01:00:00,0.0,404.45,0.0,404.45,0.0,404.45
2026-04-14 02:00:00,0.0,411.31,0.0,411.31,0.0,411.31
2026-04-14 03:00:00,0.0,441.32,0.0,441.32,0.0,441.32
2026-04-14 04:00:00,0.0,441.94,0.0,441.94,0.0,441.94
2026-04-14 05:00:00,0.0,401.95,0.0,401.95,0.0,401.95
2026-04-14 06:00:00,0.07,468.12,0.0,468.19,0.0,468.19
2026-04-14 07:00:00,25.41,434.77,0.0,460.18,3.16,457.02
2026-04-14 08:00:00,131.13,196.89,0.0,328.02,48.94,279.08
2026-04-14 09:00:00,283.12,0.0,119.02,164.1,103.07,61.03
2026-04-14 10:00:00,490.11,0.0,438.01,52.1,96.5,-44.4
2026-04-14 11:00:00,622.61,0.0,686.65,-64.04,66.52,-130.56
2026-04-14 12:00:00,751.87,0.0,940.24,-188.38,35.29,-223.66
2026-04-14 13:00:00,852.14,0.0,1059.85,-207.71,9.7,-217.41
2026-04-14 14:00:00,832.04,0.0,1065.35,-233.31,0.0,-233.31
2026-04-14 15:00:00,688.13,0.0,903.68,-215.55,11.1,-226.65
2026-04-14 16:00:00,383.5,0.0,460.32,-76.82,11.32,-88.15
2026-04-14 17:00:00,215.82,0.0,223.14,-7.33,4.26,-11.59
2026-04-14 18:00:00,102.2,28.32,0.0,130.52,0.0,130.52
2026-04-14 19:00:00,46.47,216.57,0.0,263.04,0.0,263.04
2026-04-14 20:00:00,2.75,413.12,0.0,415.88,0.0,415.88
2026-04-14 21:00:00,0.0,423.2,0.0,423.2,0.0,423.2
2026-04-14 22:00:00,0.0,411.95,0.0,411.95,0.0,411.95
2026-04-14 23:00:00,0.0,415.7,0.0,415.7,0.0,415.7
2026-04-15 00:00:00,0.0,434.45,0.0,434.45,0.0,434.45
2026-04-15 01:00:00,0.0,415.08,0.0,415.08,0.0,415.08
2026-04-15 02:00:00,0.0,440.7,0.0,440.7,0.0,440.7
2026-04-15 03:00:00,0.0,403.82,0.0,403.82,0.0,403.82
2026-04-15 04:00:00,0.0,386.32,0.0,386.32,0.0,386.32
2026-04-15 05:00:00,0.0,381.95,0.0,381.95,0.0,381.95
2026-04-15 06:00:00,0.83,396.74,0.0,397.58,0.0,397.58
2026-04-15 07:00:00,64.04,272.16,0.0,336.2,2.87,333.33
2026-04-15 08:00:00,137.33,114.98,0.0,252.31,47.15,205.16
2026-04-15 09:00:00,293.25,0.0,92.09,201.16,93.54,107.63
2026-04-15 10:00:00,145.11,0.0,126.63,18.47,87.08,-68.6
2026-04-15 11:00:00,238.55,0.0,218.6,19.95,40.34,-20.39
2026-04-15 12:00:00,235.87,0.0,356.23,-120.36,35.83,-156.19
2026-04-15 13:00:00,97.18,0.0,139.87,-42.69,27.75,-70.44
2026-04-15 14:00:00,334.93,0.0,276.35,58.59,17.03,41.55
2026-04-15 15:00:00,357.65,0.0,146.74,210.91,14.09,196.82
2026-04-15 16:00:00,561.18,0.0,347.24,213.94,9.27,204.67
2026-04-15 17:00:00,425.26,0.0,216.15,209.11,0.0,209.11
2026-04-15 18:00:00,397.0,0.0,305.53,91.48,0.78,90.69
2026-04-15 19:00:00,79.15,212.63,0.0,291.79,0.0,291.79
2026-04-15 20:00:00,8.2,305.08,0.0,313.27,0.0,313.27
2026-04-15 21:00:00,0.0,334.45,0.0,334.45,0.0,334.45
2026-04-15 22:00:00,0.0,319.45,0.0,319.45,0.0,319.45
2026-04-15 23:00:00,0.0,351.95,0.0,351.95,0.0,351.95
2026-04-16 00:00:00,0.0,370.08,0.0,370.08,0.0,370.08
2026-04-16 01:00:00,0.0,345.08,0.0,345.08,0.0,345.08
2026-04-16 02:00:00,0.0,391.32,0.0,391.32,0.0,391.32
2026-04-16 03:00:00,0.0,385.7,0.0,385.7,0.0,385.7
2026-04-16 04:00:00,0.0,375.06,0.0,375.06,0.0,375.06
2026-04-16 05:00:00,0.0,363.82,0.0,363.82,0.0,363.82
2026-04-16 06:00:00,0.0,406.95,0.0,406.95,3.51,403.44
2026-04-16 07:00:00,12.28,348.87,0.0,361.15,23.51,337.64
2026-04-16 08:00:00,99.66,264.15,0.0,363.81,99.45,264.36
2026-04-16 09:00:00,124.06,103.24,0.0,227.3,156.86,70.44
2026-04-16 10:00:00,121.54,0.0,53.04,68.5,105.77,-37.27
2026-04-16 11:00:00,378.86,0.0,426.76,-47.9,65.39,-113.29
2026-04-16 12:00:00,548.64,0.0,691.72,-143.07,27.48,-170.56
2026-04-16 13:00:00,431.41,0.0,294.64,136.76,11.35,125.41
2026-04-16 14:00:00,379.1,0.0,515.93,-136.82,2.34,-139.17
2026-04-16 15:00:00,517.12,0.0,611.41,-94.29,0.0,-94.29
2026-04-16 16:00:00,441.28,0.0,505.98,-64.7,0.0,-64.7
2026-04-16 17:00:00,180.63,0.0,297.39,-116.76,0.54,-117.3
2026-04-16 18:00:00,96.35,0.0,46.12,50.24,0.0,50.24
2026-04-16 19:00:00,17.77,185.63,0.0,203.4,0.0,203.4
2026-04-16 20:00:00,8.54,340.12,0.0,348.66,0.0,348.66
2026-04-16 21:00:00,0.0,359.45,0.0,359.45,0.0,359.45
2026-04-16 22:00:00,0.0,355.08,0.0,355.08,0.0,355.08
2026-04-16 23:00:00,0.0,380.7,0.0,380.7,0.0,380.7
2026-04-17 00:00:00,0.0,331.95,0.0,331.95,0.0,331.95
2026-04-17 01:00:00,0.0,348.2,0.0,348.2,0.0,348.2
2026-04-17 02:00:00,0.0,406.32,0.0,406.32,0.0,406.32
2026-04-17 03:00:00,0.0,401.95,0.0,401.95,0.0,401.95
2026-04-17 04:00:00,0.0,391.31,0.0,391.31,0.0,391.31
2026-04-17 05:00:00,0.0,406.32,0.0,406.32,1.86,404.46
2026-04-17 06:00:00,1.05,396.52,0.0,397.58,11.27,386.31
2026-04-17 07:00:00,62.06,334.76,0.0,396.81,25.26,371.56
2026-04-17 08:00:00,208.13,156.96,0.0,365.09,111.6,253.49
2026-04-17 09:00:00,78.86,118.04,0.0,196.9,155.14,41.76
2026-04-17 10:00:00,505.42,0.0,381.47,123.95,118.17,5.78
2026-04-17 11:00:00,456.71,0.0,351.1,105.61,105.03,0.58
2026-04-17 12:00:00,521.08,0.0,579.58,-58.5,60.72,-119.22
2026-04-17 13:00:00,700.71,0.0,715.57,-14.86,29.45,-44.31
2026-04-17 14:00:00,416.07,0.0,503.36,-87.29,15.77,-103.06
2026-04-17 15:00:00,635.46,0.0,814.68,-179.22,10.79,-190.01
2026-04-17 16:00:00,304.53,0.0,431.48,-126.95,10.35,-137.3
2026-04-17 17:00:00,485.34,0.0,558.19,-72.85,0.18,-73.03
2026-04-17 18:00:00,140.77,0.0,128.24,12.54,0.48,12.06
2026-04-17 19:00:00,102.36,65.69,0.0,168.05,0.0,168.05
2026-04-17 20:00:00,16.9,276.15,0.0,293.05,0.0,293.05
2026-04-17 21:00:00,0.0,275.08,0.0,275.08,0.0,275.08
2026-04-17 22:00:00,0.0,286.95,0.0,286.95,0.0,286.95
2026-04-17 23:00:00,0.0,313.82,0.0,313.82,0.0,313.82
2026-04-18 00:00:00,0.0,310.7,0.0,310.7,0.0,310.7
2026-04-18 01:00:00,0.0,311.32,0.0,311.32,0.0,311.32
2026-04-18 02:00:00,0.0,315.08,0.0,315.08,0.0,315.08
2026-04-18 03:00:00,0.0,303.84,0.0,303.84,0.0,303.84
2026-04-18 04:00:00,0.0,149.46,0.0,149.46,0.0,149.46
2026-04-18 05:00:00,0.0,66.96,0.0,66.96,0.0,66.96
2026-04-18 06:00:00,2.04,54.31,0.0,56.35,0.0,56.35
2026-04-18 07:00:00,68.34,0.0,36.92,31.41,0.0,31.41
2026-04-18 08:00:00,328.15,0.0,355.7,-27.55,0.0,-27.55
2026-04-18 09:00:00,473.45,0.0,547.55,-74.1,0.0,-74.1
2026-04-18 10:00:00,462.58,0.0,575.03,-112.45,0.0,-112.45
2026-04-18 11:00:00,764.42,0.0,866.17,-101.75,0.0,-101.75
2026-04-18 12:00:00,641.41,0.0,812.53,-171.12,0.0,-171.12
2026-04-18 13:00:00,758.11,0.0,993.86,-235.75,0.0,-235.75
2026-04-18 14:00:00,727.22,0.0,1163.18,-435.96,0.0,-435.96
2026-04-18 15:00:00,849.94,0.0,1528.66,-678.72,0.0,-678.72
2026-04-18 16:00:00,781.11,0.0,1395.13,-614.02,0.0,-614.02
2026-04-18 17:00:00,565.98,0.0,1013.54,-447.56,0.0,-447.56
2026-04-18 18:00:00,220.28,0.0,441.03,-220.75,0.0,-220.75
2026-04-18 19:00:00,70.75,0.0,219.9,-149.15,0.0,-149.15
2026-04-18 20:00:00,10.5,19.27,0.0,29.78,0.0,29.78
2026-04-18 21:00:00,0.0,56.96,0.0,56.96,0.0,56.96
2026-04-18 22:00:00,0.0,60.09,0.0,60.09,0.0,60.09
2026-04-18 23:00:00,0.0,56.98,0.0,56.98,0.0,56.98
2026-04-19 00:00:00,0.0,50.71,0.0,50.71,0.0,50.71
2026-04-19 01:00:00,0.0,48.22,0.0,48.22,0.0,48.22
2026-04-19 02:00:00,0.0,48.21,0.0,48.21,0.0,48.21
2026-04-19 03:00:00,0.0,46.98,0.0,46.98,0.0,46.98
2026-04-19 04:00:00,0.0,48.21,0.0,48.21,0.0,48.21
2026-04-19 05:00:00,0.0,47.6,0.0,47.6,0.0,47.6
2026-04-19 06:00:00,0.14,44.35,0.0,44.49,0.0,44.49
2026-04-19 07:00:00,9.5,0.0,29.1,-19.6,0.0,-19.6
2026-04-19 08:00:00,51.15,0.0,241.54,-190.39,0.0,-190.39
2026-04-19 09:00:00,105.06,0.0,466.8,-361.74,0.0,-361.74
2026-04-19 10:00:00,99.41,0.0,622.61,-523.2,0.0,-523.2
2026-04-19 11:00:00,329.74,0.0,284.68,45.06,0.0,45.06
2026-04-19 12:00:00,436.49,0.0,393.74,42.75,0.0,42.75
2026-04-19 13:00:00,335.71,0.0,292.38,43.32,0.0,43.32
2026-04-19 14:00:00,484.21,0.0,434.93,49.29,0.0,49.29
2026-04-19 15:00:00,524.58,0.0,482.55,42.04,0.0,42.04
2026-04-19 16:00:00,425.06,0.0,384.34,40.71,0.0,40.71
2026-04-19 17:00:00,473.79,0.0,483.23,-9.44,0.0,-9.44
2026-04-19 18:00:00,292.22,0.0,509.6,-217.38,0.0,-217.38
2026-04-19 19:00:00,126.43,0.0,196.12,-69.69,0.0,-69.69
2026-04-19 20:00:00,16.89,42.03,0.0,58.92,0.0,58.92
2026-04-19 21:00:00,0.0,268.84,0.0,268.84,0.0,268.84
2026-04-19 22:00:00,0.0,252.59,0.0,252.59,0.0,252.59
2026-04-19 23:00:00,0.0,265.7,0.0,265.7,0.0,265.7
2026-04-20 00:00:00,0.0,282.58,0.0,282.58,0.0,282.58
2026-04-20 01:00:00,0.0,275.08,0.0,275.08,0.0,275.08
2026-04-20 02:00:00,0.0,293.84,0.0,293.84,0.0,293.84
2026-04-20 03:00:00,0.0,303.82,0.0,303.82,0.0,303.82
2026-04-20 04:00:00,0.0,266.32,0.0,266.32,0.0,266.32
2026-04-20 05:00:00,0.0,288.2,0.0,288.2,0.0,288.2
2026-04-20 06:00:00,1.65,297.17,0.0,298.82,0.0,298.82
2026-04-20 07:00:00,42.3,242.57,0.0,284.88,21.61,263.27
2026-04-20 08:00:00,110.87,60.06,0.0,170.94,81.61,89.32
2026-04-20 09:00:00,208.58,0.0,20.84,187.74,144.74,42.99
2026-04-20 10:00:00,454.4,0.0,266.68,187.73,144.05,43.67
2026-04-20 11:00:00,418.41,0.0,365.79,52.62,127.98,-75.36
2026-04-20 12:00:00,503.68,0.0,572.47,-68.79,75.5,-144.29
2026-04-20 13:00:00,700.24,0.0,880.14,-179.9,65.73,-245.63
2026-04-20 14:00:00,689.64,0.0,770.75,-81.11,64.22,-145.34
2026-04-20 15:00:00,702.69,0.0,834.53,-131.84,25.94,-157.77
2026-04-20 16:00:00,475.64,0.0,429.32,46.32,10.32,36.0
2026-04-20 17:00:00,348.33,0.0,325.27,23.06,0.42,22.65
2026-04-20 18:00:00,222.11,0.0,137.68,84.42,0.0,84.42
2026-04-20 19:00:00,140.98,168.23,0.0,309.21,0.0,309.21
2026-04-20 20:00:00,30.77,362.02,0.0,392.79,0.0,392.79
2026-04-20 21:00:00,0.0,419.45,0.0,419.45,0.0,419.45
2026-04-20 22:00:00,0.0,398.81,0.0,398.81,0.0,398.81
2026-04-20 23:00:00,0.0,428.82,0.0,428.82,0.0,428.82
2026-04-21 00:00:00,0.0,470.08,0.0,470.08,0.0,470.08
2026-04-21 01:00:00,0.0,423.19,0.0,423.19,0.0,423.19
2026-04-21 02:00:00,0.0,466.95,0.0,466.95,0.0,466.95
2026-04-21 03:00:00,0.0,434.44,0.0,434.44,0.0,434.44
2026-04-21 04:00:00,0.0,411.32,0.0,411.32,0.0,411.32
2026-04-21 05:00:00,0.0,411.32,0.0,411.32,0.0,411.32
2026-04-21 06:00:00,2.71,419.23,0.0,421.94,0.0,421.94
2026-04-21 07:00:00,45.17,362.15,0.0,407.32,15.43,391.89
2026-04-21 08:00:00,143.41,263.92,0.0,407.32,70.92,336.41
2026-04-21 09:00:00,206.66,51.13,0.0,257.79,104.9,152.89
2026-04-21 10:00:00,699.57,0.0,447.65,251.92,70.88,181.05
2026-04-21 11:00:00,832.18,0.0,561.0,271.18,43.18,227.99
2026-04-21 12:00:00,813.11,0.0,717.04,96.08,17.7,78.38
2026-04-21 13:00:00,786.85,0.0,645.98,140.86,10.31,130.55
2026-04-21 14:00:00,707.94,0.0,549.72,158.22,2.09,156.14
2026-04-21 15:00:00,783.61,0.0,620.87,162.74,5.85,156.89
2026-04-21 16:00:00,836.83,0.0,721.16,115.66,3.42,112.24
2026-04-21 17:00:00,641.0,0.0,552.04,88.96,0.0,88.96
2026-04-21 18:00:00,424.64,0.0,335.41,89.22,0.0,89.22
2026-04-21 19:00:00,185.4,111.58,0.0,296.98,0.0,296.98
2026-04-21 20:00:00,22.42,375.94,0.0,398.36,0.0,398.36
2026-04-21 21:00:00,0.0,388.81,0.0,388.81,0.0,388.81
2026-04-21 22:00:00,0.0,413.82,0.0,413.82,0.0,413.82
2026-04-21 23:00:00,0.0,390.08,0.0,390.08,0.0,390.08
2026-04-22 00:00:00,0.0,401.32,0.0,401.32,0.0,401.32
2026-04-22 01:00:00,0.0,355.08,0.0,355.08,0.0,355.08
2026-04-22 02:00:00,0.0,367.58,0.0,367.58,0.0,367.58
2026-04-22 03:00:00,0.0,366.95,0.0,366.95,0.0,366.95
2026-04-22 04:00:00,0.0,384.45,0.0,384.45,0.0,384.45
2026-04-22 05:00:00,0.0,396.31,0.0,396.31,0.0,396.31
2026-04-22 06:00:00,0.85,438.14,0.0,438.99,0.0,438.99
2026-04-22 07:00:00,47.98,327.95,0.0,375.92,4.46,371.46
2026-04-22 08:00:00,121.44,107.88,0.0,229.31,31.64,197.67
2026-04-22 09:00:00,376.4,0.0,332.1,44.3,66.05,-21.75
2026-04-22 10:00:00,566.38,0.0,479.51,86.88,58.31,28.57
2026-04-22 11:00:00,731.91,0.0,624.16,107.75,39.61,68.14
2026-04-22 12:00:00,469.49,0.0,342.26,127.22,36.31,90.92
2026-04-22 13:00:00,531.68,0.0,398.38,133.3,65.72,67.58
2026-04-22 14:00:00,461.37,0.0,329.23,132.14,49.48,82.66
2026-04-22 15:00:00,711.67,0.0,581.94,129.73,19.93,109.8
2026-04-22 16:00:00,857.35,0.0,740.76,116.59,0.0,116.59
2026-04-22 17:00:00,591.57,0.0,500.8,90.76,0.0,90.76
2026-04-22 18:00:00,436.66,0.0,348.86,87.8,0.0,87.8
2026-04-22 19:00:00,173.24,129.33,0.0,302.56,0.0,302.56
2026-04-22 20:00:00,24.27,392.49,0.0,416.76,0.0,416.76
2026-04-22 21:00:00,0.09,424.98,0.0,425.06,0.0,425.06
2026-04-22 22:00:00,0.0,408.2,0.0,408.2,0.0,408.2
2026-04-22 23:00:00,0.0,393.2,0.0,393.2,0.0,393.2
2026-04-23 00:00:00,0.0,401.32,0.0,401.32,0.0,401.32
2026-04-23 01:00:00,0.0,390.08,0.0,390.08,0.0,390.08
2026-04-23 02:00:00,0.0,412.58,0.0,412.58,0.0,412.58
2026-04-23 03:00:00,0.0,362.56,0.0,362.56,0.0,362.56
2026-04-23 04:00:00,0.0,355.08,0.0,355.08,0.0,355.08
2026-04-23 05:00:00,0.0,378.2,0.0,378.2,0.0,378.2
2026-04-23 06:00:00,5.25,365.05,0.0,370.3,2.05,368.25
2026-04-23 07:00:00,98.99,202.65,0.0,301.64,26.53,275.1
2026-04-23 08:00:00,289.66,0.0,110.43,179.24,63.56,115.68
2026-04-23 09:00:00,551.85,0.0,493.19,58.66,125.41,-66.75
2026-04-23 10:00:00,511.8,0.0,423.87,87.94,116.36,-28.42
2026-04-23 11:00:00,466.93,0.0,369.07,97.86,88.93,8.93
2026-04-23 12:00:00,846.28,0.0,725.16,121.12,44.24,76.88
2026-04-23 13:00:00,864.43,0.0,730.31,134.11,23.05,111.06
2026-04-23 14:00:00,727.9,0.0,587.62,140.28,11.42,128.85
2026-04-23 15:00:00,802.09,0.0,662.92,139.18,11.74,127.44
2026-04-23 16:00:00,704.66,0.0,584.68,119.98,3.1,116.88
2026-04-23 17:00:00,258.11,0.0,157.5,100.61,0.63,99.98
2026-04-23 18:00:00,164.36,0.0,182.23,-17.88,7.24,-25.11
2026-04-23 19:00:00,77.14,65.56,0.0,142.7,0.0,142.7
2026-04-23 20:00:00,4.91,303.56,0.0,308.46,0.0,308.46
2026-04-23 21:00:00,0.0,355.7,0.0,355.7,0.0,355.7
2026-04-23 22:00:00,0.0,366.32,0.0,366.32,0.0,366.32
2026-04-23 23:00:00,0.0,368.2,0.0,368.2,0.0,368.2
2026-04-24 00:00:00,0.0,350.69,0.0,350.69,0.0,350.69
2026-04-24 01:00:00,0.0,326.96,0.0,326.96,0.0,326.96
2026-04-24 02:00:00,0.0,321.95,0.0,321.95,0.0,321.95
2026-04-24 03:00:00,0.0,317.58,0.0,317.58,0.0,317.58
2026-04-24 04:00:00,0.0,305.08,0.0,305.08,0.0,305.08
2026-04-24 05:00:00,0.0,323.2,0.0,323.2,0.0,323.2
2026-04-24 06:00:00,2.92,358.05,0.0,360.96,4.07,356.89
2026-04-24 07:00:00,67.81,186.29,0.0,254.1,23.67,230.43
2026-04-24 08:00:00,201.84,0.0,27.75,174.09,70.12,103.97
2026-04-24 09:00:00,335.82,0.0,289.01,46.81,136.03,-89.22
2026-04-24 10:00:00,343.73,0.0,253.8,89.92,119.27,-29.35
2026-04-24 11:00:00,559.4,0.0,447.19,112.21,82.27,29.94
2026-04-24 12:00:00,506.26,0.0,380.31,125.95,47.04,78.91
2026-04-24 13:00:00,575.08,0.0,440.04,135.04,25.24,109.8
2026-04-24 14:00:00,828.04,0.0,694.44,133.6,19.84,113.76
2026-04-24 15:00:00,484.56,0.0,352.05,132.51,7.91,124.6
2026-04-24 16:00:00,552.08,0.0,428.66,123.43,0.0,123.43
2026-04-24 17:00:00,373.92,0.0,274.68,99.24,0.0,99.24
2026-04-24 18:00:00,325.66,0.0,299.24,26.41,0.0,26.41
2026-04-24 19:00:00,153.32,0.0,13.82,139.5,0.0,139.5
2026-04-24 20:00:00,26.23,139.07,0.0,165.3,0.0,165.3
2026-04-24 21:00:00,0.23,93.62,0.0,93.85,0.0,93.85
2026-04-24 22:00:00,0.0,85.71,0.0,85.71,0.0,85.71
2026-04-24 23:00:00,0.0,85.1,0.0,85.1,0.0,85.1
2026-04-25 00:00:00,0.0,83.21,0.0,83.21,0.0,83.21
2026-04-25 01:00:00,0.0,79.47,0.0,79.47,0.0,79.47
2026-04-25 02:00:00,0.0,76.34,0.0,76.34,0.0,76.34
2026-04-25 03:00:00,0.0,73.85,0.0,73.85,0.0,73.85
2026-04-25 04:00:00,0.0,74.47,0.0,74.47,0.0,74.47
2026-04-25 05:00:00,0.0,73.21,0.0,73.21,0.0,73.21
2026-04-25 06:00:00,1.75,66.73,0.0,68.49,0.0,68.49
2026-04-25 07:00:00,29.0,0.0,7.53,21.48,0.0,21.48
2026-04-25 08:00:00,113.18,0.0,99.88,13.3,0.0,13.3
2026-04-25 09:00:00,211.57,0.0,162.62,48.95,0.0,48.95
2026-04-25 10:00:00,201.97,0.0,148.67,53.3,0.0,53.3
2026-04-25 11:00:00,760.91,0.0,705.93,54.97,0.0,54.97
2026-04-25 12:00:00,743.72,0.0,695.07,48.65,0.0,48.65
2026-04-25 13:00:00,245.6,0.0,196.22,49.38,0.0,49.37
2026-04-25 14:00:00,108.09,0.0,64.03,44.06,0.0,44.06
2026-04-25 15:00:00,238.43,0.0,194.68,43.75,0.0,43.75
2026-04-25 16:00:00,132.64,0.0,87.98,44.66,0.0,44.66
2026-04-25 17:00:00,92.95,0.0,42.77,50.18,0.0,50.18
2026-04-25 18:00:00,98.84,0.0,51.23,47.61,0.0,47.61
2026-04-25 19:00:00,100.62,0.0,242.72,-142.1,0.0,-142.1
2026-04-25 20:00:00,8.98,8.16,0.0,17.14,0.0,17.14
2026-04-25 21:00:00,0.0,56.34,0.0,56.34,0.0,56.34
2026-04-25 22:00:00,0.0,54.48,0.0,54.48,0.0,54.48
2026-04-25 23:00:00,0.0,48.85,0.0,48.85,0.0,48.85
2026-04-26 00:00:00,0.0,56.34,0.0,56.34,0.0,56.34
2026-04-26 01:00:00,0.0,56.35,0.0,56.35,0.0,56.35
2026-04-26 02:00:00,0.0,53.85,0.0,53.85,0.0,53.85
2026-04-26 03:00:00,0.0,48.84,0.0,48.84,0.0,48.84
2026-04-26 04:00:00,0.0,46.98,0.0,46.98,0.0,46.98
2026-04-26 05:00:00,0.0,46.35,0.0,46.35,0.0,46.35
2026-04-26 06:00:00,5.17,38.28,0.0,43.45,0.0,43.45
2026-04-26 07:00:00,67.47,0.0,118.51,-51.04,0.0,-51.04
2026-04-26 08:00:00,232.14,0.0,224.87,7.27,0.0,7.27
2026-04-26 09:00:00,377.26,0.0,341.19,36.07,0.0,36.07
2026-04-26 10:00:00,635.66,0.0,584.26,51.4,0.0,51.4
2026-04-26 11:00:00,658.8,0.0,612.64,46.16,0.0,46.16
2026-04-26 12:00:00,721.81,0.0,676.85,44.96,0.0,44.96
2026-04-26 13:00:00,647.34,0.0,603.63,43.71,0.0,43.71
2026-04-26 14:00:00,565.29,0.0,518.45,46.84,0.0,46.84
2026-04-26 15:00:00,458.75,0.0,414.51,44.24,0.0,44.24
2026-04-26 16:00:00,331.91,0.0,287.81,44.1,0.0,44.1
2026-04-26 17:00:00,303.71,0.0,253.41,50.3,0.0,50.3
2026-04-26 18:00:00,276.08,0.0,466.16,-190.09,0.0,-190.09
2026-04-26 19:00:00,103.06,0.0,110.84,-7.77,0.0,-7.78
2026-04-26 20:00:00,7.33,73.15,0.0,80.47,0.0,80.47
2026-04-26 21:00:00,0.0,196.32,0.0,196.32,0.0,196.32
2026-04-26 22:00:00,0.0,290.71,0.0,290.71,0.0,290.71
2026-04-26 23:00:00,0.0,283.2,0.0,283.2,0.0,283.2
2026-04-27 00:00:00,0.0,305.7,0.0,305.7,0.0,305.7
2026-04-27 01:00:00,0.0,293.2,0.0,293.2,0.0,293.2
2026-04-27 02:00:00,0.0,296.95,0.0,296.95,0.0,296.95
2026-04-27 03:00:00,0.0,313.2,0.0,313.2,0.0,313.2
2026-04-27 04:00:00,0.0,318.2,0.0,318.2,0.0,318.2
2026-04-27 05:00:00,0.0,347.58,0.0,347.58,0.0,347.58
2026-04-27 06:00:00,2.79,387.51,0.0,390.3,0.0,390.3
2026-04-27 07:00:00,57.79,250.24,0.0,308.02,21.98,286.05
2026-04-27 08:00:00,183.15,129.6,0.0,312.75,105.38,207.37
2026-04-27 09:00:00,255.35,0.0,128.93,126.41,182.72,-56.31
2026-04-27 10:00:00,339.19,0.0,294.73,44.46,154.56,-110.09
2026-04-27 11:00:00,544.35,0.0,434.33,110.01,109.34,0.67
2026-04-27 12:00:00,752.6,0.0,632.05,120.55,53.45,67.1
2026-04-27 13:00:00,629.38,0.0,494.23,135.15,37.58,97.57
2026-04-27 14:00:00,579.69,0.0,440.49,139.2,24.84,114.36
2026-04-27 15:00:00,392.92,0.0,265.84,127.07,21.38,105.7
2026-04-27 16:00:00,289.91,0.0,179.57,110.34,12.39,97.95
2026-04-27 17:00:00,185.53,0.0,324.06,-138.54,15.0,-153.53
2026-04-27 18:00:00,50.09,81.98,0.0,132.07,10.54,121.53
2026-04-27 19:00:00,10.73,316.38,0.0,327.11,0.09,327.02
2026-04-27 20:00:00,3.98,307.21,0.0,311.19,0.0,311.19
2026-04-27 21:00:00,0.0,346.95,0.0,346.95,0.0,346.95
2026-04-27 22:00:00,0.0,351.32,0.0,351.32,0.0,351.32
2026-04-27 23:00:00,0.0,384.45,0.0,384.45,0.0,384.45
2026-04-28 00:00:00,0.0,382.58,0.0,382.58,0.0,382.57
2026-04-28 01:00:00,0.0,354.45,0.0,354.45,0.0,354.45
2026-04-28 02:00:00,0.0,382.58,0.0,382.58,0.0,382.58
2026-04-28 03:00:00,0.0,406.95,0.0,406.95,0.0,406.95
2026-04-28 04:00:00,0.0,348.82,0.0,348.82,0.0,348.82
2026-04-28 05:00:00,0.0,363.82,0.0,363.82,0.0,363.82
2026-04-28 06:00:00,1.44,375.47,0.0,376.91,0.0,376.91
2026-04-28 07:00:00,23.28,274.34,0.0,297.61,21.11,276.5
2026-04-28 08:00:00,290.97,0.93,0.0,291.9,132.31,159.59
2026-04-28 09:00:00,334.64,0.0,104.2,230.44,194.14,36.29
2026-04-28 10:00:00,331.33,0.0,202.89,128.44,129.3,-0.86
2026-04-28 11:00:00,206.4,0.0,12.67,193.72,88.85,104.88
2026-04-28 12:00:00,321.84,0.0,175.39,146.45,53.3,93.15
2026-04-28 13:00:00,435.64,0.0,317.21,118.42,35.49,82.93
2026-04-28 14:00:00,321.12,0.0,121.96,199.16,24.12,175.04
2026-04-28 15:00:00,179.06,0.0,29.23,149.82,22.39,127.43
2026-04-28 16:00:00,254.31,0.0,135.02,119.29,19.36,99.93
2026-04-28 17:00:00,426.42,0.0,331.11,95.31,4.48,90.83
2026-04-28 18:00:00,289.6,0.0,179.6,110.0,0.8,109.2
2026-04-28 19:00:00,233.78,14.91,0.0,248.69,0.0,248.69
2026-04-28 20:00:00,44.04,351.51,0.0,395.55,0.0,395.55
2026-04-28 21:00:00,1.23,449.45,0.0,450.69,0.0,450.69
2026-04-28 22:00:00,0.0,466.31,0.0,466.31,0.0,466.31
2026-04-28 23:00:00,0.0,410.08,0.0,410.08,0.0,410.08
2026-04-29 00:00:00,0.0,434.44,0.0,434.44,0.0,434.44
2026-04-29 01:00:00,0.0,407.58,0.0,407.58,0.0,407.58
2026-04-29 02:00:00,0.0,398.2,0.0,398.2,0.0,398.2
2026-04-29 03:00:00,0.0,393.81,0.0,393.81,0.0,393.81
2026-04-29 04:00:00,0.0,379.45,0.0,379.45,0.0,379.45
2026-04-29 05:00:00,0.0,373.81,0.0,373.81,1.8,372.02
2026-04-29 06:00:00,10.46,348.83,0.0,359.29,7.68,351.6
2026-04-29 07:00:00,122.11,195.92,0.0,318.04,27.04,291.0
2026-04-29 08:00:00,314.28,0.0,90.44,223.84,84.88,138.96
2026-04-29 09:00:00,541.5,0.0,461.26,80.24,114.05,-33.82
2026-04-29 10:00:00,722.1,0.0,623.0,99.1,88.03,11.07
2026-04-29 11:00:00,849.26,0.0,734.39,114.86,49.08,65.78
2026-04-29 12:00:00,720.45,0.0,590.23,130.22,0.38,129.84
2026-04-29 13:00:00,594.82,0.0,461.55,133.28,3.21,130.06
2026-04-29 14:00:00,554.68,0.0,427.84,126.84,11.1,115.73
2026-04-29 15:00:00,614.51,0.0,496.53,117.99,11.51,106.48
2026-04-29 16:00:00,690.69,0.0,583.69,107.0,12.02,94.98
2026-04-29 17:00:00,563.75,0.0,473.84,89.91,1.3,88.61
2026-04-29 18:00:00,448.09,0.0,387.93,60.16,0.0,60.16
2026-04-29 19:00:00,261.16,0.0,63.6,197.56,0.0,197.56
2026-04-29 20:00:00,72.11,265.58,0.0,337.69,0.0,337.69
2026-04-29 21:00:00,1.42,364.9,0.0,366.32,0.0,366.32
2026-04-29 22:00:00,0.0,390.06,0.0,390.06,0.0,390.06
2026-04-29 23:00:00,0.0,355.08,0.0,355.08,0.0,355.08
2026-04-30 00:00:00,0.0,360.08,0.0,360.08,0.0,360.08
2026-04-30 01:00:00,0.0,340.7,0.0,340.7,0.0,340.7
2026-04-30 02:00:00,0.0,337.58,0.0,337.58,0.0,337.58
2026-04-30 03:00:00,0.0,358.81,0.0,358.81,0.0,358.81
2026-04-30 04:00:00,0.0,344.45,0.0,344.45,0.0,344.45
2026-04-30 05:00:00,0.0,385.08,0.0,385.08,1.95,383.12
2026-04-30 06:00:00,5.51,338.2,0.0,343.71,12.99,330.72
2026-04-30 07:00:00,88.0,166.68,0.0,254.69,26.43,228.26
2026-04-30 08:00:00,257.69,0.0,37.0,220.69,103.84,116.84
2026-04-30 09:00:00,422.44,0.0,332.89,89.55,155.96,-66.41
2026-04-30 10:00:00,415.95,0.0,323.29,92.66,128.73,-36.07
2026-04-30 11:00:00,509.75,0.0,397.94,111.81,98.06,13.76
2026-04-30 12:00:00,545.24,0.0,429.17,116.08,66.16,49.91
2026-04-30 13:00:00,466.45,0.0,336.82,129.62,29.13,100.49
2026-04-30 14:00:00,753.56,0.0,624.97,128.59,27.41,101.18
2026-04-30 15:00:00,657.06,0.0,536.32,120.74,0.0,120.74
2026-04-30 16:00:00,446.81,0.0,341.81,105.0,0.0,105.0
2026-04-30 17:00:00,326.19,0.0,243.53,82.66,0.44,82.23
2026-04-30 18:00:00,137.21,0.0,203.12,-65.91,0.0,-65.91
2026-04-30 19:00:00,99.27,0.0,46.17,53.1,0.0,53.1
2026-04-30 20:00:00,16.1,121.28,0.0,137.38,0.0,137.38
2026-04-30 21:00:00,0.3,72.91,0.0,73.21,0.0,73.21
2026-04-30 22:00:00,0.0,71.35,0.0,71.35,0.0,71.35
2026-04-30 23:00:00,0.0,62.59,0.0,62.59,0.0,62.59
